wind_mw,solar_mw,storage_mwh,import_mw,demand_mult,unserved_mwh,curtailment_mwh,renewable_share_pct,operational_cost_eur,capex_eur,total_cost_eur
1613.6983612391837,1593.1287362999499,1717.1958398227648,697.368029059364,0.9565064087325897,0.0,57752.6,35.67,202622113.0,153399398.0,356021512.0
2034.172603162636,2762.937118224981,1572.1286105539077,128.1136326755459,1.1702315627373403,0.0,344509.1,40.38,229712801.0,246090896.0,475803697.0
773.1138805249319,3364.1569095204245,1287.730240161329,822.76161327083,1.1660485192963987,0.0,504344.2,31.39,263465887.0,151413855.0,414879742.0
473.7927349212598,2013.1427768674803,127.63451220835064,827.631171992582,1.2789986394732389,0.0,17770.9,19.92,337838703.0,43578448.0,381417151.0
1580.6129380780044,1286.9292643114222,1941.3960487898066,893.1211213221977,1.3670300982442571,0.0,0.0,22.94,347850952.0,141619724.0,489470675.0
405.8217058713524,1694.197243529134,87.60753157445755,154.28949206754783,1.3098293719454728,9115.2,820.3,16.57,360391591.0,26580582.0,386972173.0
1552.8290950677988,3512.0603287361823,651.6507162763039,370.4597060348689,1.1817334867654847,0.0,637658.7,38.56,239061917.0,212294849.0,451356766.0
395.0477836907357,471.61506436776205,951.4098524518674,226.90934905088412,1.3018883968095063,3565.2,0.0,7.17,398930997.0,27498300.0,426429297.0
911.4617508488096,3022.62185168995,1400.5302040044983,312.36664138204105,1.3993558808371207,3357.5,198348.9,27.52,335467800.0,150472108.0,485939908.0
1677.9336853808318,1406.5465158795332,576.6562078604882,682.4955039749755,0.9838514901655859,0.0,25099.8,33.94,213976361.0,117092763.0,331069123.0
416.80860216060086,26.72503919615001,1573.8487550042769,664.8508565920322,1.323099227175801,0.0,0.0,3.88,420466630.0,45488457.0,465955086.0
1627.8200296808031,1665.864265204174,1137.4823919057874,139.79699812765745,0.9687180441215841,0.0,69489.3,35.99,204159502.0,141559215.0,345718716.0
1393.6201753331334,1710.079228299571,1130.4722129623776,764.9988574160255,1.2808309920003544,0.0,8302.5,26.01,312336149.0,121950442.0,434286591.0
1154.2130503719213,2029.921993505851,607.9001961252244,30.817834567939407,1.1620304335394174,687.1,59647.9,28.48,273609926.0,100649767.0,374259694.0
447.4090428287184,1482.9589767204293,1706.8061465363323,233.93948586534074,0.9349816450134396,0.0,14926.4,21.28,242335561.0,62888260.0,305223821.0
586.6854148658628,1065.7453406930615,1323.83302945379,557.0321523412783,1.370338925463848,0.0,0.0,12.79,395564618.0,38262331.0,433826949.0
1385.093731582603,1475.184307027456,1628.0407693320692,166.9729199077039,0.9136272438803164,0.0,40819.6,33.35,200512016.0,123878586.0,324390602.0
187.74978971721305,2622.1644426651146,923.7544605027748,161.2717790336018,1.2006268650620182,456.4,152548.9,22.15,307871728.0,96836561.0,404708289.0
317.5707341569562,2527.6429615321817,892.3125511480614,381.02122609648245,1.0809072534887258,0.0,197386.7,24.63,268216087.0,91233234.0,359449321.0
1314.1392066528824,1313.3797763088073,175.299838632202,118.00590212051532,1.4771385987297088,77814.5,0.0,19.3,391191772.0,67309453.0,458501225.0
1894.3907401253607,2539.9368957330207,531.7399229190391,969.1763773477239,1.3672505423794767,0.0,124902.9,33.69,299264583.0,192051952.0,491316535.0
1494.7160443965058,1631.182252781953,544.483123690318,96.39096215349929,1.441561437926305,55638.7,1128.0,23.44,362237045.0,110420130.0,472657175.0
950.293564303079,734.579014206686,611.913248301305,579.219568941896,1.006063669763539,0.0,0.0,18.35,270428775.0,41233754.0,311662529.0
1786.040782332603,2753.4258933018127,1438.9259119018736,432.0930397751037,1.276385304421466,0.0,237196.6,35.7,270420396.0,218881358.0,489301754.0
1217.8442651830537,2358.9431636439967,168.88864227977817,415.80740217060963,0.9249685043171355,0.0,313801.4,36.81,192437301.0,110171785.0,302609086.0
1029.970858124822,1197.3962007680107,289.0483777320938,103.40296772255164,1.2525867433066273,3743.7,0.0,19.18,333369447.0,39251382.0,372620828.0
355.68633939940753,3358.1860297077737,1162.12227940079,346.86980453483704,1.2545492948888501,0.0,389525.9,26.35,304581201.0,140281810.0,444863011.0
47.546071096919285,3479.5699440664466,964.6068738858005,782.7352272502862,0.9496379999534632,0.0,729782.0,27.94,225303152.0,140601825.0,365904978.0
1014.6826197975644,1781.2663895069109,1875.6529099499658,571.7280523760754,1.1840936406341722,0.0,16569.0,24.91,292813144.0,112071283.0,404884427.0
556.644257546598,1203.5954603534644,1041.3448049430756,438.91146030504666,0.9129672479281983,0.0,1631.9,20.31,239550221.0,30097662.0,269647883.0
1722.818661945236,3253.063601778353,280.49817799722155,554.0361435390494,0.9651454446812662,0.0,787094.0,44.71,175688046.0,204383557.0,380071603.0
1401.6205939880074,1020.8786353356002,1318.8452693838035,726.9946142868827,1.3611884951505941,0.0,0.0,19.55,361686283.0,103295579.0,464981862.0
224.63987231804433,3325.1229978495167,460.42798178976165,37.41255617617978,1.23291148163489,10041.6,384980.9,25.34,302748412.0,118358827.0,421107239.0
773.3729618531848,3012.1367675706597,1616.5029441286035,317.1388928227153,1.471739637041847,12642.0,149317.9,25.4,364347400.0,143456480.0,507803880.0
606.5636925221473,1869.6573791111239,511.9301811352055,936.0435700489634,0.9987646905492109,0.0,64151.0,25.06,246407115.0,47559176.0,293966291.0
93.63864143300594,1579.4023278110278,1984.751128111674,891.677266254914,1.3491648116741695,0.0,0.0,12.53,390968592.0,75711641.0,466680233.0
1857.3023434817244,3243.2113021032433,1037.716720772898,315.929051830793,1.3632074592665928,457.0,367139.0,36.48,285734772.0,238184407.0,523919179.0
1379.563733704782,1356.3775558115676,188.93333612303053,746.789611349026,1.0574763095537187,0.0,7779.0,28.0,250650720.0,75873697.0,326524417.0
1953.2554188629297,874.7231872706357,245.51586482297205,831.1126721249061,0.9919705899746964,0.0,3040.3,31.81,222699186.0,123155276.0,345854462.0
373.774422508886,2175.759533220662,1749.124081674929,196.43466571457324,1.086194203740057,0.0,92261.4,23.05,275206208.0,98520493.0,373726701.0
1620.8890877328552,3527.7299266013115,1001.4823724046846,143.89750255125077,0.9083617726249209,0.0,1018382.6,46.13,161126071.0,229461912.0,390587983.0
478.8328225476132,478.51465056507135,1355.317347225715,121.83250462853113,1.2037979589723797,1222.5,0.0,8.63,362258502.0,39172312.0,401430814.0
1447.5371783154183,2109.4532914718757,399.5513033201152,804.1245261822627,1.329244277769481,0.0,38394.0,28.27,314556066.0,125633671.0,440189738.0
1540.7816481639045,475.7396381530471,247.50760730068922,927.5625510065076,1.1385469162949644,0.0,0.0,20.0,299861791.0,85167007.0,385028798.0
627.4780223632594,1773.5600846260659,1325.7284255271647,955.6232570469699,1.071867736129233,0.0,27873.7,23.1,271402273.0,66307294.0,337709567.0
1928.2255751155765,90.23995373211042,1110.3960846536493,633.9751116810851,0.963538442250452,0.0,0.0,24.33,240038903.0,145843930.0,385882833.0
292.60805987825785,1521.3849791181829,1932.4638242863634,596.0425532343728,1.4598139329601267,187.9,0.0,12.78,424573947.0,71318866.0,495892813.0
1677.092509053044,1696.595213645708,1569.526898504375,17.836783976987736,0.965486398059441,0.0,80149.4,36.89,200620923.0,160117572.0,360738495.0
1729.3586620305052,2892.4460306203373,465.2814839328674,530.7695905990535,1.2636094924200065,0.0,295653.3,36.08,266107043.0,192416836.0,458523879.0
1809.2357186229833,2189.278981139574,825.1431385473606,374.1840434071827,1.155529251824106,0.0,127750.0,35.93,243756638.0,175261519.0,419018158.0
1359.2761883342462,3148.9909932609394,907.7937641525995,247.83956295135812,1.0419974177985487,0.0,587987.4,38.66,210457723.0,183812638.0,394270361.0
1555.4397743075858,2964.1446112287945,210.55615970824994,66.55885695517816,1.2566601982538712,4095.9,316501.3,35.03,268737189.0,172573659.0,441310848.0
304.77121414177594,2993.531011356519,620.6693478481488,143.87193297114266,1.45258228349247,81347.1,137448.1,21.94,372877237.0,106521147.0,479398384.0
345.133641903055,1033.533898886706,307.2267903841173,115.49006366535497,0.9126888098018641,0.0,0.0,15.76,253119528.0,8879680.0,261999207.0
115.49942810748233,633.9485394971452,106.76386525435078,591.1438161109712,1.308428716079704,0.0,0.0,5.88,407237526.0,3085763.0,410323288.0
820.7195024947789,1154.3076819359394,1009.0524740444602,875.0049422346085,1.4106789760933236,0.0,0.0,14.99,397421710.0,40760467.0,438182177.0
90.6455042966712,658.8392268353824,473.48974220879205,249.38757583221184,1.2427395910456636,373.7,0.0,6.16,384637650.0,13685125.0,398322776.0
867.9071575911559,178.79245533716616,747.2282769191431,523.7529487176372,0.9610031417422296,0.0,0.0,12.42,277087777.0,37545548.0,314633326.0
1737.761084649147,188.62157526832846,1849.6837380361242,99.1131415798755,1.4061449709586515,42904.8,0.0,15.79,389054980.0,149643229.0,538698209.0
1882.0318050890817,3555.8415705293314,1604.051760547187,779.4775407713289,1.2854899655973286,0.0,581915.2,39.31,257055070.0,272361332.0,529416402.0
1624.207399295399,488.42451653972387,1072.1360718952747,514.2228701904145,1.4145432864735346,5.0,0.0,16.88,389032220.0,116696025.0,505728246.0
964.9366772624805,1397.8748708442831,1279.1265424742203,266.4633175008461,0.9838610465723742,0.0,10150.6,25.57,241118163.0,71199794.0,312317957.0
996.37411633951,1513.3084079994326,465.1398810577474,367.511810115128,1.1198354698957484,0.0,6141.7,23.87,280697541.0,56306330.0,337003872.0
682.8282518001573,1377.4546094087523,1371.4866909118907,296.8764745712853,1.4693147560292044,20800.1,0.0,14.82,415306366.0,47956571.0,463262937.0
1910.585620737101,1745.7048547292852,656.7224100093775,535.4347898300032,1.4091362932641749,0.0,8102.5,28.18,334500079.0,157711168.0,492211247.0
1360.6446050678128,2919.942335447891,1065.4445521314803,632.9176292676208,1.072893368509477,0.0,442550.1,37.07,222313521.0,177119294.0,399432815.0
1532.2522434169564,734.7286730463576,1389.5962576369964,860.7190683258941,0.9792617023809264,0.0,0.0,25.8,239211038.0,117389700.0,356600738.0
1280.9817590299028,345.19756607466263,1451.4312565428538,84.49321882352024,1.4615638936203756,101472.5,0.0,12.61,417932514.0,96000162.0,513932676.0
286.4955341288175,3480.7352926499616,1601.7683521701933,593.6820044663541,1.3695744627777282,0.0,343299.4,24.85,340894491.0,159075382.0,499969873.0
1657.814439279734,3434.078238026909,506.7667076783744,590.0758953583091,0.9570295185386407,0.0,894993.5,44.82,173870099.0,213917856.0,387787955.0
1284.7054845502928,621.7874338568233,1129.9012229448838,572.4305140338497,1.1795910917887364,0.0,0.0,18.01,318452053.0,87050550.0,405502602.0
1089.687251944861,2773.041905723914,1598.4894330241332,492.1532155754291,1.2597560649135673,0.0,210260.9,30.13,290047183.0,160237043.0,450284226.0
1941.6275514138624,434.6329262590758,234.20713180022102,87.70901191076841,1.2947179710243166,9079.0,0.0,20.89,337118709.0,121755890.0,458874599.0
872.7983071479412,2810.786740594891,1342.462826617185,333.6377583282382,1.4390199284169216,5628.6,117033.3,25.66,354534737.0,134706404.0,489241141.0
1589.87952664231,982.0418355039378,728.384035544108,314.4399802042629,0.9945669891749999,0.0,1718.4,28.55,233955481.0,103594327.0,337549808.0
308.1283317504696,3398.1426920539507,875.8080743975065,383.31982277740985,1.3378114252064268,315.8,337607.9,25.06,331474974.0,133991077.0,465466051.0
1152.9905410522963,3398.188152223618,1560.6029878187844,479.3695641245404,1.1258156840884959,0.0,598232.9,35.74,238198911.0,196029968.0,434228878.0
2057.1267711672112,2605.4696566932257,1902.3893200076823,118.47857721704136,1.4103202075144696,21598.3,128228.4,34.45,304161586.0,249932677.0,554094263.0
1328.2990481216677,442.57569235645866,1176.5159999384414,686.0963651054489,0.9073816115331618,0.0,0.0,22.0,233021280.0,92418834.0,325440114.0
947.2529504400416,2996.200225642646,590.7180506881797,458.5480817985511,1.1653884762407358,0.0,356644.9,31.53,262754001.0,129055402.0,391809403.0
629.5186111575949,3333.944080721462,1562.5880708630318,110.5884109961105,1.4982207947025439,121828.0,223684.4,25.38,365525812.0,150652329.0,516178141.0
1833.132050681649,1030.5876294464615,1673.7931593218764,106.41953187138287,1.4994628382845432,84027.3,0.0,21.17,387373700.0,153356364.0,540730064.0
1387.9526747821294,2359.953806478433,180.8814539682655,897.0333988966253,0.9173997019226817,0.0,337304.9,38.98,184306471.0,126259097.0,310565568.0
502.1265010157916,519.1694068548851,1553.535881384437,198.20422721289788,1.4463829362785312,56038.0,0.0,7.65,441225176.0,44901360.0,486126536.0
1368.320946997817,131.27063909574727,10.859668257400923,51.657917014398926,1.2635551065886366,12110.1,0.0,13.7,358709529.0,62419782.0,421129311.0
1671.0895756418809,865.9467388774201,1698.8176858461459,57.23194015326038,1.3805783121850057,40925.7,0.0,20.43,360459749.0,139133135.0,499592884.0
1934.4534719092046,2802.7534887489014,1396.2415679572744,837.980218655383,0.9240907797282398,0.0,616967.1,46.73,162090051.0,233786924.0,395876975.0
420.7157008492305,453.47295587948435,1009.061980385973,745.1881283288445,1.2780071067458392,0.0,0.0,7.4,390516380.0,29164602.0,419680982.0
1774.6083430036344,563.4231625611599,1469.242183870323,193.0414908689041,1.0624552507906802,0.0,0.0,24.83,262915591.0,142046170.0,404961761.0
1480.1512938315186,3558.143369182215,1223.087211954139,54.500314991295596,1.2697853819565197,5894.7,558781.7,36.34,265990309.0,224396023.0,490386332.0
88.30090004464839,3209.4489322615464,1419.1565702012415,173.12784642250324,0.9550326034945189,0.0,585088.5,27.29,228637184.0,140323508.0,368960691.0
382.66678221546505,3557.498661781719,917.1212849169797,784.080948341408,1.2818450052646662,0.0,453118.8,26.99,308720172.0,143099828.0,451820000.0
1193.481417663759,526.8228244341304,1892.04890711619,301.34263251471793,1.2468103294845254,0.0,0.0,15.42,347460554.0,100664322.0,448124876.0
1459.032844468203,2356.716353540471,1881.188819391037,148.438989920058,1.2050116430681652,140.6,130856.8,32.42,268200860.0,181798061.0,449998920.0
842.4117046944971,1721.2324880219037,238.43505239548924,134.09460987276535,1.0668453274687544,0.0,27303.9,25.08,263159191.0,45879644.0,309038835.0
635.3090988413333,1553.2886656633004,1221.9750940732565,634.629117418263,1.1470865379513422,0.0,2381.9,20.01,302135449.0,52368385.0,354503834.0
852.3127831588334,789.991551909972,1176.6124968180166,317.0409113172379,0.9216359005664182,0.0,0.0,19.39,244577123.0,48517509.0,293094632.0
872.3640920670539,1721.1016105773183,451.185736408422,572.4579331221157,1.2394631402591525,0.0,6645.9,22.07,318255354.0,54784964.0,373040318.0
1463.6745476151243,2352.0529903903926,1304.866113042063,316.2141518240431,1.3724593331915722,949.9,64544.0,29.06,321511441.0,165337315.0,486848756.0
1144.9660398053315,1566.0480485030012,1252.0249618821142,360.65733445025427,1.207643546764055,0.0,3877.5,24.03,302177494.0,95374679.0,397552172.0
1536.0313604854293,3217.642478807059,1842.1143945903832,503.6329251830992,1.2121650688443415,0.0,460914.7,36.77,252423785.0,230530286.0,482954071.0
1667.729806442599,1141.4560110314505,1674.7647246901372,494.14164651742345,0.969514034601161,0.0,7566.4,31.8,217707952.0,138128041.0,355835992.0
150.2433216470876,3056.435356073251,111.1358338137558,280.6114361336559,1.1004780243009276,0.0,377456.4,25.24,270865647.0,94918512.0,365784160.0
360.6934182244731,1139.432932381221,1485.3851334501712,14.682843560070769,1.396304054712412,146971.7,0.0,11.19,402662898.0,42931621.0,445594518.0
1785.9026291529538,1351.30951068532,307.2257981212696,600.8404079450809,0.9718035335189367,0.0,24286.4,35.1,207638537.0,116520920.0,324159457.0
760.8568678481565,3479.09792667053,1990.9289451672742,772.1048913545856,1.0865769059524597,0.0,642193.0,33.07,239468856.0,176316365.0,415785221.0
1433.7816275113028,2560.625106706966,775.6833903272995,640.8886345861594,0.9064365869854057,0.0,449087.8,40.76,176800384.0,157644336.0,334444720.0
435.88521818567347,1906.070539771158,327.50260851659175,165.90686787653362,1.4017825743301429,34782.7,2456.4,17.23,382838324.0,44037246.0,426875569.0
2062.3423105953175,2018.1690237432676,1678.1394617634269,990.3216643262725,0.9849575331412649,0.0,197770.5,42.55,186311193.0,214763029.0,401074222.0
934.592103635322,1425.0389585061691,160.09856729237003,755.3301727947445,1.1602674163935558,0.0,1478.5,21.7,299140697.0,37407101.0,336547798.0
978.5466577869867,546.9428949420619,361.85330446173623,907.103622156215,0.9267894533845673,0.0,0.0,18.25,249429003.0,36612364.0,286041367.0
485.49701410762754,1060.175369041738,980.3950848031728,586.445173014796,1.1959739855104,0.0,0.0,13.62,340257815.0,28336052.0,368593867.0
175.38047255109902,884.5128582222402,1687.1767695250824,637.588700478459,1.2894894300805646,0.0,0.0,8.46,389867759.0,48763941.0,438631700.0
1397.373787407575,2769.3379591134903,116.21696344289467,366.6083849326124,1.2237164611570073,0.0,254233.6,33.49,268084256.0,145591874.0,413676131.0
705.6817676749248,3065.458310032487,965.1450171745879,768.6275894593791,1.4112093101287013,0.0,194783.5,25.92,346464745.0,121035079.0,467499825.0
1052.4902418537936,3301.674645253,1174.2478810739613,850.2742988337218,1.1043544773549145,0.0,563473.8,34.88,236784327.0,170799792.0,407584118.0
1040.0333585381468,1929.022078846617,209.95943179214117,398.5525067015406,1.4504026035310056,2655.4,4792.0,21.66,376907017.0,73605114.0,450512131.0
1315.285221160488,644.348894246192,677.71127121921,191.60300966269983,0.9148938790791435,0.0,0.0,23.86,229343353.0,76801665.0,306145019.0
1933.7550559808956,1626.9926015724434,615.0701448415723,598.4771915577365,0.9043886737758094,0.0,108426.1,41.55,174037194.0,152748364.0,326785558.0
579.6760922626969,2552.01148048698,1267.539546138526,981.8059475425355,1.2722146257948264,0.0,114262.2,24.32,317417568.0,103288606.0,420706174.0
995.5997465138229,2764.000204357948,1806.6557439281062,720.6959467183516,1.4779267341296278,0.0,95215.5,25.82,364385238.0,157126075.0,521511313.0
1630.4807809890995,3146.489220890793,228.20814236727438,732.4135029937877,1.164053219716421,0.0,485699.6,38.37,236202673.0,189061955.0,425264628.0
1153.2214280275089,2374.391746420955,1939.6302334111388,984.5780814316246,1.0729369472927432,0.0,197601.7,32.49,238514533.0,156157560.0,394672093.0
1529.8760421580553,2722.440242705025,692.9857226260976,123.86977486422101,0.9245681761714318,0.0,522042.0,41.97,176653571.0,172154554.0,348808124.0
1620.7604208983373,1777.6100627953683,1971.0803389898524,464.973456193653,1.486750187444304,1223.2,1755.7,24.7,371445902.0,170551317.0,541997219.0
858.1359645746148,2881.0662065327006,169.63854462366413,555.4617101377639,1.3812358721914344,0.0,164527.1,26.7,334895370.0,102946754.0,437842124.0
1928.002976153468,2985.9766189412767,73.94145440234846,372.7023413067342,0.9292190833883108,0.0,712458.7,47.12,161780642.0,204074009.0,365854651.0
227.85357697385345,2451.3594320629672,1426.5163926233963,773.7206827516263,1.4192739288333978,0.0,37867.0,18.85,382979735.0,102884407.0,485864142.0
1541.714611773523,2907.1638793470743,97.92741964655849,234.53515044129858,1.2731386640251474,194.8,280591.4,34.34,275433384.0,165222356.0,440655740.0
1789.1912601427564,16.335453530962614,1029.2586842326996,677.2873993643972,0.917764373477168,0.0,0.0,22.97,232756000.0,130674567.0,363430567.0
836.8263374988138,3251.1546194228195,1343.2256177117174,237.65836336059732,1.4116686777791476,11353.4,261868.6,27.74,337210609.0,153282089.0,490492698.0
725.6455178088373,3097.6411562529356,597.887302237811,590.320250883149,1.1381640406487006,0.0,406252.1,30.37,260938295.0,113860181.0,374798476.0
573.0102308243147,3218.203950683885,375.18736387898264,84.81159123576309,1.1051561631273963,4.2,478745.1,29.96,254851358.0,110584826.0,365436184.0
1496.2776228326684,2930.9767296939026,1997.4867401335296,296.3620570111649,1.1447651706787694,0.0,390942.7,36.77,238347920.0,217116403.0,455464323.0
285.2723646917708,2086.785104531612,1995.1600745258345,700.8810101206585,1.2571277042480231,0.0,23767.2,19.05,335525901.0,101212526.0,436738427.0
818.0895587419406,3322.534499836564,993.8331922606989,134.3669133130615,1.1192270779194802,0.0,535445.8,32.46,248890654.0,145000667.0,393891322.0
140.04250454759398,733.1839068102771,35.33756199982441,453.27991650016344,1.2807241589710783,0.0,0.0,7.01,393312628.0,1021350.0,394333979.0
715.7647840600226,1525.985830564156,1918.4185456891519,751.9631215749155,1.2245139821669708,0.0,0.0,19.31,325489695.0,73056735.0,398546430.0
593.2677246081556,3256.0983795459724,470.19423376131897,325.3427305166771,1.445438888653769,8391.4,230634.6,25.42,357757850.0,115212872.0,472970722.0
1104.0951852693759,2694.614156387255,1181.4895883275321,653.4392090094951,1.0796299749088953,0.0,313949.2,33.41,236690919.0,145618340.0,382309259.0
503.26074849159215,1170.6472202222549,310.8831281668449,874.3143652908075,1.0699481599500684,0.0,0.0,16.45,294281767.0,8985358.0,303267124.0
1170.705387353992,2874.8671632631876,1567.648218751427,438.3862585841929,1.1857543851520354,0.0,306365.7,32.68,262879073.0,171875942.0,434755015.0
2073.9531465295267,2448.788841433857,1629.2768862357655,902.5539692192319,1.3725539017376036,0.0,107285.2,34.58,296353117.0,235809206.0,532162323.0
386.0989342281884,2040.6797634673871,203.78831462908974,652.9221265639984,1.4732096569126867,44.0,3348.4,16.91,408331651.0,47147169.0,455478820.0
1069.046354065732,1571.6901491099948,71.68550283632635,959.7745223292203,0.9618016104780953,0.0,34968.6,28.91,225088858.0,54537227.0,279626085.0
85.64990954060586,893.2217997629266,131.06086783676486,455.11784241176235,1.2096526807542674,0.0,0.0,8.22,365865186.0,3788011.0,369653197.0
651.7083437245975,184.9865517468364,223.2007364984534,384.5043779899281,0.9363170704959217,0.0,0.0,10.11,277076156.0,6451101.0,283527257.0
1455.7255778966696,751.4845657350675,604.143137567277,394.1257771780975,1.1499657798414886,0.0,0.0,21.34,297801396.0,87629313.0,385430709.0
3.46257550195911,406.81544672527207,1725.5291274817562,1.233062511908134,1.204900413487725,20950.4,0.0,3.41,382271636.0,49872427.0,432144063.0
1020.6116835675289,1209.1318044686152,862.6540402928993,780.5811375265843,1.4047222237289738,0.0,0.0,17.11,385513173.0,54966853.0,440480025.0
542.8267130207963,1170.6403007128592,484.96570605666545,479.8634005510651,1.3099550145952878,0.0,0.0,13.79,372884133.0,14016812.0,386900945.0
475.9072453412318,1200.570743659166,1860.769235178301,48.56928984695807,1.1764617631437397,2003.6,0.0,14.95,329364805.0,53781229.0,383146034.0
1483.5985167292818,546.1480619536309,94.7480400109637,138.20537163853075,1.4512939161184097,53269.0,0.0,15.72,402364294.0,75477376.0,477841670.0
19.306645097042317,683.6087685652071,62.5670258032891,110.62946756220326,1.2720895719769778,14790.5,0.0,5.56,395912219.0,1808355.0,397720574.0
503.81712472099383,2066.239743063357,1180.3907655322523,849.4353330897791,0.9028448357471244,0.0,162386.3,27.26,216243368.0,76643084.0,292886452.0
1779.2753227288347,2247.402283729916,325.48697220991517,772.937388135284,1.4132949250743514,0.0,47491.9,30.23,326016505.0,160943415.0,486959920.0
530.139363627418,3335.2210616767316,908.9148605973156,603.4244543333215,1.4907897201705862,310.6,224895.0,24.73,374294269.0,131822841.0,506117110.0
753.8027239627306,2951.7684253270095,636.7982356569192,799.213522241491,1.2604403513175855,0.0,253548.2,28.0,299100294.0,110336962.0,409437256.0
451.10162454496196,1502.914720454928,635.2712687271234,78.10839308036388,0.9179008620598185,0.0,20543.8,21.87,236116624.0,32909160.0,269025783.0
722.4079965239722,69.09395657747629,330.9755151635501,725.1833208508688,1.3248547414101528,0.0,0.0,6.9,407536262.0,12094146.0,419630408.0
1539.9401057636428,1151.266011201823,1780.0389142353908,593.8305480284475,0.975615805047976,0.0,5756.2,30.2,224240517.0,129383656.0,353624174.0
299.65340913478866,2515.9363997548166,345.88787288415614,507.2927015820433,1.4950646855572263,2654.9,33339.8,18.92,405168717.0,74858666.0,480027383.0
8.355855869012853,60.18468088813163,1986.169163861013,584.6388341341656,0.9761459853111079,0.0,0.0,0.72,319060511.0,57405624.0,376466135.0
1870.8750864872852,3195.780489463523,1072.4008262227505,621.7920298607565,1.0639123149005258,0.0,647168.5,43.24,198813061.0,238083063.0,436896124.0
105.33356693563074,2158.2804202738375,589.510386405526,663.6210466603519,1.4017471061055606,0.0,10625.8,16.21,390468366.0,64136412.0,454604778.0
37.86473406144906,2162.4410021091903,462.5610793737045,873.8884979038014,1.052198703937097,0.0,92434.0,19.93,277361587.0,60673878.0,338035466.0
1273.4557277958472,2009.3532495252896,792.3330001184978,677.620763599794,1.3354617808292604,0.0,22116.9,26.01,326073281.0,115957518.0,442030799.0
1182.0653032409216,2753.0727209806573,1966.8341519858752,419.27238790080514,1.2087498311313185,0.0,242415.3,31.8,271512600.0,178412176.0,449924776.0
25.9996955074296,2889.5836594066736,1040.4601340919876,407.9614303605652,0.9564431778536375,0.0,422926.2,25.2,235550837.0,113491504.0,349042341.0
1854.9336391932034,1433.87628134722,1365.1631964184407,149.37415636815078,1.4769297777246195,46447.5,0.0,24.4,367381717.0,157566269.0,524947985.0
372.0510733985175,724.3374342251501,1717.9657211154276,912.5827441419312,1.027288444513981,0.0,0.0,11.29,300005857.0,49653824.0,349659681.0
979.5348518445162,2662.5865035630723,1756.7314676216033,379.0526950373052,1.2102116921096575,0.0,197525.3,29.51,280991233.0,149164447.0,430155679.0
1546.4787159336472,2654.0235952496473,1565.9202600521699,569.9338186415264,0.9627690580828652,0.0,446817.6,40.74,187854302.0,195518077.0,383372379.0
1884.7843114807135,3142.028317735332,1596.194871636666,99.8624771607295,1.0226384202488576,0.0,670525.5,44.34,187405968.0,251835386.0,439241354.0
1550.4067612494543,83.99854333246556,1958.4492674145592,377.1446803556807,1.3315875202144942,24.6,0.0,14.24,376857021.0,135505620.0,512362641.0
1850.5857194975704,1432.5064939847987,638.2649771993321,608.7411288982468,1.2485936242488305,0.0,5161.9,28.76,293008929.0,136087881.0,429096809.0
853.056853347702,2184.4423637997816,1870.7627391329895,467.64025662659645,1.0180453084503789,0.0,150202.2,29.49,236358983.0,117046303.0,353405287.0
786.4744743110631,1430.6083468130205,262.21738605243974,162.8715005545549,1.3107372440362064,6301.5,0.0,17.94,354593900.0,26973120.0,381567020.0
707.8111175255622,3466.281162436582,487.19349071721484,98.92450510482232,1.3521027378001547,22760.7,380631.4,28.37,318683595.0,127324960.0,446008555.0
1836.9601682487591,1009.551485443501,404.1762032909559,185.76613487108716,1.2132073808199073,10.9,12.6,26.03,295543968.0,117014122.0,412558090.0
976.6486969995175,941.7666186719592,90.34623397885278,481.4913403262807,1.475599408581365,1334.7,0.0,14.13,421298585.0,28590016.0,449888601.0
1360.5025335693028,1798.6888005618848,221.38414805923225,252.43629054958728,1.0768643697447255,0.0,50146.5,30.93,244880209.0,97021591.0,341901800.0
1594.6154071860835,3182.460194070568,1803.283707132877,984.5686082507541,1.4894200098627195,0.0,230135.9,32.03,335898254.0,233064273.0,568962527.0
1987.0031918212412,260.7143700254703,275.58707185561036,304.46652647603287,1.2317389524386768,0.0,0.0,20.98,320635410.0,127137248.0,447772658.0
202.19889795092433,3070.242956821777,1233.5123581546181,542.364402302205,0.9991867940203747,0.0,480761.0,27.29,239203391.0,128043987.0,367247378.0
528.0376641244114,581.9326506855967,1703.8663155895972,584.2278600612182,1.3410776565117801,0.0,0.0,8.95,403769553.0,49246314.0,453015867.0
617.2285191674036,1347.647072630446,809.7099288530676,760.0149717440348,1.3634117926047409,0.0,0.0,15.19,382557619.0,30239271.0,412796890.0
431.2062048667561,3417.7860499592994,241.31067488737278,896.1220824236303,0.9602373873898856,0.0,724808.4,31.72,215853005.0,116628019.0,332481024.0
551.5655062504836,3072.717085926684,358.9841446921749,413.5679313099698,1.1699155799664758,0.0,355298.8,28.12,276919514.0,102890654.0,379810168.0
511.3649587533921,2578.190080849631,1702.6692988044076,874.5751398555718,1.1035932874419365,0.0,210363.4,26.49,267095753.0,117165230.0,384260984.0
1106.823072090093,901.7152460323149,489.59300310029084,161.25406285192412,1.464011406484509,58200.7,0.0,15.0,409784562.0,52136370.0,461920932.0
1851.4567076426342,2821.812129379523,1035.323042575458,490.6079155118719,1.2178473997094987,0.0,312735.6,37.85,249265964.0,216646518.0,465912481.0
1118.7443083082312,1577.463997452616,263.50966578413494,125.66385286853598,1.47134982950741,74613.3,0.0,19.62,388373627.0,64952279.0,453325906.0
1005.0341337375409,3460.136055405836,327.15375542021997,554.4165520399335,1.0246303520109237,0.0,733562.5,36.58,213926056.0,149809489.0,363735545.0
527.8899037739642,109.09812090307899,237.90662148042264,916.8484076291958,1.092919794889399,0.0,0.0,6.65,335903367.0,6876140.0,342779508.0
1267.9494068419235,1688.001299121061,800.9024904905566,531.8860913460682,1.012343366769205,0.0,46032.9,30.79,230695827.0,99736809.0,330432636.0
2061.239128413317,2970.4575633950226,1483.2292654630305,468.75929701395245,0.9917262732758017,0.0,639634.7,46.45,174857437.0,256324894.0,431182330.0
1919.5883145003888,1239.2350545956713,100.21337939386754,342.40367681062867,1.3766742182975307,379.4,405.9,25.31,339548438.0,117302260.0,456850698.0
1298.3477333004141,2725.5440626238405,1587.270767724755,211.95461108054258,1.4542699896559081,22385.4,106037.9,28.32,344258055.0,176800197.0,521058252.0
913.2083220889768,2319.6195468289175,4.617545173484006,993.368498411178,1.068537831578493,0.0,168208.7,29.82,246896418.0,75371765.0,322268183.0
129.40157713622366,1663.4912107775456,258.0601143640835,152.32671015757572,1.279369687818126,6572.7,209.1,14.2,362009557.0,29982052.0,391991608.0
819.2536114239364,3346.324394062632,638.3129892161401,726.1801283839011,1.1766596580929445,0.0,490579.1,31.55,265225955.0,136014115.0,401240070.0
1375.9984628545462,2176.894144879045,945.5679455179963,950.0610946244371,1.1056281856529735,0.0,127137.6,32.87,244378600.0,138165983.0,382544583.0
369.5360201047333,2461.4814409937767,1692.0151226158175,40.25373993992376,1.1697796130536084,1922.1,128841.3,23.43,294889609.0,111060761.0,405950370.0
1860.8368329980754,2721.115586690009,1983.6154329952565,531.4138115972438,1.2959974312806908,0.0,216998.6,35.77,274310705.0,239918654.0,514229359.0
630.6713861725801,3439.554226787552,732.6709771130726,738.5107126866286,1.141884122471449,0.0,551749.5,30.75,260373799.0,131910805.0,392284604.0
1171.3924691813536,2612.810602128213,1017.8683035027085,907.0863269095086,1.1515805927566862,0.0,231076.8,32.17,257183563.0,143033711.0,400217274.0
1349.144699128833,1242.7756328791963,816.3133364620261,440.0501082335524,0.9754842109873711,0.0,7457.7,28.83,228572218.0,85558632.0,314130850.0
191.24387083802895,2422.9884210227315,1311.0354766861046,662.9097142100952,0.9118598672056151,0.0,271341.3,25.45,223838903.0,98137603.0,321976507.0
680.8501669706611,718.0497455508848,1556.3028450880247,860.6304013961301,1.0480082263356885,0.0,0.0,14.46,295151020.0,44981333.0,340132353.0
1392.4654961980516,469.58697655353626,550.3050512034266,138.65449623341954,1.0701124599595375,0.0,0.0,19.6,283235616.0,80238252.0,363473868.0
1406.8257012232443,3304.4866839724664,405.0448158483719,542.0790349507192,1.3208346607460593,0.0,392161.0,33.9,287964806.0,181390685.0,469355491.0
1986.8433467924044,2214.519552880441,510.21386205476136,625.4781569139362,1.0922946970068097,0.0,186558.1,39.49,217610025.0,183795041.0,401405066.0
2035.2276945922106,1450.8243706440019,1370.8554415220285,23.22758234675848,1.1400368676808532,0.0,15489.7,33.45,249818319.0,175202544.0,425020863.0
1824.5993737774368,2215.1256232926826,887.8857727919527,935.937499435726,1.4123906256883374,0.0,43745.7,30.43,324829982.0,179775784.0,504605765.0
671.8196799208263,1976.7106994100627,979.6485121849254,632.2025001148623,1.1004667601752534,0.0,53553.6,24.53,273435209.0,66394479.0,339829688.0
509.167426596877,3312.998761977596,1847.7489989970127,843.322885761979,1.4869226584587367,0.0,217427.2,24.54,374174790.0,157853961.0,532028750.0
1553.3073312506506,2775.7420396800585,1525.1801839252814,480.6076309423065,1.173871316708563,0.0,305017.4,35.99,247427678.0,201015795.0,448443473.0
500.8717857706716,2340.6936755242245,578.640272204669,257.8084097023544,1.2515768244576329,229.9,71736.2,22.71,318825783.0,72882105.0,391707887.0
854.8132794492151,794.4494899245149,1632.1120335056623,860.569919294376,1.0006197118066686,0.0,0.0,17.94,270336936.0,61913310.0,332250246.0
15.652163387999726,1220.1517857616266,1595.021671361505,839.1738662343245,0.9829974420696296,0.0,0.0,12.62,282795335.0,46604617.0,329399952.0
1614.4903539666618,420.0061273332289,780.1251803130584,998.6095150119158,1.015554493938546,0.0,0.0,22.72,258364820.0,107359843.0,365724663.0
321.0140696743511,1534.7652071448604,1239.3370519397229,932.9007824132533,1.4884926873198205,0.0,0.0,12.85,433544145.0,51950193.0,485494337.0
145.2007272930578,500.93098797289633,1581.4759477919877,270.63215227086044,1.4309094357038163,29581.5,0.0,4.69,452840133.0,45708903.0,498549036.0
1383.300041322646,405.9966326418581,1665.0585698480143,176.35638000807586,1.1540972368077922,0.0,0.0,17.53,313323510.0,111612219.0,424935728.0
1151.305576046203,1817.78112116141,1372.3258312303008,652.6867348692552,1.495225203316833,18.1,273.2,21.17,392005350.0,111939200.0,503944550.0
2083.7946807324315,1874.7476315673766,190.398173921728,727.8432989687184,1.4859984469299534,0.0,11233.7,28.93,350111258.0,166618767.0,516730025.0
663.7105182065073,1674.1882555903928,849.5538496309118,51.41915455692936,1.3033586587340669,23834.6,675.5,18.81,347767422.0,47609097.0,395376519.0
736.7090942177554,2858.4938649123533,1664.240150563972,821.2307865978454,1.149999598823928,0.0,296313.4,29.25,267920719.0,133823466.0,401744185.0
670.4227474722755,2718.219430191409,1602.778867685446,491.25744639136616,1.435818611721782,411.3,90376.1,23.65,363898733.0,121232927.0,485131660.0
300.049631323794,3191.0196701620252,192.19046594376255,153.5255220546139,1.2203040079643763,965.0,345932.4,25.62,299021265.0,103945570.0,402966836.0
140.7760311907603,191.6897780824006,1.0374883314110406,436.31665969426314,1.3647743287753378,421.7,0.0,2.61,441077743.0,29986.0,441107729.0
72.63796033362416,2367.695111471055,1646.254634832373,168.00084857787112,0.9881182408928426,0.0,188512.8,22.54,252024962.0,105080100.0,357105062.0
1794.7700299988178,2987.942334118844,1077.8835325283737,819.1998792939803,0.9556536464546969,0.0,659502.9,44.88,173446444.0,220899096.0,394345540.0
822.493964902303,2678.2051286661335,514.9039186479267,752.3289144335528,1.2025071626344883,0.0,199965.4,28.28,284062054.0,99562853.0,383624907.0
1564.304584872066,1686.7870854221064,735.8086804436352,219.18921647863232,1.025027604861009,0.0,52087.5,33.7,223748419.0,125130384.0,348878802.0
1566.8583400413606,431.64456336327663,171.96470022189027,176.29136502213015,1.0052079068723532,0.0,0.0,22.52,256407787.0,85388881.0,341796668.0
1716.179393552386,1446.579043211391,1980.776914720965,137.2112577906124,1.292123895416186,3114.1,1531.5,26.72,311879704.0,163191622.0,475071327.0
935.6010225146075,1426.2929814103784,1750.1683981081646,975.5956458283996,1.423715375264507,0.0,0.0,17.71,388333393.0,83519735.0,471853128.0
400.9469157882524,801.4964539884306,1312.1477581901265,289.0835816381917,1.340835078468348,2726.1,0.0,9.48,401311168.0,37924595.0,439235763.0
1180.9870569381092,1999.7988296201627,1657.0938496775716,710.5327717426778,0.915946658998375,0.0,172091.9,34.65,197085722.0,131947750.0,329033472.0
103.1223009494427,2183.657182415337,972.384151244551,260.1846553429914,1.151193652388881,0.0,61613.0,19.39,305590317.0,76462873.0,382053190.0
1580.2430145580142,3000.599689308286,1122.4461357800883,385.369480857103,1.0624180568970643,0.0,514943.9,39.78,210651948.0,203028139.0,413680087.0
1088.2000115538935,1142.541115388703,1128.1902740944458,676.6523825096376,0.939647526551637,0.0,2737.0,25.68,229937373.0,68875789.0,298813161.0
2.2256645724279918,770.566013991897,1789.022995437562,646.2907632285592,1.0031762111622138,0.0,0.0,7.72,304775111.0,51707570.0,356482681.0
1856.2003604022452,1705.9400632430443,952.1835133573213,935.5419438426551,0.935692015310004,0.0,108479.2,40.04,184733046.0,159259402.0,343992448.0
448.64670260087814,2126.3499103116424,390.9730191640082,679.5270092089578,1.028455373602032,0.0,109067.7,24.51,255590418.0,56812265.0,312402683.0
206.7422836985279,751.3561294962483,845.4680685441244,176.13829917307987,0.9808152149540084,0.0,0.0,10.14,290176584.0,24436298.0,314612882.0
1793.6877327664918,1163.0418490582274,721.5173730365073,55.27040950122763,1.1144217741012326,0.0,3247.3,29.23,259665266.0,122194763.0,381860029.0
552.1229647154936,2216.0607944506924,410.7805953448134,888.3654530628405,1.457799972551733,0.0,14004.9,19.53,390364756.0,61840403.0,452205159.0
208.14775421360756,389.8727313275353,230.65287622197593,619.569256310312,0.9731813785257738,0.0,0.0,6.51,299526842.0,6666488.0,306193330.0
1777.2171328846052,2738.0055992245498,1639.6177164760481,526.0605268860209,1.498006326911492,384.6,109763.2,31.28,341609202.0,223102137.0,564711339.0
92.10508963857625,1456.5918199955915,647.8733378752723,948.645498712641,1.2461165750985557,0.0,0.0,12.57,359319581.0,30972687.0,390292267.0
1680.908162952252,618.3385329804235,1957.2682878008777,498.6395468763152,1.1962032457623875,0.0,0.0,21.6,308780558.0,147508700.0,456289258.0
2024.2946590178633,1382.0584712182365,795.0500491099859,584.7527028049366,0.9768315663286722,0.0,33916.2,37.97,199500791.0,154136401.0,353637192.0
669.4635310687174,701.3462104758238,206.5669582140992,866.1446063310201,1.2535986996764856,0.0,0.0,11.84,364313343.0,5970340.0,370283683.0
747.8327703356948,1483.4698398411676,863.0380073747093,633.1491821447094,1.4560616348933961,0.4,0.0,16.21,405565719.0,43399666.0,448965385.0
1944.8455069848085,1421.1158856963082,658.5249191955392,451.04650018525507,1.2407605382570956,0.0,6155.1,29.73,287190753.0,144802066.0,431992818.0
962.8903453727252,2391.2748776346243,1108.7980467595273,320.71554669407607,1.1074384834575797,0.0,170206.8,29.92,255530387.0,115427013.0,370957399.0
789.365962062039,343.5423587452809,332.12526482794624,723.1138021453861,1.1334580269132482,0.0,0.0,11.18,331475709.0,18303458.0,349779167.0
447.31375778789953,2042.500850386732,1511.0790849468544,257.4223623453714,1.3960739291542468,10479.3,6686.8,18.34,377386812.0,85021831.0,462408643.0
1933.8476323182283,2168.5421405380416,1337.8953179831592,52.57599032305538,1.4673119346131438,74857.9,30413.4,29.95,335992652.0,200545482.0,536538133.0
818.3306709424078,3353.7584539799104,1157.955049500485,4.6187988433276095,0.9231251995940615,0.0,781866.6,36.45,193148283.0,151317261.0,344465544.0
1418.6732098217874,2042.4848902099172,53.06487441214869,743.4599612223853,1.411287202241509,0.0,18566.0,26.08,345131604.0,109630822.0,454762426.0
1035.0304508859579,1690.6995084968355,10.946217669254965,786.6497124935993,1.0984296400476632,0.0,22362.1,26.18,266953288.0,55554938.0,322508226.0
1832.2221472465951,1354.2099328357326,1130.1558212614111,270.34178819932754,0.9963529875509513,0.0,21572.2,34.84,213749638.0,144722291.0,358471929.0
1615.6829785500688,1802.6234382120022,1072.9758475045014,965.4159534817355,1.4781479473332921,0.0,3472.5,24.96,367964406.0,145367682.0,513332088.0
1784.0138237495114,681.0217327370718,1188.5453886031598,878.1474246555374,1.1246783618693628,0.0,0.0,24.61,279154824.0,134800823.0,413955647.0
210.80635597569466,2943.795335130916,963.5271027243433,564.3926803591786,1.4892865777907067,806.1,106308.6,20.58,395500183.0,113960449.0,509460632.0
1266.0358325801403,1542.675169967948,739.9687356943956,417.61929265404564,0.9710394499072013,0.0,33669.2,30.73,221466887.0,90581283.0,312048170.0
1657.0549143006372,3040.9121952189594,568.7942691468178,303.7966184099441,1.424600553800888,3901.0,230876.9,33.0,315483107.0,196113294.0,511596402.0
49.978191275787125,1889.2605208750365,927.3514293630021,690.1267695784597,0.9980350200896727,0.0,51935.5,18.91,266458283.0,60539590.0,326997872.0
1393.4695945578956,1367.5444485858015,1237.429556339284,40.09500987277592,1.1770363183107055,677.0,1687.3,25.46,288883529.0,108015329.0,396898858.0
1088.8931139532458,778.0048423636014,279.2473083582414,188.4743030123014,1.106484646838009,0.0,0.0,18.54,296721813.0,44402987.0,341124800.0
201.84916130086546,3438.7708584984643,809.9881229916346,808.969602506749,1.484650273865308,0.0,245854.6,22.77,383270528.0,134106571.0,517377099.0
168.33305880571103,2365.560168604028,1742.818173482428,634.2344339667283,1.1574156728144476,0.0,101511.8,21.1,300741854.0,107765010.0,408506864.0
898.7942056751014,130.31295620671284,1069.2015025785506,993.5429967868474,1.4752245155831605,0.0,0.0,8.01,451833308.0,49700405.0,501533713.0
84.23239213591023,2562.043123175042,603.5297333938616,902.9891534061368,0.9270688474255672,0.0,309375.0,24.68,229887515.0,84595178.0,314482693.0
1951.297502693103,3040.03694994963,235.00876450520303,59.82433731729919,1.4008245985961616,32553.8,267147.1,35.7,295642530.0,213562931.0,509205461.0
324.754743981998,1941.68029530241,1831.489715757419,567.4481135493234,1.1383399808836945,0.0,29317.7,20.1,299492227.0,89275133.0,388767361.0
927.8584743705737,229.1153296550518,1937.5046427231978,310.6541850810828,1.0136180950037124,0.0,0.0,12.96,290443540.0,77477534.0,367921074.0
596.4086243372242,3500.6746974560683,188.572106976014,867.3030405011814,1.3247063366408687,0.0,409293.0,27.97,315071721.0,119220540.0,434292260.0
1730.5899885465735,3542.508071535464,1684.3093110337436,943.3823512778529,0.9761611540745518,0.0,941831.9,45.34,175689155.0,260050040.0,435739195.0
1659.2191583731326,1980.8027695142034,1086.9911901597213,898.9215763205136,1.4830822911880268,0.0,10380.6,26.37,362315860.0,158638045.0,520953905.0
1469.5879035450323,1753.0663537825756,912.8077158036907,386.3414572231818,1.1169594177435975,0.0,35829.9,30.71,254827832.0,124801509.0,379629341.0
816.2917649120394,325.80424396183884,154.87217052087644,779.8698438723118,1.1676437357521356,0.0,0.0,10.97,342345273.0,15663955.0,358009228.0
1940.4771586155337,2222.3622611960473,70.3519643688395,157.52334131747946,1.0234918758078047,0.0,236858.8,41.09,198488175.0,167194638.0,365682813.0
2034.4096108524423,793.8963409304346,1031.5113525761026,936.1769316401961,1.4863156379486144,0.0,0.0,21.35,387697930.0,153358173.0,541056103.0
492.8115077746904,178.29704681264568,307.203665075517,63.32847870255809,1.017074544655402,0.0,0.0,7.42,309998271.0,8879011.0,318877282.0
1185.4678551572883,3312.18913055318,1074.43776738868,625.9895566990807,1.0211203509657247,0.0,678403.0,37.98,208512439.0,180702846.0,389215285.0
1669.2168491049774,2242.573737875267,1728.2736583854496,948.8431070057841,1.1087404654539554,0.0,162264.1,36.07,233373960.0,191096305.0,424470265.0
188.85733704639105,820.1221172379204,875.6831313516744,945.6936518244732,1.126985893424049,0.0,0.0,9.25,336743976.0,25309595.0,362053571.0
1607.0621504922965,1961.9303925798406,365.6175408619531,320.7341189534516,1.2919151310136912,10.5,31396.9,29.45,300423726.0,132040211.0,432463938.0
1402.8993279180029,1578.1778809168377,457.2912053242293,721.9067795126764,1.0013238249676288,0.0,35766.2,31.73,225078388.0,96798488.0,321876876.0
1952.956307538789,682.0899919024104,214.62472566504087,497.6477023653788,1.2117297588658165,0.0,0.0,24.48,301385179.0,122234850.0,423620029.0
1059.5822273126405,1585.1029862999874,1989.6297856592166,486.2806126705819,1.1867679484438987,0.0,4312.6,23.77,297949017.0,109764187.0,407713204.0
879.3822407598603,242.57748956631033,1185.9132622992322,227.96777222318244,1.28256538813743,1096.1,0.0,9.91,381041966.0,51283164.0,432325130.0
105.98776816257487,3562.435177548396,938.0101580253444,896.7553715906984,1.1853367039397609,0.0,521312.6,25.8,289721990.0,143948753.0,433670743.0
125.78975672725231,2984.6351723205194,1296.3674593342687,781.7570475739451,1.156901918105324,0.0,300547.5,23.95,289756370.0,125608810.0,415365181.0
1330.0981117542547,3108.1112837816854,1262.130885743775,347.6736348359033,1.2975177566197198,8.1,324226.6,32.93,286845400.0,189332238.0,476177638.0
1400.8159832603303,3486.930673899049,741.8246430833384,425.0817675141312,1.3872737767122354,161.2,411850.6,33.37,305433967.0,199631595.0,505065562.0
1054.5144262386154,2673.760328010111,919.4189289071842,215.49514181270047,1.3471223056686066,4222.5,131520.4,27.84,320716850.0,132434813.0,453151663.0
273.4585277501202,720.8586986186483,1253.6499655684172,747.2698001920697,1.436812732120689,0.0,0.0,7.25,443899585.0,36233852.0,480133436.0
568.3428471121342,401.9290587200123,1912.0933190452583,154.42308802214245,1.0186001893527838,0.0,0.0,10.47,300221156.0,55264633.0,355485790.0
607.4219106694011,1921.6906151154235,1765.6511320681561,760.5460227298669,1.324894532305581,0.0,6833.7,19.82,350789646.0,86379399.0,437169046.0
365.25148397976767,1298.3879524392864,956.8098521733559,147.42595348558584,1.0640578212760035,0.0,0.0,16.23,293449202.0,32044315.0,325493516.0
642.8747302416803,462.0125999344125,1100.479383816515,705.0281965241929,0.9419589788861168,0.0,0.0,12.89,270140394.0,31806810.0,301947204.0
1003.1416671761673,2839.426638822096,1495.9802579048937,815.0730962187541,1.1689443799023642,0.0,293197.1,31.31,264418199.0,152588556.0,417006755.0
1710.8615173041096,873.9336485077982,721.6211228350306,176.3555764178013,1.1804907236571431,0.0,0.0,24.35,294022201.0,114558021.0,408580222.0
817.4451467361991,874.5654325839532,1503.561418461563,313.8467721116466,1.0636825980875015,0.0,0.0,17.22,289893786.0,54751083.0,344644869.0
272.9063398232822,1592.9227775410736,605.9292576746041,369.2728413409686,1.0415983575723315,0.0,9220.2,18.27,280276759.0,36531502.0,316808261.0
1591.1791962744924,3375.912150897624,995.8637055777752,642.9984233408326,1.4203033659640236,0.0,353682.9,33.87,310631987.0,219018840.0,529650826.0
2082.559793840678,2227.0648395692906,1779.5589330797375,908.608246555642,1.3748708926845734,0.0,61813.9,33.38,302310727.0,229934318.0,532245046.0
961.0419503874348,294.5890215387545,31.611110880267688,477.2006332829246,1.1965887201207708,0.0,0.0,11.85,347408502.0,25452875.0,372861378.0
849.3505786942973,2062.4474851876535,1104.325406608854,836.613041032693,0.9651942619573575,0.0,142121.9,29.9,222786261.0,88493260.0,311279522.0
469.49543383006227,2878.6080736234585,1695.6737344473092,994.8242136208678,1.4237472098322503,0.0,125300.1,23.03,363865507.0,131883816.0,495749323.0
1855.4394297458102,1141.0830317465545,803.3232680187527,268.085104820551,1.2637796389156293,5.5,0.0,26.2,307281480.0,130255038.0,437536518.0
1957.409163521675,1251.0464180371723,1114.0035637629005,296.29963045348507,1.0018799842636246,0.0,15685.5,35.15,213917174.0,150678678.0,364595853.0
406.9618296718971,210.34160067341168,1898.587046018515,402.8796085076296,1.4004725352012648,1934.1,0.0,4.9,442143979.0,54874266.0,497018245.0
1420.571950558006,696.67381592224,350.92449315817566,811.9882015105449,1.0588270263717225,0.0,0.0,22.27,270952006.0,77068107.0,348020113.0
1904.1996080186195,508.401119022851,1355.417228908939,814.4738760309339,1.041153833049387,0.0,0.0,26.27,252729834.0,150709588.0,403439421.0
575.8923528069402,3501.203556685302,529.1952106923166,429.9570499000478,1.1595093559454197,0.0,558740.9,30.19,266552858.0,129091729.0,395644587.0
527.5774536033903,2816.1216437666385,1543.6986864583105,378.3180142237856,1.4010754746484402,1712.6,122026.5,23.47,355318315.0,124387833.0,479706148.0
444.26123822191994,15.629965673673485,1142.334724111482,994.0777724523784,0.9231865858961308,0.0,0.0,5.79,286319713.0,33016542.0,319336255.0
433.67598368214027,1883.6601522281155,1619.8814728897412,89.04200507505323,1.1371407922553365,13.2,24481.3,20.78,296613941.0,80277416.0,376891357.0
1557.6530443133129,1348.7018465150925,377.672840951278,195.49582739658732,1.1460292721489966,0.0,4465.6,27.62,273085308.0,97374185.0,370459493.0
999.584600970283,3128.3863366721307,1284.5048371359871,690.4019545155014,1.4897923029215443,0.0,183594.9,27.37,359866021.0,160499931.0,520365952.0
858.6935730275303,1464.1764837943358,1846.6939354516246,245.87558700505863,1.33788914778172,2819.1,0.0,18.46,360103654.0,81097327.0,441200981.0
1573.2849931848107,354.9704307269584,936.462811387168,200.56247132155403,1.0112251636814915,0.0,0.0,21.7,260669304.0,108077713.0,368747017.0
967.0816103150969,1050.629838254276,1592.1208952517418,907.6048913904824,1.3816323631730194,0.0,0.0,15.8,384839189.0,71112887.0,455952077.0
554.674369416172,995.1078490896484,509.45670023493483,135.03809605623607,1.4662790208622267,103687.7,0.0,11.22,427421589.0,14724667.0,442146256.0
838.2696591574896,815.6227926015216,1693.342101016487,399.1953026577905,0.9210700866657999,0.0,0.0,19.51,244086228.0,62157070.0,306243299.0
337.648173970481,2320.478735492897,1565.8105483434479,210.93438848871293,1.4504373535596853,44561.8,19318.7,18.58,390623842.0,100409968.0,491033809.0
1774.3289953087628,3079.622137241724,455.32229359842825,50.5359886500577,1.42045412368955,46668.4,255011.2,34.13,306590240.0,205573395.0,512163635.0
637.593476919913,2246.666463659899,1519.93376740146,128.29325851112017,1.3685030127114288,25593.3,29671.6,21.62,353285100.0,95417992.0,448703092.0
1956.7963919338222,2644.001125659465,882.4454969611162,876.6781387517028,1.2164745780435353,0.0,252641.9,38.04,248211423.0,213112999.0,461324422.0
1552.8473844979324,2978.4365762067328,1498.705723398012,287.854876048154,0.9707063405434987,0.0,604571.2,41.86,185835806.0,210275360.0,396111166.0
496.93583371989536,1825.4360212386823,1010.5538445861916,582.6443493145375,1.1370611025287345,0.0,19622.7,20.98,295868626.0,59774409.0,355643035.0
1640.6685303233078,3314.7481137603645,493.4501069589425,736.523217701888,1.3067831115270268,0.0,428033.3,36.1,275292093.0,206024727.0,481316820.0
1090.6436909973716,684.3647489632017,1590.464517165419,960.6262856288326,1.3331017993401681,0.0,0.0,14.7,375404996.0,82462157.0,457867152.0
1913.7380929646554,3572.592511761239,704.1013484784764,638.2235529263369,1.1843596425828469,0.0,707592.8,41.84,226832283.0,250106843.0,476939125.0
2057.1209372098347,340.52240114804147,824.7498285944492,875.5390445272362,1.0704307863159093,0.0,0.0,25.65,262018388.0,149477061.0,411495449.0
1642.5480935820497,1389.5028808923282,1959.9570797803165,883.5298364237075,1.0807922145975692,0.0,10592.2,30.52,247260661.0,152963469.0,400224131.0
1605.852641726428,1222.7892541147653,1212.7256804310703,658.4807683932919,1.397757245451423,0.0,0.0,22.19,359531905.0,119701633.0,479233538.0
50.98000323900102,799.1731448828477,1423.8356211771575,563.5232369695373,1.1973630469206857,0.0,0.0,7.18,366157149.0,41152674.0,407309824.0
115.11275973613925,1264.2414569650862,1730.2004638212966,30.892837036032184,1.1378617412188872,1187.8,0.0,12.31,328444540.0,52701436.0,381145976.0
1970.6341797935609,184.6970663984031,1499.4115020892737,257.61261618203645,1.4199652992922034,10549.7,0.0,17.52,386770846.0,160999214.0,547770059.0
1555.5517361302761,3215.109770215857,431.849580862532,531.292754818605,1.3675619661448803,0.0,329534.7,33.91,298410114.0,191444577.0,489854691.0
512.2839641445354,837.6090881199975,54.364266995170055,958.5152939754523,1.326010128032774,0.0,0.0,10.84,390699168.0,1571273.0,392270441.0
1325.1433381112354,2700.700843382817,1063.2258373908787,476.1338210904104,1.1697193446741125,0.0,261731.2,33.64,255580645.0,162891588.0,418472233.0
1335.3157572360922,731.571960674351,1776.1173900297395,811.7523712192651,1.1097381668712203,0.0,0.0,20.67,289835668.0,110396133.0,400231801.0
1206.4003838541132,511.9290988185531,1944.6924958671962,902.8926876302835,1.4531385038995204,0.0,0.0,13.23,418407385.0,103377485.0,521784871.0
692.5599544616966,613.9589877997663,423.54432693262066,90.00139104508986,0.9720663780608306,0.0,0.0,14.65,273130920.0,12241569.0,285372488.0
148.66995377540263,3593.057741213691,148.11536673814717,132.54208095141362,1.3963527573544419,50905.7,359785.4,23.88,349930140.0,122639594.0,472569734.0
1209.8008519090365,2811.1344525866766,1261.82401554531,882.1750703289481,1.2830805166588444,0.0,215824.1,30.92,292134081.0,163477501.0,455611583.0
1088.6308187030697,2587.2813883535177,894.785503584219,346.0638229047347,1.1805914714701276,0.0,197637.8,30.69,269458560.0,130574550.0,400033110.0
353.853909130499,2891.5553791837697,521.4075626718893,153.53154633704747,1.047811345069936,0.0,366826.2,27.33,250695965.0,98587420.0,349283385.0
1755.7162664451198,1198.630703019765,1372.0997390118005,856.4096306557393,0.9466468001550253,0.0,13849.0,34.18,205154339.0,137495922.0,342650261.0
1595.0758847962195,1116.825642955879,433.24472836808536,688.9014524529722,1.4458779736399403,0.0,0.0,20.63,380182937.0,95543311.0,475726248.0
615.1150501653444,2064.8667135450783,579.6682276989831,554.2855857264279,1.2731172183926043,0.0,25857.8,21.64,328930923.0,59212395.0,388143318.0
1272.5492856275248,2263.4733218031674,270.15958443504815,693.5404695867196,1.304850213828134,0.0,63741.2,28.18,309052527.0,113403006.0,422455533.0
1423.1962348222014,268.87610644150396,893.6776848283052,409.0351320457297,0.9520268901859195,0.0,0.0,20.3,249794166.0,92997192.0,342791358.0
463.6371296648503,1600.6943534268735,1485.8126197161646,237.0620769846632,1.397849946074947,14826.9,0.0,15.34,391548249.0,62348483.0,453896732.0
1137.9894257667813,2760.3307172201617,945.1119666737143,499.1942254222234,1.2718316336277842,0.0,201953.2,30.26,292282415.0,145176661.0,437459077.0
1934.8187180257435,1785.279670528863,1057.315076216582,601.9969635275295,1.3425090823786354,0.0,15093.4,30.03,309888173.0,173490140.0,483378314.0
149.80794948879856,1871.9454018347587,963.183178412087,921.6849842375703,1.1961039482618046,0.0,11283.1,17.02,326965012.0,60715238.0,387680251.0
976.4483148376801,3492.785958380968,901.1529272017631,180.88443032209034,1.030149673683473,0.0,740913.2,36.29,216071643.0,165384516.0,381456159.0
198.46601743259106,2.062309209968353,863.8913220009639,769.2425812982215,1.3400798656799016,0.0,0.0,1.75,436199341.0,24968780.0,461168121.0
67.03084806894266,2069.0379400463394,308.566250826952,941.0762847646973,1.0004189997865076,0.0,92395.5,20.37,262266612.0,51583990.0,313850602.0
1306.542768899249,1184.2452546555262,1283.1226519287045,412.25859646407514,1.355785831383837,47.7,0.0,20.01,358138476.0,93493292.0,451631768.0
480.9659763085836,3288.0244260787645,1000.4192986267042,756.0931477128529,1.4098381148407362,0.0,256148.1,25.14,350113737.0,132123463.0,482237199.0
2082.557653840768,812.9227661060684,573.7848271269097,250.43308673188824,1.0577227992958695,0.0,1078.0,30.7,241335498.0,144569736.0,385905234.0
1214.397286109602,3606.48675901941,1980.5561741855088,526.7732313623077,1.2834163261588043,0.0,542319.5,34.07,278886084.0,224177299.0,503063383.0
1793.0385836178484,3386.548454186224,407.72125465908783,528.5417289424529,1.3997022327969073,0.0,391297.4,35.81,296877517.0,221167359.0,518044876.0
632.1763297831236,1596.506824204094,1971.242203024016,985.046696720871,1.4436640864591088,0.0,0.0,16.19,402048667.0,76170721.0,478219389.0
1664.7647989665002,976.9437176237849,641.7001481343749,547.2828412048747,1.2364664247372072,0.0,0.0,23.65,310965858.0,107996212.0,418962071.0
1053.9733783594847,2311.1131160961913,816.6460452659776,749.174157315533,1.1001299558870132,0.0,153973.4,30.54,251606816.0,111402998.0,363009814.0
689.4615386331451,461.83024166733566,377.4244200578385,850.5208789213576,1.1677694031482648,0.0,0.0,10.86,342782203.0,10908580.0,353690783.0
475.10433496265847,2756.4081930812663,1107.9622516337188,21.156011423293485,1.0898168744020291,0.0,284960.1,27.25,261052196.0,108828108.0,369880304.0
369.04794218799606,2380.818485367711,550.0620812605057,64.94677920994363,0.9329609935186016,0.0,250248.7,26.92,224475732.0,74048986.0,298524718.0
1212.9014162439205,78.85614420584533,1697.5842262721774,155.39711925727562,1.263939801117258,2623.2,0.0,11.84,367119036.0,96835036.0,463954072.0
927.1745384024048,1607.551022071806,143.59428472009174,802.7522502122156,1.4358314908519516,0.0,48.6,18.76,386959914.0,45310676.0,432270590.0
22.969751496116345,648.3331577805374,1807.8083775909577,549.4936128000581,0.9900237469489261,0.0,0.0,6.83,303676622.0,52250518.0,355927141.0
422.8180936900962,2395.7500665807243,1449.633644493746,599.4268085799353,1.4718890279475154,219.7,24879.3,19.45,395243842.0,100790623.0,496034465.0
1030.122613634805,1089.987041077372,954.465819951593,359.66629366661095,1.0346495356048118,0.0,0.0,22.19,265065303.0,58497731.0,323563034.0
95.83337487419203,1278.5313516414008,1422.8186954194846,18.43780287519381,1.1635071079235608,4127.7,0.0,11.97,337049345.0,44527010.0,381576355.0
1342.7596020229755,2215.7669163027354,1553.2968717774318,810.5197156597975,1.3270234925516327,0.0,50413.9,28.09,314795793.0,154595772.0,469391565.0
214.33319646180257,1724.3314717358292,1206.8119149752172,245.5660388094516,0.9255310905880659,0.0,47177.7,20.74,241516337.0,60425263.0,301941601.0
466.1858190265578,1651.266678289479,827.8606381092018,176.66698132716164,1.3946493256100956,28289.0,0.0,15.76,387833150.0,45843665.0,433676815.0
1930.0567043160706,730.8943981613562,1859.1458311344434,17.860959175180824,1.4549774836241673,103545.7,0.0,20.54,376721688.0,167653709.0,544375397.0
1984.771527318693,43.74826274780848,1526.0385935534962,970.2015725698434,1.443541331290667,0.0,0.0,16.37,399755805.0,163072812.0,562828617.0
2023.9306860941042,1997.6743256824307,156.31227977077654,849.7891978050361,1.268296953485407,0.0,52839.9,33.92,276121363.0,166217212.0,442338575.0
1281.7261116325826,1514.6306037870309,1143.6839530422183,153.57977908611454,1.3438620159396901,9421.1,17.1,22.43,343518369.0,102304099.0,445822468.0
156.41108582796576,2649.104184368965,1697.956845249708,472.4686775644882,1.2058982196342296,0.0,155648.3,21.95,310109910.0,120551099.0,430661009.0
650.9667590425332,3519.134658923883,1466.2489491190906,368.98855330034496,1.0048844317398031,0.0,748891.4,33.59,219740115.0,157065678.0,376805794.0
457.82344974136043,1684.0378985794816,1885.1368006286757,734.146345760918,1.0291462489074898,0.0,21437.7,21.33,266570184.0,78029425.0,344599610.0
1792.1849631784025,1372.8678985251424,1703.4443655050372,241.69959798113095,1.2711963671617905,91.3,1500.4,27.28,304601467.0,158525592.0,463127059.0
1932.1079676494728,936.1552532064927,1385.8531811717098,987.3126199571439,0.9903589723458022,0.0,3705.7,32.22,221005306.0,154163485.0,375168791.0
184.31877611090613,2447.328548574683,679.4718954980608,71.24447736659111,1.1851833707301624,2482.2,111719.5,21.35,306882961.0,81092614.0,387975575.0
1571.6118670576477,1034.9943135071353,670.0937550102694,845.6994006469721,1.212043147356893,0.0,0.0,23.71,304531767.0,100224605.0,404756372.0
1757.0961549614942,1620.3938564816654,1905.9503231202068,650.7945897177367,0.9695393191915497,0.0,64907.3,37.11,200785470.0,173435833.0,374221303.0
1845.4188804528794,1776.0326427157959,283.27793594581,152.6901338414207,1.312520361065923,3425.0,16726.2,29.83,303464467.0,142413039.0,445877505.0
98.7716765309862,1040.3353666371422,279.5751809397362,441.0774296172842,1.148612263196617,0.0,0.0,10.08,340131040.0,8080474.0,348211514.0
1088.1123663262647,1015.0798746421847,64.08717875635439,614.3861065351857,1.124230801729411,0.0,0.0,20.36,294788049.0,38112267.0,332900315.0
1358.0334723729968,394.4611040194945,27.55471058810066,248.29424788529275,1.1739283937964313,0.0,0.0,16.89,321281830.0,61953416.0,383235246.0
821.6400661412542,2941.398275642683,755.675288385648,530.4411796030789,1.2561093554653153,0.0,256761.4,28.61,295491813.0,119514970.0,415006783.0
45.5184515815172,1869.934157951666,689.6625187976757,421.28012768325465,0.9601724390971502,0.0,60744.1,19.29,255149807.0,52709865.0,307859671.0
1632.1808793774253,3420.927430434937,44.537641259200015,601.3727628113479,1.3583064403730147,0.0,428442.8,35.43,289467322.0,197540644.0,487007965.0
593.8238223350195,2858.8267730534767,1264.7101015326025,929.16263227107,1.4886028868122638,0.0,99479.8,23.08,381732285.0,118445337.0,500177622.0
88.29164768729952,1615.1240725280327,1093.9755751564364,146.74323320765248,1.101771498256417,0.0,3618.7,15.58,306256254.0,51740017.0,357996271.0
2059.2449285722228,58.916556523171344,905.0158630487681,842.6546217181962,1.0943407576315731,0.0,0.0,22.53,279092363.0,151992879.0,431085242.0
1000.3798782444948,3550.3060572103673,949.7536729514078,130.92131214649905,0.9310328949998347,0.0,908546.4,38.89,187329443.0,171853447.0,359182890.0
1971.1935535372925,964.8881701884884,1008.1278131291018,90.7017660899686,1.154193072330363,0.0,0.0,28.33,272336468.0,146851391.0,419187859.0
1939.2700076365088,1823.7591668803063,1942.2703036046557,258.8356372373997,1.2027271438223623,0.0,38734.0,33.64,262842140.0,201389453.0,464231593.0
1792.121700922443,1627.15604703009,558.9747471403792,855.4753634178817,1.1339336813235654,0.0,25927.3,32.57,251753490.0,138071169.0,389824659.0
1106.5580618605882,3544.7932510869787,372.96658951172776,301.4006367201857,0.918641760041904,0.0,937556.7,40.32,180495341.0,164702632.0,345197973.0
816.98162516246,726.6658530230402,1360.0698708157827,181.32145876585238,1.3048876514435217,5019.2,0.0,12.89,374782291.0,50561038.0,425343329.0
549.3462677747274,1289.440737859955,697.721304092795,716.7517501636094,1.1799055578830058,0.0,0.0,16.39,324890814.0,24111581.0,349002394.0
753.3082041078442,3095.020470113203,1143.9012512824054,213.83082127799779,1.4400547668862096,23970.6,189697.4,26.04,352084540.0,132062847.0,484147386.0
714.4258672301406,141.495140460473,989.2004479489058,123.93805444087779,1.0430798662294456,0.0,0.0,9.36,311244907.0,30382357.0,341627264.0
1557.726169553252,474.62908255603645,1613.8884487080713,936.9072881309537,1.2639192602447669,0.0,0.0,18.17,340832908.0,126222016.0,467054923.0
1481.098915367599,2590.319393963925,1985.61591454089,341.53826220162284,0.9977139307456215,0.0,374107.9,38.8,201074560.0,198453916.0,399528475.0
1082.4636847963602,1935.6968096891007,355.824976592289,613.1094189941396,0.9084748400860944,0.0,148557.7,33.28,199564534.0,82066229.0,281630762.0
1934.188619117052,960.4046284911798,79.12041678038362,108.24944147485705,1.044149368967785,0.0,2964.2,30.83,237780198.0,116587313.0,354367512.0
571.0943615436042,119.10029817675508,558.7096243874583,192.94173649348213,1.1271725564607111,0.0,0.0,6.98,345206112.0,16148209.0,361354321.0
803.0747323871958,1230.598098388451,655.847767061408,89.73127774125122,0.9151229682756973,0.0,4680.4,23.66,230001232.0,29947420.0,259948652.0
421.4083158262328,2746.6374215223136,1981.6195311022443,928.526175057329,1.2025316133226611,0.0,200124.4,24.95,297315235.0,133593868.0,430909103.0
1108.852739296993,1141.9310956001084,1547.8788772753126,764.7566879326486,1.4065634145494668,0.0,0.0,17.34,384865602.0,82910887.0,467776489.0
1867.127043455504,1576.6877710578235,1533.7511362143953,806.3987287958786,1.08507577349865,0.0,30618.2,34.32,234650436.0,170656589.0,405307025.0
1937.4700787528227,342.45965458194934,1988.5383583265657,770.0907181588694,0.9559625431945964,0.0,0.0,27.28,228873729.0,172077297.0,400951026.0
1368.2388162989264,124.07126166958437,1540.3738988883658,799.2229216590553,1.2614461518548685,0.0,0.0,13.66,358930970.0,106619276.0,465550246.0
1786.5539171460496,355.31630717994074,551.8476840816264,414.17752159267053,0.925474771696859,0.0,0.0,26.41,224220226.0,116632843.0,340853069.0
934.5305425858814,962.7248456886144,785.470024203506,425.10263199230644,1.427647040092611,1022.4,0.0,14.4,405180505.0,44796058.0,449976563.0
563.6609235501274,3244.2875572400676,851.9419296256984,327.807720693986,1.2015072296010876,0.0,401517.0,28.46,283116097.0,125659801.0,408775898.0
870.9947520665206,934.2614963901802,1005.3586495921338,151.80173307883126,1.1111579658137796,0.0,0.0,17.58,301481580.0,45291004.0,346772584.0
1179.6726073949787,1500.6719271351867,1647.824722101593,256.72176153516625,1.481862947298606,27012.6,0.0,19.45,395045902.0,106768608.0,501814510.0
1636.1454134750675,3512.3626843708244,1676.2731096606083,142.10392585164266,1.2158760543810083,193.0,608327.1,38.58,245958665.0,249609153.0,495567818.0
354.4052166932132,2970.165290036944,1168.3242983665918,263.44931435690575,1.4577593832043028,25527.1,129994.0,22.16,376483623.0,121189347.0,497672970.0
240.16292116023354,2046.82052460087,1442.081109333451,58.84853733243178,1.258713619923722,13477.5,18994.1,18.33,338174170.0,83242149.0,421416318.0
1701.1540342405513,245.12415133753376,1024.4859422132542,258.55717814874004,1.2977546709221526,315.9,0.0,17.21,354223360.0,122416227.0,476639587.0
247.44231035939163,3401.49669333394,1789.4571634294637,185.97441987570917,1.0939595306190628,0.0,547019.8,27.71,260405205.0,160564572.0,420969777.0
1225.2189221515948,2606.566281982329,885.3120303205164,156.29132196097507,0.962490896281723,0.0,391442.4,37.06,199462075.0,143857199.0,343319273.0
2084.510727466407,1652.9282008398586,1745.0634982969964,482.37600462911445,1.453414583127602,170.8,4007.9,28.12,345777711.0,200601775.0,546379486.0
182.978313078683,413.88966454442,1859.2643754484486,947.4930450447849,1.088830468479218,0.0,0.0,5.77,337755687.0,53737735.0,391493422.0
740.5187893822227,1642.3943524501715,832.3233601345817,190.04521595959667,1.4390252303636246,37282.7,0.0,17.44,392224550.0,49730561.0,441955111.0
528.1463474712672,2560.138846403875,134.31135546994577,38.75133152842947,1.2922382835461523,22767.5,107024.6,23.61,324325838.0,70938927.0,395264765.0
706.8480630402479,2379.3175955736046,188.04240433766074,949.8513799158633,1.3491086801358572,0.0,55635.2,23.28,342050349.0,64603944.0,406654293.0
1827.0171808587913,495.38811118157463,640.3219377857388,368.3441642063441,1.2223035889960912,0.0,0.0,21.53,315906132.0,122922245.0,438828377.0
618.9707922829588,220.08959414754057,737.7567614749414,254.54931462728214,1.131552774877929,0.0,0.0,8.34,341473037.0,21323152.0,362796189.0
410.66064636275473,950.6838396699898,1253.9046808645376,388.1538345780651,1.1072300359016953,0.0,0.0,12.93,317356821.0,36241214.0,353598034.0
1113.1932442261475,2801.8537632634507,757.7359126959144,587.5194925558405,1.4797215752209056,145.4,107896.1,26.87,359551935.0,139536148.0,499088083.0
1088.3285379361357,3302.565202758686,1587.345248512854,58.718681650149705,1.1574593228815542,33.3,512111.5,34.19,250828620.0,186089306.0,436917926.0
1455.9938804060062,3581.7642421869655,916.7525823230252,92.78545412673944,1.2372055048277206,1674.1,601528.1,36.84,257300578.0,214487065.0,471787642.0
263.88550657845724,2728.016003814198,1015.3539949235557,723.4313683772865,1.4216170961271142,0.0,85901.9,20.65,375041584.0,104741334.0,479782918.0
1311.3566157843904,2223.154765189049,1509.1405908792626,842.4550014526674,1.4214322717662016,0.0,30757.1,26.18,347315198.0,150789913.0,498105110.0
75.95695799881169,2018.970777375975,432.5386195951029,860.3458907817834,1.2890386111220167,0.0,11935.0,16.26,356553636.0,52680453.0,409234089.0
876.1638687826336,682.8183480805052,678.047251839653,703.7776945402245,1.0226157271269833,0.0,0.0,16.7,280437149.0,36307615.0,316744764.0
195.12044103050718,3223.54439236601,1528.4206991602337,199.79493065813259,1.0753869260579951,0.0,477124.8,26.75,259369555.0,144181610.0,403551165.0
2026.7663193178967,2570.709686935596,1221.0440084276495,307.62848542413036,1.0794750864999134,0.0,342737.6,41.94,206370850.0,225713160.0,432084010.0
82.40674496913053,2644.389176854011,86.35045011376907,4.857337777279036,1.3376970527165875,95864.9,94180.8,19.66,350055988.0,73737166.0,423793154.0
1978.4017836559265,2746.106063250137,943.2803812487573,486.045249560873,1.1616818535894633,0.0,340176.3,40.02,229413909.0,221935350.0,451349259.0
676.8820459250456,1893.8225974946,862.3019142822301,598.1678800407747,1.4388720483006567,13.0,1484.2,18.67,388667630.0,58886067.0,447553697.0
2074.5946351201446,285.83814227498914,769.3669453226828,180.70619576680946,1.1112722843553202,0.0,0.0,24.4,276593484.0,149488090.0,426081573.0
599.381243673462,633.5697878052415,1528.152106842581,496.28874282923584,1.4515473493303355,768.5,0.0,9.2,438495046.0,44167701.0,482662747.0
67.95524417002521,243.13018766912342,806.5471658606882,80.27732040403713,1.0576377578489002,0.0,0.0,3.05,337555837.0,23311380.0,360867217.0
2055.8720143147602,758.5233751691491,396.2354828241814,573.6406687957091,1.198798974475894,0.0,0.0,26.38,290606951.0,136976647.0,427583599.0
1210.2138496679313,1367.5490598970246,1653.524719789894,138.58055144246285,1.1570355875048794,0.0,641.0,24.06,289336343.0,103138647.0,392474989.0
1438.1534540059215,3151.698278226926,739.1432127135154,567.7455990937527,0.9414839670043569,0.0,722406.9,42.06,179615728.0,186348142.0,365963870.0
355.1152987131633,250.97152975199558,1455.7617839970437,288.0599687221407,1.3342471741151027,3129.3,0.0,4.99,419175341.0,42075426.0,461250767.0
138.44041180522746,3131.0485154822213,1671.0603962221833,88.92874305028265,0.9142539038743119,0.0,595354.6,28.15,216282740.0,143710313.0,359993053.0
117.3621750674516,3098.677528522644,469.4069781037915,548.2733178581886,1.155746521908034,0.0,346999.3,24.39,287786840.0,107371541.0,395158380.0
1658.6707221866352,1774.7008343385342,1001.3216813225393,989.0919394999024,0.9900777340495542,0.0,88027.1,36.45,207155095.0,145874972.0,353030067.0
1732.017712285267,187.85157654210178,955.2975391459415,886.3348239330236,1.2991283793624728,0.0,0.0,17.03,355406697.0,123263307.0,478670004.0
1428.6724813783871,955.8417345910425,837.1495827229085,366.5810634990505,1.2128659260947965,0.0,0.0,21.66,312920105.0,91868497.0,404788602.0
963.7452343495481,1186.6410173134714,610.9612247423402,250.85289165512214,1.1190283481308552,0.0,0.0,20.69,292198323.0,42446996.0,334645319.0
312.6279814925165,3165.738616272973,1204.2387836668547,133.78642559385545,1.3163156005254009,12187.8,266784.8,24.4,328006307.0,131940858.0,459947165.0
1767.384585775774,862.2544895496998,301.2011886745278,8.617257133752055,0.9283502033138911,0.0,3153.9,31.51,209323437.0,107620341.0,316943779.0
1589.2940612128216,3583.4863853113484,89.7606449525532,748.0709590798926,0.943117299504576,0.0,995108.3,44.93,170997651.0,202965677.0,373963328.0
1234.5969399241453,2744.553275214503,718.4087945354753,10.934721110663737,1.2571136112752557,9904.4,211581.1,31.3,283962599.0,146751620.0,430714219.0
2066.745049671958,935.1512449037396,378.98255437443163,123.92589275351496,1.2331533719400336,398.3,23.7,27.18,295737366.0,137480901.0,433218266.0
1243.58803216617,2875.9431389285605,1506.1465472410193,892.5414947950871,1.3834636190053808,0.0,178878.2,29.75,321167518.0,176874382.0,498041901.0
515.5518682206417,2017.8349796990128,594.82391818716,329.78537955150244,1.4591666215379977,12162.0,3550.4,17.95,397833059.0,57314523.0,455147582.0
1421.7529620648484,3537.763200101514,833.825073437489,537.4375733539765,1.192269251949853,0.0,624516.5,37.29,246221565.0,206746529.0,452968094.0
223.69351493697062,859.2282401315701,1055.2727212089644,67.37430513300625,1.4588771575853334,206283.4,0.0,7.69,437120240.0,30500216.0,467620457.0
258.21407685192816,718.6701094933728,1530.642447877273,96.93454178931371,1.4401668597692456,141577.2,0.0,7.09,437352321.0,44239678.0,481592000.0
1513.0865239564866,249.09371130515783,1383.6941225713058,631.6285421713178,1.3544096596439512,0.0,0.0,14.9,380630369.0,115451301.0,496081670.0
1726.7925224402652,2607.612544318553,1172.3525905419438,322.4633185817777,1.3183641970979574,72.1,159189.5,33.65,288405030.0,198469650.0,486874680.0
1995.285753955175,2132.7040633198135,1328.6897368685077,437.12804219980075,1.3536724858458447,0.0,50058.7,32.56,301206318.0,204166397.0,505372715.0
2080.136513026056,582.213246365882,404.8105590075246,539.4377586643894,1.188825238356995,0.0,0.0,25.36,292184745.0,139462604.0,431647349.0
1191.7230006965087,178.13879323911112,808.552912660898,582.9782620655608,1.2511148107829777,0.0,0.0,12.56,360529427.0,69186184.0,429715611.0
1370.5413102870589,2614.3841852796695,1283.094406681713,790.2431553894351,1.274856380810755,0.0,165961.4,31.52,287681113.0,169146742.0,456827855.0
1120.7034763900713,2200.4930368627533,202.38673350666468,273.15654072551996,1.2164398683948787,0.0,74882.7,28.14,287926707.0,94310181.0,382236887.0
1820.1783441125592,2464.957149325415,180.81615694379516,592.2749504444043,1.0330427925822594,0.0,318957.9,40.74,201549918.0,171340097.0,372890015.0
1530.4245271594873,3003.610294606752,1186.9125451799466,591.3626097517098,1.1031548659264885,0.0,468645.3,38.32,224030839.0,200445751.0,424476591.0
930.4312941213301,3136.713324349704,1446.6406619343131,519.7536596958431,1.1209394317490227,0.0,456308.9,32.78,248099498.0,159221090.0,407320588.0
105.04175433163583,519.116866814778,386.0503790787413,373.3835432586747,1.466486188245765,15580.6,0.0,4.38,468118251.0,11157893.0,479276144.0
1053.244828280491,852.4697926310088,211.50027492302814,338.30552460296406,1.3894383813306341,1926.2,0.0,15.0,390651991.0,39156782.0,429808774.0
799.269724260909,2804.196075861361,1605.4099522537576,110.82076969870414,1.2651958515760702,4257.2,201418.3,27.65,301438430.0,135196802.0,436635232.0
1999.715292128766,1459.7612118999007,101.88817800604455,923.3026902578786,1.4301997689434898,0.0,1869.9,26.55,347495886.0,135694245.0,483190131.0
1088.6649174307688,2004.678826848755,423.4822055522498,819.4507555446373,1.199160023035276,0.0,43457.8,26.91,288640098.0,88019805.0,376659903.0
70.63520287223032,2479.344291909862,1900.992539605412,829.1504903457503,1.0663188841263238,0.0,177249.7,22.04,273721647.0,117987959.0,391709605.0
111.18280208601526,3413.4756275135956,1874.125449759403,532.4153197128694,1.2853904470029212,0.0,370132.6,24.11,322024605.0,163606667.0,485631272.0
964.5211265820353,1523.748282568494,238.89687185740073,96.75289836109602,1.0396392880057126,0.0,13833.5,25.36,255475192.0,47347752.0,302822943.0
1744.395956257645,529.3712516705184,453.39730382942145,548.6140593222075,1.0290787308469647,0.0,0.0,24.97,254212658.0,109898788.0,364111446.0
340.2859376365861,2044.837957363603,736.186541993231,626.1592858404692,1.4473232042452058,20.8,3863.5,16.86,400670584.0,62741432.0,463412015.0
314.82067904211607,3315.764185121422,1804.9799348458373,829.0875833359029,1.2787715503836512,0.0,349773.1,25.52,314151521.0,156755169.0,470906691.0
1293.0057808156664,2320.3419555695004,1380.9911024356263,16.482200596157014,1.4748555474963898,136706.6,32269.4,25.74,355396270.0,150220369.0,505616639.0
1220.983842655734,2836.7209970307904,754.5636781227263,12.397213915795957,1.2058407959258663,3725.0,280214.9,32.57,267565717.0,151118614.0,418684331.0
1057.4913987737118,1586.27111657057,679.4341083241535,249.82608780972205,1.2165269246983097,0.0,3923.7,23.18,307826292.0,71761175.0,379587467.0
782.4549212609352,3520.852735470806,345.8546155338629,319.665567627087,1.0763762825547427,0.0,678478.0,33.59,235322800.0,132835288.0,368158087.0
1132.7996324519704,1812.387332816157,1287.4809308485462,950.0017705742079,1.0711326512963204,0.0,46588.0,28.78,251181897.0,107512108.0,358694005.0
1444.4287218966676,90.89593690881652,524.7769454672491,463.7197279965928,0.9185968730886807,0.0,0.0,19.37,243839021.0,84293416.0,328132436.0
1287.8408252543372,2462.2675084982006,1493.4634296760933,516.5745048430123,1.262366798987176,0.0,124227.2,30.26,290076307.0,160043692.0,450119999.0
825.7960489156459,149.74850799882202,199.9037115490261,654.9959242014642,1.4973331797514657,75.4,0.0,7.45,462407158.0,17842146.0,480249303.0
32.949753655472534,2024.0280934797695,1502.0175057651156,826.7748280138787,1.227122940733584,0.0,18279.5,16.65,337121599.0,83842446.0,420964046.0
1292.5248186838592,2529.111551346629,1717.9324993868613,122.28953720281865,1.455709317764918,51900.8,66153.3,27.22,348161538.0,170283419.0,518444957.0
54.24628640502346,3035.4050959767246,153.4808531193945,194.62821160492229,0.9023364878286796,0.0,552119.3,26.96,216994288.0,95097893.0,312092181.0
928.3602310426448,1213.723992984134,331.98582297405466,451.0901608039063,1.1414225299033103,0.0,0.0,20.16,300059778.0,31304967.0,331364745.0
1600.573253176876,3242.0630110342177,1305.1345035341637,124.41038872652388,1.0772344768259103,0.0,623085.1,40.48,211115895.0,222176240.0,433292135.0
1904.2686488953034,322.10620961863765,813.711678781653,942.5046192334813,1.4703989048816914,0.0,0.0,17.33,403048710.0,135059210.0,538107920.0
857.3586241469407,2422.6507037986344,913.4911967079979,753.4605394363417,0.9189487984157991,0.0,315796.1,33.13,202321201.0,101606399.0,303927600.0
300.56765550103233,2229.5416568632654,465.1045248861272,666.0522992691485,1.110733756476779,0.0,93374.2,22.24,284361149.0,64080060.0,348441209.0
1848.6559886965076,2973.911569582751,985.6756001375644,772.8950870948578,1.0626827317410543,0.0,531300.6,42.28,201941608.0,222507520.0,424449129.0
1030.5316346527336,716.8598482636997,1721.7723370419878,823.0676165684149,1.4412898010454007,0.0,0.0,13.34,414410914.0,80712678.0,495123592.0
1829.539505852581,3483.334431275966,456.6724632638519,931.8242907953155,1.2427279148111987,0.0,587185.5,39.54,247499210.0,230756001.0,478255212.0
880.9022499693473,2034.157242363379,685.2047133005557,288.5530069609521,1.0447886027865172,0.0,94680.5,28.25,246803192.0,77884732.0,324687924.0
171.8623580181094,1802.5305766442905,1775.5233514277747,630.1519692743847,1.212585379653464,0.0,5053.9,16.49,333652915.0,80746445.0,414399359.0
893.6162345531609,1685.7779035314068,418.5546951439019,822.9358771930972,1.0190297779689168,0.0,33648.2,26.42,246872813.0,54047686.0,300920498.0
1494.1584477764477,2758.745591731034,1149.7380840554686,862.9263749548285,1.07463021147039,0.0,379453.6,37.67,220539591.0,183864565.0,404404156.0
1838.1719062913699,2647.759968345474,1597.4996555235214,664.5797095273142,1.4078058101939817,0.0,130254.8,32.97,311832697.0,223024966.0,534857663.0
2070.611128766271,1525.1911619244383,1627.8313674191406,744.5797595180336,1.1717220994272108,0.0,17260.1,33.51,256520361.0,189587097.0,446107459.0
1932.6886644422875,1431.7661243485188,1130.931832552475,105.94235699096156,1.0354651164397597,0.0,25474.6,35.36,220359177.0,157863532.0,378222709.0
1752.8515155628909,1439.4863838687158,788.1681788305164,245.98101819062023,1.1949662005784727,0.0,6731.6,29.14,278834181.0,131752327.0,410586508.0
1680.1283644160478,3249.4457475186746,140.22886408836777,574.8207312401155,1.1803640207354007,0.0,523387.9,38.82,237787996.0,196212034.0,434000029.0
1280.7776582332408,1623.610743477017,797.2896417068303,471.8807124294894,1.2491994772538484,0.0,5567.0,24.95,308899163.0,97617575.0,406516738.0
1044.5499950012545,1713.8843572049457,1635.6706199161615,745.6479912378577,1.1048270965087157,0.0,22958.6,26.33,267980641.0,104543419.0,372524059.0
1669.203290019443,3098.7519284863356,306.98441074838104,582.6824617307587,1.0711871961595283,0.0,564621.6,40.78,208851296.0,192539540.0,401390836.0
1541.1742912172165,866.7907455720201,1342.8070483460638,255.1246560576339,1.206686258057966,0.0,0.0,22.12,309457694.0,116860320.0,426318014.0
1977.9278856052606,1384.1463645968572,1751.4769719264154,986.9445812038946,1.424910509283098,0.0,0.0,25.95,348906887.0,177606620.0,526513507.0
345.83067197316984,2975.359336912642,64.2987902011225,393.30188369930784,1.4224400239907182,2843.6,149333.7,22.51,366130339.0,89538016.0,455668355.0
1436.0483636044328,1933.8477512364975,775.728050165241,812.296946470286,1.3257350423689325,0.0,19613.3,27.09,318858388.0,126724731.0,445583119.0
976.6250913986789,3239.718144071065,459.8960356372648,170.3915091586249,1.2856822586001488,2245.1,361289.2,30.7,293603246.0,140078264.0,433681510.0
2026.6082045331912,897.5413611035763,499.340757867653,139.49884796218993,1.4163381331641793,26178.8,0.0,23.07,358686218.0,137257426.0,495943644.0
472.03887175763157,1826.5380520113429,1981.7449560044092,12.140900922043564,1.2338916543064764,12552.9,7173.3,19.23,327675035.0,87899176.0,415574211.0
1068.122654039812,2931.0339763688617,710.5630791055539,410.34135889904155,1.0007627883593182,0.0,492465.3,35.83,211447682.0,140431454.0,351879137.0
1544.5997579606153,2848.493340352978,273.32664155766054,393.4570739883217,1.4357429972176097,1183.5,159056.6,31.1,327433995.0,167644012.0,495078007.0
5.644665614016225,1084.4954263601553,1110.0845701050955,334.0938596599533,1.0632271135066016,0.0,0.0,10.28,314054171.0,32084426.0,346138597.0
959.1781560231983,658.9288824381883,1059.2504819189676,706.6959213132259,1.2451769715771013,0.0,0.0,14.3,351633121.0,54982501.0,406615621.0
194.13295484003694,3065.2032694210307,349.9556749749764,764.8120006111286,1.1163390664655102,0.0,370754.0,25.49,273855074.0,102256521.0,376111595.0
1632.0574106969734,748.7706393614051,373.3242073908596,497.02584621748224,0.9197616088190164,0.0,546.2,28.89,215341987.0,97222556.0,312564543.0
469.7449513611651,2628.164475429184,1674.766956610851,80.78536393781044,1.4292466256628626,94591.4,68971.6,21.67,366237057.0,118840842.0,485077899.0
1662.8233704508784,3156.9539934162844,1396.8571091576798,674.1530672939647,1.2150559400069183,0.0,442765.6,37.59,249764029.0,226342022.0,476106051.0
1361.0613630643918,3336.368082376777,201.04400283341684,315.7644778460912,0.9434729841575231,0.0,815267.0,41.78,180853122.0,172856738.0,353709860.0
1969.9187835033201,1616.3136415777783,1350.6889413523768,841.1200645043214,1.494600148845893,0.0,1414.4,26.22,365781771.0,176815011.0,542596782.0
337.31642449687405,2902.23075875717,1774.8457962734726,48.87537685087562,1.352454336111344,56404.7,161081.6,22.96,341355322.0,135345363.0,476700685.0
739.6022946948074,2354.4063530376684,1028.0963920777294,259.74225208663694,0.9811328172023916,0.0,228341.9,30.01,226078781.0,90667693.0,316746474.0
243.8349809909993,375.06197348182485,1275.5800802691556,351.4108513995381,1.0299800629235234,0.0,0.0,6.41,317340825.0,36867691.0,354208516.0
1442.5804182918077,2493.2639237322746,1078.3365847139953,934.9578168658509,1.1312485388648528,0.0,219987.4,34.61,243538382.0,163857802.0,407396184.0
1742.774295096476,272.7560507938726,1479.662188077009,988.44741383193,1.4079589297726902,0.0,0.0,16.41,389262686.0,139411021.0,528673708.0
1208.6009397614737,2275.160813507593,706.5790988738936,679.4852182581039,1.3622372299087964,0.0,47920.4,26.67,329954998.0,120698701.0,450653700.0
2081.3063831307254,1787.6403887115716,122.60813154688455,595.8579507309853,0.9714144899893011,0.0,129145.4,41.86,185948485.0,160103606.0,346052090.0
510.3351158144895,1193.4710780398261,1462.0597462968212,183.80812387850054,0.9994517681054116,0.0,0.0,17.93,270064572.0,42257454.0,312322026.0
93.75044561005527,3169.8609689645878,1387.0108487121213,39.946465617626494,0.9169753833828688,0.0,608183.1,27.75,218126630.0,137428206.0,355554835.0
1164.8359081504918,1025.599876670761,1193.4527008638577,434.60417568096534,1.4539875373861526,1505.1,0.0,16.43,403127431.0,77830805.0,480958236.0
600.0817961944521,2465.2976874331835,108.10862323719839,955.8605341889254,1.4884544807450113,0.0,34479.1,21.02,392006151.0,65471149.0,457477299.0
1540.9706014992198,1688.7212717757704,439.9868786545227,812.5163402479648,1.3418124582882134,0.0,5907.2,25.97,327791230.0,114524119.0,442315349.0
462.7741724845788,1637.9115177908745,925.5978756335701,826.4105499727091,1.3103068106004458,0.0,0.0,16.65,360655759.0,48005227.0,408660986.0
1341.004328281015,2358.8735439047005,540.9401587649578,371.711259829534,0.9273973712620237,0.0,322724.0,38.15,188863759.0,132281677.0,321145436.0
1640.772268168278,1571.7835210664243,876.4767141751471,245.35626493362673,1.0256563688756573,0.0,36034.9,33.62,224164857.0,130537459.0,354702316.0
1225.608723151426,844.1674451893431,128.41770313092883,767.5074159808984,1.1258816606438196,0.0,0.0,20.23,295672913.0,52654007.0,348326920.0
792.7911924300498,1565.6853619023225,1630.0896468161877,320.8368959398171,1.3548217267547016,1013.4,0.0,18.41,365274898.0,73799778.0,439074676.0
1958.9509930253478,2398.951551207022,863.3621623540492,747.7897231466646,1.1747384218508312,0.0,192919.5,37.95,240024241.0,200589367.0,440613608.0
864.0808602604736,1906.7778837688402,635.4446696185876,104.2502162800012,1.1489112033156992,104.9,35044.8,25.04,283562881.0,68568443.0,352131324.0
258.2415971545945,1489.9025490062716,1113.8674424269007,930.7111812056468,0.9217333986271822,0.0,14762.1,19.27,245006764.0,46095603.0,291102367.0
1295.7407775565537,1661.5787275397806,40.52225640827834,249.54817593872036,0.9710911514128809,0.0,54794.4,32.05,217252496.0,79010881.0,296263377.0
452.01579385006227,996.689983763133,802.6126707643925,529.0393934888903,0.9005939963558317,0.0,0.0,16.95,246239347.0,23197662.0,269437009.0
337.4976169109246,339.64597975994656,1099.3467985254874,329.07487040126983,1.2290386416208308,0.0,0.0,5.98,380890959.0,31774076.0,412665035.0
462.5015850342033,87.95255533793306,1882.7338025404936,108.30812118899402,0.9761152487770302,0.0,0.0,6.44,300658573.0,54416064.0,355074638.0
305.5501332736429,3562.0337820955797,1235.3204803399922,610.2899517038505,1.4920189209111179,353.5,287039.6,23.96,379067139.0,152521884.0,531589023.0
184.3948339376552,3537.4382399285096,408.0262931080818,623.0715035620354,1.152050139181675,0.0,549211.1,26.83,277600605.0,127389280.0,404989885.0
800.5395310999165,3380.413282380449,298.4554568805129,997.0690110762436,1.127475036654929,0.0,553986.5,32.35,251110639.0,126158249.0,377268888.0
1352.695674607636,3513.5014352845974,115.20210075794957,922.8643629251906,1.240686831212606,0.0,555509.6,35.66,262944036.0,178401673.0,441345708.0
1468.667492667988,541.5385875074445,1066.7748616620645,673.5137147252436,1.173748384432609,0.0,0.0,19.25,312078185.0,102194352.0,414272537.0
323.14409635112827,886.1522425606431,1708.785581986997,34.47099283276278,1.3253172470644874,62553.7,0.0,9.55,392596296.0,49388494.0,441984789.0
2083.7282261327887,27.163275867562813,322.0913656398798,674.1443008931345,0.9359945007512089,0.0,227.4,26.31,227081617.0,137403090.0,364484707.0
1229.7121163394659,2482.920375926634,1176.2926962281404,365.1847030210672,1.3183693775919834,35.2,102697.3,28.82,309536692.0,146540679.0,456077371.0
1239.1038824088157,753.7229347009287,1126.2710871702195,881.9072171389275,1.30009997141427,0.0,0.0,16.95,356116819.0,82739420.0,438856239.0
983.6852929161712,1167.3502934161077,171.77241887514572,244.6271327590287,0.9067120518521261,0.0,4612.4,25.51,222355263.0,31592495.0,253947758.0
2057.1150380395507,807.6105752273261,1629.7518853707454,168.6448818049786,1.0701606897633444,0.0,164.3,30.02,246567969.0,172743239.0,419311208.0
872.1082105911447,1177.5925608340265,1596.7016255197223,957.6934080154231,1.4251766901905092,0.0,0.0,15.43,399690949.0,62485108.0,462176057.0
320.20985258607243,2819.379895147924,295.8938266094229,913.3811065621013,1.210727145401147,0.0,215740.3,24.25,302150665.0,88484747.0,390635413.0
701.3545685982335,570.0025553231199,23.618176358009222,247.94699166088475,1.448412037968787,30250.0,0.0,9.6,433533983.0,1268763.0,434802745.0
1662.2916708875944,3520.3511591351116,201.5230422427461,592.1787435056694,1.054290284418466,0.0,810976.6,42.52,199507200.0,209793359.0,409300559.0
1132.0334565354694,1163.251234595342,566.931100486715,573.8453020245975,1.0099908971217242,0.0,1590.8,24.62,250669724.0,56697009.0,307366733.0
978.1432160868636,2362.448522109846,256.3641463656081,930.594270876904,1.203434819672475,0.0,112729.0,28.02,285286349.0,90764570.0,376050919.0
1708.7158213788537,2373.67671315446,1420.001882445091,716.1309409928381,1.4250599382368836,0.0,60572.9,30.18,329115559.0,192341192.0,521456751.0
1279.3673320728367,1009.9282607486443,199.0192857309143,606.2506194501415,0.9398116822623487,0.0,1791.4,26.65,226951558.0,59653180.0,286604737.0
503.09684677267046,220.3670801049395,1097.775178013134,160.33812494286803,1.2662443916600838,4715.3,0.0,6.39,390716153.0,31728652.0,422444805.0
1648.953797849913,2983.4270164018603,619.0870162752549,548.954532694496,1.2378064560518154,0.0,346694.5,36.3,259698452.0,193964557.0,453663009.0
985.9697747914373,2378.0634258718965,420.17424764706715,979.2432395867943,0.9588478962545595,0.0,273341.4,33.39,210270008.0,96996570.0,307266578.0
1728.9260794085035,2156.568432632812,489.70949438743185,745.6750006602998,0.9506885374062432,0.0,250560.8,40.77,185385916.0,156534344.0,341920260.0
1614.6611848257128,2141.6463567421392,221.5006367928032,79.50556309237022,1.3505018000618776,18592.9,42562.2,29.47,313241783.0,137501669.0,450743453.0
610.7713650605004,3228.165718284985,1524.146042060352,698.190244717716,1.0671636315800705,0.0,524000.4,31.02,242389107.0,144287587.0,386676694.0
1478.1493221600733,3441.7760947888473,183.11966874113784,326.162642003566,1.0408033592769566,0.0,760914.5,40.83,202740840.0,188373928.0,391114769.0
819.92653022539,2694.6675371198253,948.4851628507731,570.7306061202463,1.0884929328470054,0.0,285616.6,30.41,249405183.0,112675334.0,362080517.0
294.58812187660465,968.9691456439546,1719.360602483974,602.4169621534104,1.1267932039183401,0.0,0.0,11.67,327673171.0,49694140.0,377367311.0
1646.9539719187,233.9804798113188,507.78217584477136,230.10315405733928,1.4912187373009331,38790.7,0.0,14.48,421347346.0,102482785.0,523830130.0
1472.2155442889052,2242.5629490904516,9.969930588945797,184.31000208985736,1.281324775783847,932.1,73763.6,30.26,294477172.0,123261131.0,417738303.0
791.714795714273,3355.137792754991,1529.4484382835158,447.38407280411997,1.3497089865229623,21.8,343040.7,28.66,318052907.0,159667925.0,477720831.0
2033.718015177672,1673.3603936663383,1285.0517757770667,918.6646150612952,1.049204797221704,0.0,60600.7,37.93,214437728.0,183635972.0,398073700.0
1848.4732499941904,354.0872855859271,1296.896341175293,782.8381550557843,1.2687637315514557,0.0,0.0,19.82,335212177.0,143878078.0,479090255.0
1033.1900666580523,2240.9699727302404,303.3274175588891,215.57071033021836,1.0619396063738051,0.0,153079.4,30.75,242099791.0,91165915.0,333265706.0
1246.3699252136296,1604.100897694606,488.9516849716791,882.8093321445801,1.124353104175934,0.0,14436.9,27.09,269902325.0,84563083.0,354465408.0
929.9761345943231,1487.2149078728503,363.88591055350525,731.6270154302333,1.1690749573613148,0.0,2241.3,22.01,300213676.0,45959410.0,346173086.0
33.89607412631796,3499.369739566063,1631.5272231908273,723.5593540918032,1.4214551223111174,0.0,297146.9,22.39,367291608.0,160861006.0,528152614.0
1890.6931237675724,1225.0876341755122,1221.9173568333972,608.8078092055941,1.0603798012863581,0.0,8614.4,32.31,236318828.0,146354622.0,382673451.0
462.77044426713513,413.48333499305016,1318.6283918329057,780.9189910307799,1.3565717877102021,0.0,0.0,7.04,417450985.0,38111903.0,455562888.0
659.4341614306715,745.0932571886841,907.2283569092439,546.8134602405106,1.4514522767811333,256.9,0.0,10.45,432253850.0,26221337.0,458475187.0
1824.0062766614028,3325.2917426256345,1700.5247702719591,964.5812044363113,1.1792999983014345,0.0,575509.2,40.39,231499135.0,258346837.0,489845973.0
98.98224214800176,303.330176698976,780.5522835446864,257.6870912729973,1.0019643548166404,0.0,0.0,4.19,316056820.0,22560058.0,338616878.0
1987.4298698505322,709.3731059305595,1918.758544630462,760.838840321207,1.2845674032751342,0.0,0.0,23.61,323364454.0,174668674.0,498033128.0
1409.4995317863538,1203.25179488262,1292.8540761165643,186.6921182812653,1.4626232595215876,37329.3,0.0,19.5,388305254.0,103271103.0,491576357.0
629.2391138178375,926.3270396255581,1422.325596388315,656.4487180661819,1.1707793510059832,0.0,0.0,14.21,330745687.0,41109031.0,371854718.0
1318.6503993302895,578.9598504919078,1346.65661480391,270.6106951951939,1.0637015860058745,0.0,0.0,19.94,280359780.0,96446380.0,376806161.0
338.14516435779086,1206.5290001812775,662.5021206226562,454.17901170226924,1.0142517027998097,0.0,0.0,15.81,281123996.0,19148091.0,300272087.0
402.4207128910278,1966.511015137519,257.7548093409503,688.8970079888352,1.4663682755175578,0.0,1793.6,16.62,407561101.0,45023227.0,452584329.0
889.8688711702287,3271.012286736957,196.63318225172887,42.95762737564457,1.332821326508304,27756.2,331022.8,29.36,309133264.0,126021300.0,435154564.0
1586.7299796664204,3060.3014147056774,113.63535679996284,776.9070549568304,1.125923239677949,0.0,478877.0,38.52,227883584.0,177434333.0,405317916.0
632.458964142384,628.0768344761678,1992.031510205054,63.66358931886362,1.3962048087647996,88386.3,0.0,9.8,412122216.0,57575062.0,469697278.0
1333.34589799775,2668.342012670578,1423.4342398435929,858.4344850731825,1.010275241913665,0.0,383828.2,37.26,208701667.0,172452011.0,381153678.0
1.7193261003190101,2172.658415227056,707.7172786466679,123.78733111713768,1.0116832524625434,0.0,112120.7,20.18,265868691.0,68267017.0,334135707.0
691.6973164774797,254.94713631873273,113.82640425690171,916.0262548324441,1.0872616496122178,0.0,0.0,9.78,322927282.0,3289889.0,326217171.0
2047.9510042324246,3500.6522402393516,285.1425646542276,714.924302896191,1.2604829334762415,0.0,600698.6,41.01,244927151.0,246804328.0,491731478.0
1439.9991474242452,349.17333005254346,377.1201572691161,76.6386614508815,1.2624805231302427,7639.1,0.0,16.1,348626112.0,79617162.0,428243274.0
2057.042393145355,2439.3038716983274,1421.5230700438592,984.5850415432811,1.3068069325030778,0.0,134207.0,35.84,276316508.0,227773658.0,504090166.0
83.77857893036064,3147.2303311094493,729.3565807575926,4.363621514715366,1.2043405065364923,10586.0,326146.6,23.69,302145022.0,117296241.0,419441263.0
1953.6762768270098,934.110394517789,983.0263461056799,173.77688778239076,0.9346156029998641,0.0,6674.8,34.36,202002062.0,144510129.0,346512191.0
167.936213896841,2639.0495886397202,1728.1489414842981,143.2988392524911,1.0729911406862813,0.0,233543.3,23.81,269157288.0,120924353.0,390081641.0
406.63644003946496,97.4864702429334,1106.8627397739672,699.9221701376475,1.2887264885310423,0.0,0.0,4.45,406580811.0,31991307.0,438572118.0
809.0916461251862,2014.6871927618563,188.19861327244936,154.30371872268444,1.45907677173179,59498.0,5698.1,20.26,383101063.0,55929227.0,439030290.0
1587.743654204485,3349.5429178453574,1833.3605689987344,649.3926171077406,1.456943188867299,0.0,313225.9,33.15,322632358.0,241598187.0,564230546.0
868.8280549269358,13.126968569335599,125.14223169231875,109.4873257008152,0.9572120719097161,0.0,0.0,10.75,281265981.0,19650533.0,300916514.0
733.2994849227993,2545.6130298069684,1581.2976132009899,590.2132743446247,0.9878617047341878,0.0,299134.8,30.8,225075013.0,115571943.0,340646955.0
1559.3748404789453,1287.9309664694842,25.98669734359249,280.58862053274936,1.0983603324845868,0.0,5117.8,28.28,259339123.0,84350036.0,343689158.0
571.8019409297445,2947.088656070936,1519.8527951881806,695.5520304126414,0.9834030471073592,0.0,470418.9,31.0,223436025.0,130203325.0,353639350.0
1684.333701737598,2458.1487408378653,389.67537296278374,648.0939302815164,1.1901069846022088,0.0,184961.4,35.34,253401087.0,164508474.0,417909560.0
916.0448789702292,407.00708340477144,1036.6085516903306,99.93180897236364,0.99855203235256,0.0,0.0,14.8,280073291.0,50349552.0,330422843.0
276.3590652628803,3463.4130530241277,569.7293808877802,355.2043235960077,1.0932483637776216,0.0,581132.5,28.22,258360737.0,128386345.0,386747082.0
1872.8521781964298,2043.5662581456452,1838.3197978666235,299.92490582789554,0.9689008046591694,0.0,203087.3,41.17,187695332.0,203175841.0,390871173.0
1159.715473929904,1254.2992801977637,1603.8136669814967,879.4234089116586,1.1835441065442431,0.0,0.0,22.07,303713584.0,91419239.0,395132823.0
2025.2835652182848,2007.4372130301933,541.8407867726249,488.9755153442745,0.9223861754417566,0.0,241285.2,44.28,169210443.0,177969699.0,347180142.0
1676.3424191484958,368.209234601548,617.49697700601,565.3165470049433,0.9257850753881394,0.0,0.0,25.15,228138463.0,108364574.0,336503038.0
165.3757347933196,2526.9023781352366,143.55418612153747,477.0828662473765,1.1032173800524503,0.0,176525.2,22.75,280607630.0,69555323.0,350162954.0
475.54556558912833,685.2673992451055,1526.822587465159,951.5421931502825,0.984107845321999,0.0,0.0,12.62,283095386.0,44129274.0,327224660.0
2000.9353419780548,2158.9878876146267,1283.320810726514,709.9263781425818,1.3224713342127485,0.0,62818.4,33.46,290139753.0,204681653.0,494821405.0
1709.30616056716,1754.9912043921418,1066.7171750294021,323.8270024634159,0.9631545562698702,0.0,98468.2,37.75,197411596.0,151456686.0,348868282.0
1385.7747980811669,122.00418814609084,551.2701021667366,94.22986444610027,1.014436294393631,0.0,0.0,17.17,276622742.0,79649007.0,356271749.0
1331.753953391039,2281.370167643853,842.1098259914241,90.17197648949116,1.160024349875645,54.4,126868.3,31.78,260549105.0,136283713.0,396832818.0
735.4730578245417,2615.2667248670978,1158.0532163981034,491.565767336999,1.192189249382997,0.0,180489.2,27.34,285302748.0,106999000.0,392301748.0
2014.7290099379734,2745.3480247835255,993.9591209202556,479.2226128889776,0.9158874607829781,0.0,607566.0,47.67,157809113.0,226713210.0,384522324.0
1965.1318140217968,1158.6015175154066,511.87816376148754,999.4089253876714,1.3312138029027147,0.0,15.7,25.97,325054302.0,131949319.0,457003622.0
98.75346732901544,224.6442816028425,51.00312792039574,599.6188995128691,0.9429387000371711,0.0,0.0,3.61,299227382.0,1474127.0,300701510.0
1946.1147240216803,3400.970740282321,1092.1081334961596,616.6389313959509,1.07513664091515,0.0,754106.9,44.31,197126073.0,255783753.0,452909825.0
133.38275092124988,2676.98141604629,203.5719774980349,85.55764101839314,1.0867338655225343,4.7,236874.1,23.45,273870738.0,78743932.0,352614670.0
25.990900761984093,1575.549285195427,1415.3618201601535,801.3489314219389,1.2625843822793528,0.0,0.0,12.74,363618788.0,59063393.0,422682181.0
1765.7327134925079,1475.6029996746104,1697.5441701209534,506.4733104983793,1.0338216767989772,0.0,25666.5,33.96,224816073.0,161017669.0,385833742.0
1968.5436732870714,998.1442720287329,52.40296837558623,242.67404295502692,1.1200125367544567,0.0,1778.7,29.45,260143137.0,118983956.0,379127092.0
732.5640896581156,1904.5430592801652,1766.253764071847,292.3382271096991,1.2124623647755013,0.0,19510.4,22.6,309150748.0,89009998.0,398160746.0
709.1897184404794,2983.0362055247174,315.20302657695674,103.51026831005849,1.201797151942561,912.4,305164.4,28.67,282296468.0,98479941.0,380776409.0
1400.8856163210505,2887.7564799594825,1179.2497058106328,773.8497613190007,1.1356260351365544,0.0,372271.2,35.9,239671876.0,182521761.0,422193636.0
68.52909250558781,421.4404876826502,77.44520245799235,328.9436504764927,1.1972948047612095,0.0,0.0,4.19,377978433.0,2238374.0,380216807.0
742.9219534247186,2034.9760944910036,961.2182969855754,677.9428018639403,1.3001772981380437,0.0,20326.6,22.16,333860888.0,73175882.0,407036770.0
663.1637467215967,1256.7584729607622,1170.2956432826065,596.4324678908418,1.0888199481822798,0.0,0.0,18.68,291507798.0,36147028.0,327654826.0
688.7127918417616,2519.383397865714,1294.8216457521391,135.0508046797747,1.1646251278052362,69.2,163520.3,26.87,280463493.0,102456603.0,382920096.0
1861.2921741115806,131.78960425924504,1710.3278929684272,163.17815706414362,1.2043491794770296,23.7,0.0,19.16,320603393.0,157009755.0,477613148.0
884.7414543044789,36.76949454949552,1830.793874179264,454.92522733430565,1.472560966056369,3718.7,0.0,7.27,454397365.0,70416270.0,524813635.0
597.8610335416693,3144.5810574999796,1844.779147991261,556.8324163707806,1.0216066727206305,0.0,529139.0,31.37,230854541.0,149403369.0,380257909.0
1428.7408959404263,1992.7903815019404,1889.0593317052517,439.27206181049183,1.0611081885838933,0.0,100244.0,33.4,232703239.0,161156455.0,393859695.0
288.3283981152133,2536.0398543326464,1948.2192379611645,28.343770571398473,1.344267212866876,67271.0,72898.7,20.74,348422939.0,122168820.0,470591758.0
1932.649805936905,271.4569692452781,220.34009021226632,691.9570984497086,1.288778025537473,0.0,0.0,19.64,341416934.0,120527004.0,461943938.0
143.50516093437227,3028.954590308698,1046.8476956897848,907.1973733366126,1.4267945285956225,0.0,152064.1,21.14,374536371.0,120598219.0,495134590.0
1694.0786984695956,1872.7129933672493,503.4212834988645,505.97550391113253,0.9604868266810681,0.0,134720.4,38.44,194677615.0,139618223.0,334295839.0
1373.6942195670936,486.3373058012977,1022.3459250014462,54.381974166817784,1.0797074941647875,0.0,0.0,19.38,286563973.0,92150073.0,378714046.0
483.8877604965076,2250.714500043364,1573.5734240450174,57.302954540526144,1.4101702110932304,96267.8,20500.9,19.82,369379974.0,97169375.0,466549349.0
1794.7006439803504,1242.4367396655227,1318.0081319406443,402.6130317034495,0.9925145293137789,0.0,12810.6,33.52,217267923.0,141139404.0,358407326.0
1102.2611427040852,313.48561844079586,1756.9443107919758,924.2897594096086,1.392967882206842,0.0,0.0,11.5,407980620.0,88345443.0,496326063.0
1172.8711317762154,2024.0828857854015,1969.2147532018596,247.9016898311829,0.9455690195431246,0.0,160051.2,33.88,205873973.0,141426393.0,347300366.0
1171.6468257084557,1193.491720050675,644.6775456160884,7.085354169948044,1.2577436457287599,15147.1,0.0,20.39,329049353.0,62597955.0,391647309.0
550.5102692446553,681.926529939432,80.86386278600743,364.3615764756113,1.4273813234318744,5787.2,0.0,9.29,429849560.0,2337183.0,432186742.0
701.9586338405213,2465.039382734125,1513.0939268038146,328.1008091901996,1.3929844410072247,2838.0,56821.5,23.12,354458234.0,106708021.0,461166255.0
1442.569090405589,2030.049290184454,1.9849281012578324,35.09076592280813,1.494519506463638,137435.9,10493.5,24.8,365164874.0,109740951.0,474905826.0
1631.0619805049212,3403.361889345798,1804.606409836055,20.442983142750837,1.3751083738746444,36296.2,404604.5,35.07,292578362.0,247435731.0,540014093.0
940.6388762632573,2866.0962805223803,13.431568326770282,288.19930120056426,1.3507942654747813,1462.3,180700.6,27.76,322236622.0,105298365.0,427534987.0
1653.4483442343146,2249.564002409085,602.5123788925275,310.3625912878629,1.4800583781852197,10081.3,31638.0,28.02,352812843.0,157451505.0,510264348.0
915.7573937033164,1623.0657473851284,1104.665500481399,409.5023368643887,1.2316029387584484,0.0,2916.4,21.86,317056544.0,72805685.0,389862229.0
901.4193564703581,3000.9751581559376,1818.102039596568,932.1102598153617,1.2385777234976318,0.0,296094.4,29.87,286196922.0,160539644.0,446736566.0
921.8797423134728,2560.0214134143716,1676.6471825918131,562.9822420663771,1.319988613093357,0.0,108436.6,26.59,319732086.0,136437721.0,456169807.0
1563.1856962538022,2455.3094094837506,1492.267111458619,208.64533255599838,1.1990247282130786,0.0,169941.5,34.02,260523120.0,185060843.0,445583964.0
1226.539936351607,8.994889010993782,1711.925017627364,610.024508444912,0.977481799018922,0.0,0.0,14.76,274309993.0,98507516.0,372817509.0
1702.1044963205995,2602.916788179177,1516.5990869272741,392.0424618618562,1.4125215040169952,482.9,110735.4,31.59,319440850.0,205908896.0,525349746.0
863.2475087459752,2070.9482251924965,1.2846073997474505,644.8731146778622,1.330905475276762,0.0,22321.6,22.96,338543579.0,58316450.0,396860029.0
1182.423027044132,1802.5085058683262,1619.8729474234167,681.3727171652419,1.0668444238320138,0.0,47430.9,29.33,248226192.0,121205654.0,369431846.0
1999.6679098967704,2567.379914929087,1975.8778578248493,971.2613162688683,1.4513458336860539,0.0,98223.1,33.0,321805745.0,244864999.0,566670744.0
1574.9496634547663,2212.2286076439914,344.34132736584843,543.3514174237577,1.3592259134365965,0.0,49442.0,29.4,316793846.0,140894765.0,457688611.0
1085.987175901109,3151.7080361125377,219.31179838339654,380.94034804863406,1.2035786511561943,0.0,401654.3,32.72,266707649.0,138840921.0,405548570.0
901.3982418870903,394.16916859223767,307.0565880892611,837.6172928554871,1.1906305555208707,0.0,0.0,12.16,344432177.0,27912561.0,372344738.0
101.58625977943714,59.863270088869186,946.9508039886532,164.3787259244437,1.3230755675995332,21097.5,0.0,1.35,430897398.0,27369422.0,458266820.0
1658.2494193703615,828.7170516992933,1184.3538897635615,154.444643485386,1.0821495909566323,0.0,0.0,25.58,265137035.0,123079396.0,388216431.0
1853.1386053682886,1975.0760720807882,1771.7773902884003,225.24780417950697,1.0980146059491998,0.0,99755.8,36.64,229084296.0,196032559.0,425116856.0
981.9352086824636,1742.6906729561906,1995.2959343674008,114.44531897113008,1.4111790213609545,44427.2,0.0,20.5,368857693.0,110592797.0,479450489.0
1800.7770521945993,2008.1110324821682,688.0743365183075,519.2261042882961,1.0754806228839384,0.0,117499.0,36.94,223280642.0,161521633.0,384802275.0
1666.1390299972738,1808.7533461184983,1851.6843577549012,622.6913443560438,1.20859159986881,0.0,28775.8,30.81,275400664.0,172832878.0,448233541.0
1482.5796030434049,1829.2766608817503,1809.0127008388943,184.44596088684128,1.4840092102475433,42246.7,2171.3,24.0,371834618.0,155687688.0,527522306.0
1693.4173006097353,3124.4621035694768,965.8156647421423,837.2015493375974,1.084064450146323,0.0,565724.7,40.78,211367947.0,215091930.0,426459877.0
1588.6619523063052,509.8340749521522,614.1038319250174,445.73266335973284,1.093391830886053,0.0,0.0,21.65,282021667.0,100179015.0,382200682.0
806.9306860764228,2976.9802235648235,513.3517842843352,745.2811721545722,0.9442272414669911,0.0,550143.8,34.48,203674852.0,112921642.0,316596494.0
1596.5660391689019,2875.044371472076,803.397551004964,722.4778231674704,1.4490830422470595,0.0,160789.7,31.4,329233992.0,189076464.0,518310456.0
1669.4865498611885,1417.3208327409643,968.4270285601289,779.3575447858054,1.0755567539094741,0.0,13719.4,31.18,243689576.0,128171968.0,371861544.0
1676.0955135440013,1190.8982474962165,1611.9811647710762,86.80044335072334,0.9266383781463541,0.0,13792.7,33.83,201888351.0,137085065.0,338973416.0
2080.1533077660793,3156.129357341921,1765.6950069324078,951.2799476066175,1.1629897856486928,0.0,538026.6,42.46,220335551.0,275455231.0,495790782.0
598.0521315081173,471.99073191498786,1002.418267076929,220.04832047660784,1.461330514043592,51718.0,0.0,8.02,444558431.0,28972581.0,473531012.0
8.346593693194414,519.8041580075313,492.95170616685357,198.95671159319505,1.0354670619478261,0.0,0.0,5.12,323435144.0,14247629.0,337682772.0
1367.859256552557,1188.8688442767316,1230.0487638067466,890.2579336462912,1.2615340593154212,0.0,0.0,22.11,323773317.0,97615037.0,421388354.0
1448.1008698321054,1326.7769725435269,319.4769352454183,320.5840624499061,1.4785695892224648,11743.9,0.0,20.43,389841093.0,84498335.0,474339428.0
1296.4767365847908,1007.3653635454751,901.8305343242076,835.5130374309944,1.3010661424234642,0.0,0.0,19.4,345825267.0,81544453.0,427369720.0
1168.9611729203157,3213.141242180843,1344.8791444335807,642.7297307910954,1.013860882326461,0.0,632202.8,37.64,208180258.0,182077398.0,390257656.0
221.82040408087022,3503.4658849183584,1197.7167402007053,415.6834091464291,1.2534124925461305,0.0,442082.8,25.77,306724894.0,148526159.0,455251053.0
128.87793883452656,2984.3220042719076,433.29107112867194,804.546006317947,1.2206270659581664,0.0,256550.1,23.16,309062456.0,100648030.0,409710487.0
576.6526484746422,109.66211211871577,1631.6667106532113,176.46014146930668,0.931083069383924,0.0,0.0,8.42,280724632.0,47159551.0,327884183.0
1576.0050687719615,1270.656897213913,778.6680111833,247.06758728071898,1.4155070872181383,9348.5,0.0,22.0,364688229.0,106780543.0,471468772.0
619.9320619321194,762.9990281962166,618.4994526723123,203.14957516739696,1.0905931324831246,0.0,0.0,13.65,310023002.0,17876296.0,327899298.0
172.9220246801408,575.4640057036338,834.1057667922958,879.4668555898763,0.9343744480333716,0.0,0.0,8.33,281987737.0,24107897.0,306095634.0
443.4267635946639,3297.2948022159944,1780.0293483198432,679.4508332959413,1.0442841324571428,0.0,565947.7,30.0,240699789.0,155116717.0,395816505.0
875.3050198013133,766.7322098098131,257.1770182504065,379.9983945138915,1.24549296304221,0.0,0.0,14.38,351442362.0,24064116.0,375506478.0
750.4596283441189,2217.29311819147,592.509470758611,345.85052776079027,1.3744041549867658,1114.8,28219.5,22.29,353267207.0,72269557.0,425536764.0
1831.286213913694,1168.983715957719,1143.0316026905525,278.162283892268,0.9320007850244565,0.0,15116.9,35.33,198448310.0,137845673.0,336293982.0
1538.4322231364506,620.7426441472257,851.4250474938343,487.0454933791568,1.0106829505074635,0.0,0.0,23.94,253069894.0,102405136.0,355475031.0
197.1479061331812,1263.2872432559864,1904.5718151006367,615.1355899884214,1.1288461370417415,0.0,0.0,13.25,322398018.0,57693844.0,380091862.0
81.12906131423813,2178.992011449627,184.51528187074518,542.5440710475264,1.3511703049630457,0.0,17644.6,16.69,372999337.0,53459642.0,426458979.0
883.1754511946295,1086.8637261839835,94.7684676351972,24.777875161596796,1.1580159417873128,1230.0,0.0,18.31,311392819.0,20096027.0,331488846.0
1841.774889415688,885.9478870192811,1148.1110115636425,684.3058196797618,0.9364979205008169,0.0,3753.5,32.41,208402046.0,138959938.0,347361984.0
319.2142835500413,1202.5347601130284,1340.186348297141,439.03511222809686,1.3405170409309473,87.8,0.0,11.77,391305506.0,38734986.0,430040492.0
1808.9415497201064,2752.8913640527107,1984.4944146264982,754.3610687316497,1.4113075170044702,0.0,155643.1,33.18,311689916.0,236735530.0,548425446.0
1735.483857399527,2650.864717076569,1603.603633311781,934.6832278674102,1.1851244271157755,0.0,260812.4,36.84,246479081.0,213883830.0,460362911.0
1330.8284448576533,1869.2311893091648,1702.073974384146,431.3596028715073,1.3918360626868398,180.8,7015.8,24.56,347085599.0,140584029.0,487669628.0
1666.6542889941345,3491.6465479679837,497.8413985148376,709.6195098859123,1.3541516985884918,0.0,465427.6,36.03,285849611.0,217334492.0,503184103.0
1952.140657497728,3292.0557775415778,1147.0517234168967,579.1531858639798,1.0003747370425375,0.0,793047.9,46.13,177430547.0,252518142.0,429948690.0
2032.797234553563,925.7133896134394,1449.4724369025841,795.7950048053125,1.1647293027668286,0.0,0.0,28.36,274713072.0,165289649.0,440002721.0
440.33890626058593,685.9261947174629,1712.9920018031835,510.7564867485148,0.9540821892229601,0.0,0.0,12.59,274543452.0,49510070.0,324053523.0
1494.985600710623,908.1209216822574,1752.7895015017584,309.57178602997527,1.020162498054086,0.0,0.0,26.04,248406567.0,124449553.0,372856120.0
176.92985481203806,1856.8580259946605,901.4751756365746,751.3121446031429,1.178761552315822,0.0,12400.9,17.4,320691983.0,58182371.0,378874354.0
716.8562952073137,949.807343747587,556.2934909399422,927.847901827814,0.9990471612526874,0.0,0.0,17.91,270006148.0,18094361.0,288100510.0
2060.347845201658,1186.717622347776,176.78047083499493,248.690380787865,0.9350486277327712,0.0,22559.3,38.17,190331739.0,131046651.0,321378390.0
1647.2120687067645,1860.5670725242128,673.9732377336019,662.0496046315625,1.278387915570192,0.0,23592.1,29.41,297367953.0,139621492.0,436989445.0
1959.6333060395257,3489.375675796618,1361.3675513308106,817.8159272441685,1.375455060201107,0.0,470474.3,37.9,281908513.0,269203786.0,551112299.0
1024.367865679291,2557.1835855613035,156.51801536714038,758.0210831503069,1.4770998043154204,0.0,59345.7,24.95,368449373.0,101814278.0,470263651.0
177.17236026716463,3035.100298068432,1865.9600532985426,226.18888980206208,1.2148867125655223,207.0,280413.7,23.92,304544444.0,144578004.0,449122448.0
1934.584400090331,3485.6203964183737,255.76476870463273,349.0042255554506,1.318886784690514,5.0,521524.2,38.81,266080358.0,234751917.0,500832275.0
461.9494712196647,1178.9173819431653,46.58212000938655,153.5216809311989,1.2373976966506464,1592.6,0.0,13.9,351030444.0,1346348.0,352376792.0
1361.692788244221,2355.549946877888,1556.7209415564334,415.28141373879146,1.0640944297446933,0.0,211162.8,34.71,228737334.0,163383665.0,392120999.0
32.4857595886646,750.0662685701644,624.7756244040745,178.20685648046552,0.9120866828979614,0.0,0.0,8.65,274298047.0,18057694.0,292355741.0
328.27826406692446,2417.9413794502875,1259.1708329451917,935.6836393980425,1.3789009748383856,0.0,44418.3,19.95,365813148.0,96387906.0,462201054.0
1183.7715036138836,499.32954140035713,1128.1436378503138,61.59506091418076,1.1585309384465117,231.1,0.0,16.26,319396675.0,77689783.0,397086458.0
813.6892413549025,1552.9641279874782,559.6518367895744,685.8304476238237,1.4045666803792676,0.0,0.0,17.84,382292984.0,44157026.0,426450010.0
1602.3579295688683,2278.7401077208956,1076.6895986660265,31.084180008030373,1.3337603992151528,23260.2,67591.1,30.54,304220037.0,167893095.0,472113132.0
1136.289429021167,982.7900139099094,655.6840777068833,935.6067864697413,1.2746173470703361,0.0,0.0,18.14,343953528.0,59654771.0,403608299.0
992.2774262609465,2253.94591514152,827.484649971314,470.1822732030162,1.0741855540246021,0.0,147740.0,30.14,247074516.0,103186232.0,350260748.0
917.0941317335788,2488.699803749615,79.88385017293842,795.0274072961548,1.0697877245167877,0.0,226976.1,30.74,243935775.0,86303245.0,330239020.0
1423.137169306762,2333.092892288618,1305.2560982826108,608.1289162558029,1.475461102841721,16.6,36311.8,26.81,358349869.0,160667806.0,519017675.0
1059.8975792198898,2658.3183893207256,1410.8986624691554,236.26757727833038,1.0699835035120955,0.0,303357.0,33.01,235993055.0,146369479.0,382362534.0
884.075649657278,1008.0434875814495,733.4861978599195,390.9606139283059,1.2623187365630064,0.0,0.0,16.18,348759845.0,38639718.0,387399563.0
458.4707391026035,2919.579473132375,875.0727135430092,706.2441116832468,0.9488654887444907,0.0,482312.4,30.28,217797239.0,110201157.0,327998396.0
979.8778467493049,102.43690180370177,1351.8199836311296,343.71007699706956,1.4695516884634972,14531.5,0.0,8.49,446478147.0,65347847.0,511825994.0
675.7989874439594,2046.6154098043485,514.7751513892293,620.1126289473403,1.1802254100799408,0.0,44193.3,23.6,296933586.0,56430328.0,353363914.0
772.7599252392446,739.392337161053,223.0426879429106,119.87913395667327,1.4994240105033318,139637.9,0.0,10.96,436939866.0,13618968.0,450558834.0
859.6678654973343,7.004839580222236,1905.8575812520287,19.979924229812653,1.1511516753327202,1482.7,0.0,8.79,345598199.0,70273070.0,415871269.0
1495.9407667488176,3319.995257069495,1425.7725828642021,463.62575490001177,1.484665223390462,1235.2,275538.1,31.92,335351769.0,219882532.0,555234301.0
81.98091362436884,3582.418695212969,1698.7831034168778,928.9300171263592,1.052863454458522,0.0,665985.5,27.3,252033747.0,166929650.0,418963397.0
297.02508071270245,2407.8344641229014,1031.71887597224,523.1679607443795,1.4547715070899305,550.5,27314.5,18.73,393966158.0,89311956.0,483278114.0
1292.8686903720518,1129.1617214296614,800.1331128357521,133.49583509185126,1.0153884241654136,0.0,1754.0,26.0,247392287.0,78272325.0,325664612.0
298.88489638688776,2941.357568597217,1409.7469359442375,530.3450176108519,1.1246207001765425,0.0,319366.0,25.85,274594009.0,126736325.0,401330335.0
1393.8105953262707,2950.8464121356124,1762.466431343418,547.0162282063336,1.3919310730918206,0.0,205072.5,31.14,316736728.0,201859173.0,518595901.0
1066.072912865469,1722.5442237520438,1730.8637112442004,386.373936264664,1.1375476074244213,0.0,18546.5,25.92,277467937.0,109710097.0,387178034.0
635.7401549190502,1882.8872737094587,1089.7000673789214,660.4611453104569,1.1583013860657423,0.0,24943.3,22.43,295859019.0,64915363.0,360774382.0
454.19075357730463,3146.6366865623695,692.0017344760288,922.9434198401747,1.0244119998158734,0.0,514489.8,29.84,236631221.0,116187101.0,352818322.0
1167.7198379525405,1947.9127895119116,1657.2956958539905,138.85138675082976,1.445962303750477,46908.8,5469.3,22.88,366909182.0,128152830.0,495062012.0
1108.0277389787664,2127.57706360915,1020.3325865955342,36.02490683626647,1.198254397083959,2327.3,65027.5,27.93,284271066.0,113160329.0,397431395.0
549.5010466815253,1243.958094771528,1298.20319837428,497.69712947410596,0.9559309276004763,0.0,1037.5,19.74,252619980.0,39208147.0,291828127.0
152.29105787826737,673.9374350910543,381.77029314444735,608.3007569713649,1.0066886784273257,0.0,0.0,8.47,303342389.0,11034187.0,314376576.0
1838.3849975278968,761.4311980266897,182.26289085276525,875.7460163596469,1.0771965456460397,0.0,112.4,27.03,258794400.0,110731655.0,369526055.0
887.0061832033391,3481.265773965166,1888.7384383155477,714.9168892649178,0.9413633710395328,0.0,838781.0,37.22,194596590.0,185106240.0,379702830.0
1237.1141614827636,3590.352904203396,1893.8324568479609,106.00249251994288,1.1375803818542212,0.0,692207.3,36.92,236265648.0,222964798.0,459230446.0
657.89411520742,470.9130280648071,1389.5966224975218,273.84836436023676,1.1069194818751786,0.0,0.0,11.21,323556434.0,40163075.0,363719510.0
188.39825792245645,1807.622238366556,316.335727304113,432.09042357948914,0.9860053332619809,0.0,44232.1,20.05,259542995.0,38824889.0,298367884.0
1988.7770205460538,526.2865955056277,1043.7743077012665,196.9798253189875,0.9458170820835655,0.0,0.0,30.15,217514133.0,149503538.0,367017671.0
421.81347028577466,198.830009827283,278.79476624197764,493.48415776321696,1.2910893126345446,0.0,0.0,5.36,403444107.0,8057918.0,411502024.0
182.1035144246685,1600.8976047724946,1162.494045706704,234.22567621106148,1.1232470469096152,0.0,2477.3,16.14,310157434.0,53013803.0,363171237.0
149.775703394574,799.0758212461345,933.5058518378801,990.4421789253223,1.4977590377634802,0.0,0.0,6.51,469334013.0,26980827.0,496314840.0
2042.5112051441404,1535.803582270189,161.36075682933006,323.5734372493335,1.0426286252225865,0.0,40560.0,37.18,215646465.0,145137355.0,360783820.0
29.453908687046805,345.6980053468027,906.3838700981321,339.662463804297,1.0082122329806897,0.0,0.0,3.78,319392518.0,26196929.0,345589447.0
1493.0684388234877,1296.3296131047255,1703.7357114930887,240.97716026311733,1.2230360940519749,0.0,0.0,24.88,302600182.0,127142639.0,429742821.0
383.93026775604545,1797.9412374806066,304.9330179567724,161.57862437152193,1.2673340262252095,3307.4,4471.5,17.71,343773886.0,38014496.0,381788382.0
549.9938979364737,625.6930324282177,1859.5365002701462,43.00325074005107,1.2390888676175322,12359.5,0.0,10.25,365785584.0,53745600.0,419531185.0
1143.130110222358,909.7102140831071,905.5434902256357,87.73778308263547,1.3327620875543313,21749.4,0.0,16.86,364474197.0,67507352.0,431981549.0
462.23855436567635,701.988856170398,629.7569565550061,902.369920263142,1.3778799889701256,0.0,0.0,9.02,415391781.0,18201668.0,433593448.0
1974.2704270138847,2366.6233161001,1325.8430220641753,480.03099942621697,1.4431117940201852,143.9,62645.8,31.89,325224825.0,213763706.0,538988531.0
1065.178856228636,1288.8680569859396,1280.7500198353302,546.1394934009635,0.9744118891859374,0.0,5990.1,25.95,237577214.0,75078863.0,312656077.0
818.8324880074156,1137.3712422729623,1693.6675500222636,378.84255697310874,1.3929331395833355,1010.9,0.0,15.05,391740844.0,60373627.0,452114471.0
922.3823032834715,2735.2070453075644,270.56385702237986,924.6502196584624,1.188335934479351,0.0,234959.3,29.72,275033945.0,104545387.0,379579332.0
541.6793421308488,876.607271104249,530.1545771499439,366.7241729179677,1.33051171960537,277.1,0.0,11.36,389766507.0,15322891.0,405089399.0
1979.9223444481545,2428.6058713487846,1094.3325418882016,448.5978080171347,1.3969166802225699,23.1,89513.7,33.2,308239239.0,210672224.0,518911463.0
1771.5352671000558,1063.7267581911315,1906.8404973068602,395.1153632063821,1.3800468415149167,147.4,0.0,22.72,352235968.0,154410482.0,506646450.0
2015.8194458014566,2554.278906105869,323.10145290238745,586.1369551739308,0.9712662738573471,0.0,442596.9,45.06,175686714.0,197934425.0,373621139.0
1645.3611531267113,1021.1740811621951,1390.4296461200372,910.0896741301989,1.0086059104021035,0.0,2198.1,29.18,235183934.0,127846749.0,363030683.0
819.1085934834326,2349.0412007070454,839.3171856190022,174.81894162471522,0.9174429685012783,0.0,282426.2,32.34,204387973.0,92278514.0,296666487.0
847.7571296185927,2356.628766492371,1147.9684163049772,156.2412397606424,1.170416066320432,51.1,120142.0,27.38,279879586.0,104218703.0,384098289.0
770.3471312879121,995.3547203250415,1458.5424877207784,309.6520300271843,1.2240851713998175,0.0,0.0,15.5,340751062.0,49105679.0,389856742.0
1924.9210710371506,1957.571815580504,1234.0458203211215,73.24598616755141,1.0068804862450418,0.0,149717.8,40.01,198884151.0,186242378.0,385126529.0
210.48325053656657,2776.2710025316997,1671.8421618336847,186.45529319457765,1.0315630505538547,0.0,320832.0,25.56,252846479.0,126112273.0,378958752.0
673.8871985924523,2145.611749542423,1243.592387600039,686.7539585414576,1.4431156537280776,0.0,11339.9,20.25,382300320.0,82411928.0,464712247.0
615.158692935282,2391.2951308205957,1119.4456915553842,305.8372404125671,1.444449111956204,11096.4,33066.5,21.28,377204451.0,91026042.0,468230493.0
199.0829139349685,2584.563727400347,1455.7474260452038,915.3265276899616,1.2111483554108122,0.0,136384.5,21.92,311561636.0,110345083.0,421906719.0
670.5825751871278,3004.6986315918743,1541.6205636647853,500.31561441947036,1.3607144253802868,0.0,203226.3,26.06,332626893.0,133693770.0,466320663.0
558.5206303310888,2139.9079793645883,1730.366909575751,317.9845046165125,1.190129989458446,0.0,53047.2,22.95,302032689.0,96197731.0,398230420.0
1982.9285209504744,2897.508986357404,1774.0780406611054,385.24706089044633,1.4979031557807354,4464.5,158627.9,33.56,329802796.0,253884859.0,583687655.0
318.09928576575004,1883.1372170752015,958.5467645924988,798.4321908001345,1.4451706635090071,0.0,0.0,15.62,406056566.0,61137094.0,467193660.0
1524.4256008533046,2275.342937152999,854.8583816970074,510.32591707573414,1.205580187934893,0.0,112372.0,32.55,267809046.0,154124513.0,421933559.0
42.46826763192743,1826.05627152447,1711.9416003482497,709.2740111422482,1.377425173275003,0.0,0.0,13.64,394951919.0,80077205.0,475029124.0
814.1612036673662,1920.1728499940377,66.96713799420095,382.99794216934356,1.1846496269355864,0.0,29047.1,23.97,296622297.0,48198701.0,344820997.0
532.1105556640853,113.40475373605882,1380.816217557904,435.0877508488432,1.1494069158673406,0.0,0.0,6.4,354239793.0,39909298.0,394149091.0
521.222382149441,1952.324348362802,876.053562541463,473.98447302909096,1.2485228090618292,0.0,16363.0,20.38,327624953.0,62189117.0,389814070.0
13.186889494848224,3294.9361298444737,142.17479389016253,450.9247473159945,1.0244237251436288,0.0,547042.2,25.87,250008246.0,107661173.0,357669419.0
1092.08624013619,1017.2352949336104,1720.0129961252078,396.3598339624202,1.2832533334610625,0.0,0.0,17.89,347406694.0,86339514.0,433746208.0
518.9142331883277,70.44432629328354,808.3090712265522,536.4864895582901,1.17572829075705,0.0,0.0,5.76,364925260.0,23362304.0,388287563.0
2005.799948562323,2565.826201061083,1991.3396012507906,295.06009031397195,1.3734319677642879,935.2,132827.0,34.6,296376538.0,245800325.0,542176863.0
1158.33940483469,2220.690086648053,1971.7064008846555,653.9871997511169,1.4392901354021506,0.0,24339.8,24.65,359429638.0,149922863.0,509352502.0
1513.18923938963,462.41162186084273,1398.8474206446251,484.31558868548194,1.4512787957894053,394.7,0.0,15.38,407120986.0,115898746.0,523019733.0
1682.249822392099,378.00891601422757,267.8312873071169,69.61100179860557,1.1959469248467705,928.0,0.0,19.61,316566689.0,98803185.0,415369874.0
168.40911794733105,2626.9523617661393,1104.7171629008653,835.8850175531423,1.0678774732027898,0.0,233011.6,23.83,267821148.0,102304670.0,370125818.0
1082.4085349759785,426.451259855276,1769.2200053005608,175.00496228983832,0.961417350810243,0.0,0.0,17.6,260804810.0,86869075.0,347673884.0
427.5304979208372,2926.6203040644227,211.6290553693656,614.4274948381659,1.3477087803690755,0.0,176176.3,23.87,339338894.0,91375548.0,430714443.0
1566.0042196067861,689.921018387516,123.24799675522402,448.8063837722176,1.0214912071467277,0.0,0.0,24.68,253287111.0,83902055.0,337189165.0
1457.9796367940608,1294.7948627491783,898.7078820662641,113.48493310171182,1.240530171928915,1348.7,69.1,24.19,309737724.0,100562419.0,410300143.0
386.81793538252674,2464.7179491212214,142.3376450957874,975.8945922813234,1.310716187151487,0.0,74305.5,21.59,339411121.0,66431665.0,405842787.0
378.9061488878661,51.16356302653653,668.9257844104375,152.81326405220742,1.0310467998717276,0.0,0.0,4.79,323172890.0,19333752.0,342506642.0
1819.6842888429994,2189.6329159845836,352.91530605779894,556.6594006874487,1.0534683920549959,0.0,191924.0,38.79,212292355.0,162594202.0,374886557.0
2035.378802186616,118.90874585721379,1464.63684433563,772.9970261914273,0.9402976583746202,0.0,0.0,26.57,227326599.0,165966060.0,393292659.0
358.347624422368,1395.033172547366,1736.3096530581356,536.9999384184994,1.2931841100043744,0.0,0.0,14.04,366933836.0,59374004.0,426307840.0
1632.581761927517,3006.0857216651975,952.5690861673621,508.7931387734813,1.3308035142526677,0.0,281520.1,34.39,287975375.0,203218341.0,491193716.0
549.068817963781,3101.7977430068536,41.57364895168314,195.77160220972468,1.3801199658219019,13825.4,218630.6,25.23,340835200.0,95160979.0,435996179.0
709.4383717962216,543.8931826730707,373.50951142280667,530.7564019360696,1.4077089176069926,46.5,0.0,9.76,421252849.0,12127198.0,433380046.0
147.30674238276558,110.64570012247734,930.3362716736863,956.1874150536347,1.067405882048476,0.0,0.0,2.65,342081612.0,26889217.0,368970829.0
1999.8705739547956,3222.282671021705,566.2701527750222,816.9480642561467,1.3115203815412912,0.0,415470.9,38.58,265531056.0,236669115.0,502200170.0
1067.1496808664187,1535.1855992456353,1631.0055118509135,793.0794326950212,1.3541618015655355,0.0,0.0,20.56,355312611.0,97617757.0,452930369.0
2081.3636582838917,1737.0002332172235,1613.8459556398316,862.4783669834785,1.0269615488722104,0.0,85240.0,39.62,204175023.0,200694537.0,404869560.0
87.70853168063215,1469.2366999445442,1713.4733688735519,289.10328119451026,1.3200060924404544,2011.7,0.0,11.92,384477329.0,62399420.0,446876748.0
15.320869948987692,1289.972889322463,1231.0333895163023,129.75719007233687,1.4379641472884603,125592.0,0.0,9.11,428601120.0,39552163.0,468153283.0
325.8312422891102,3302.5505683645006,432.77861736594934,994.2786739158408,1.2628492279773544,0.0,358915.3,25.75,309182847.0,116438588.0,425621435.0
175.85910490387903,236.95636115753527,149.84339251893752,589.8927472909519,1.3857475213964312,0.0,0.0,3.2,445716176.0,4330877.0,450047053.0
840.1773165915045,1614.7538061931584,1178.575407329256,533.0406047863557,1.312837039860762,0.0,0.0,19.8,347449185.0,67557683.0,415006868.0
983.6732265399104,2591.314286782565,1994.6214850932681,350.29784224876494,0.9073292777492105,0.0,415310.9,35.71,192075511.0,152881966.0,344957477.0
261.9282199752002,2009.2564915026423,688.5155742893041,939.9825937049925,1.2764676540644297,0.0,14425.2,18.02,345263933.0,59596398.0,404860331.0
1084.9405627380006,2896.883389617428,517.1797420981903,819.7385402823597,0.9018366629184558,0.0,588556.0,38.3,183197949.0,134697262.0,317895212.0
1292.0273000529714,3393.1684582961775,1575.7199040677401,853.6341921473594,1.1381728171029004,0.0,596634.0,36.75,237019336.0,209042075.0,446061411.0
1718.5382026187633,1999.5189440598676,1237.0804730063978,58.91533933580351,1.0209310183046354,0.0,140242.4,37.62,209689956.0,169377081.0,379067037.0
1148.7608063457571,213.44783989929647,1482.8936131754265,840.0570085219016,1.4522174167768829,0.0,0.0,10.72,430448804.0,84713686.0,515162491.0
212.18723738989536,3411.184500322764,135.24001525858998,474.05621592781534,1.4041506123766871,395.3,290752.6,23.58,356406279.0,113234414.0,469640693.0
146.59872390688943,66.17879495001058,49.89543741330138,511.27023943603353,1.3869580467579978,146.9,0.0,1.71,453191021.0,1442112.0,454633134.0
265.68460918637027,452.33522230873245,1137.0937100995832,234.2956008119237,1.3381282410869244,8351.1,0.0,5.71,417129296.0,32865063.0,449994359.0
1979.9897843485235,2780.7012659594993,1754.350732757833,519.5860575716703,1.3993915825305199,0.0,180137.2,34.87,301029100.0,247242167.0,548271267.0
381.3531386122327,248.1028421361274,1311.906220249372,51.95250375805593,1.4354888514838082,184114.7,0.0,4.84,443837459.0,37917614.0,481755073.0
1441.8903967189678,3456.4886332343503,627.7733126264712,486.15830920162085,1.3450142190270715,0.0,438823.6,34.3,291587641.0,198611879.0,490199520.0
506.19418468581085,1966.9112170053509,1318.9345500109562,978.8086544470412,1.346821976545431,0.0,7069.0,18.95,360903086.0,75714049.0,436617135.0
246.3028228318693,1725.4604285214164,1177.5415659791443,146.62314286435273,1.1591796341886471,144.4,6096.8,17.33,315594967.0,59635343.0,375230311.0
592.152127060191,431.34397841115424,1024.083866926909,165.63308101234543,1.254322445151434,2363.7,0.0,8.96,376339723.0,29598775.0,405938498.0
353.8181037242894,2626.6495726782405,390.48324605934084,896.2851007761495,0.9157256139292853,0.0,368343.3,28.35,216003671.0,81646353.0,297650023.0
1088.3645519903594,1161.9803001681653,450.1530515491816,471.60277916514804,1.4052117217945566,160.1,0.0,17.33,384558947.0,49293868.0,433852815.0
1908.3529735230625,1100.79248387668,308.4872441901425,720.1404475663072,1.249199235273593,0.0,388.0,26.68,301741804.0,120833598.0,422575402.0
419.1186699927124,2759.8737107573947,1037.8608704842823,653.3951995074076,1.1156034203780332,0.0,263412.8,26.3,270725678.0,106974111.0,377699789.0
915.5184153154539,654.6418171010401,1513.0317352906818,157.01132415179185,1.3669815568506367,20910.9,0.0,12.62,393710455.0,64070902.0,457781357.0
1663.8463774343618,2710.1614995200916,38.84557611748085,273.13321260667357,1.1810026456750882,0.0,283061.0,36.54,246792013.0,164995483.0,411787496.0
1241.7100296245192,3336.776220709652,751.2119442574045,875.0233187739541,0.998057572882102,0.0,727607.1,39.16,199906861.0,177769588.0,377676449.0
774.1198164554872,189.78369928140248,1484.9785821112444,150.65275743291295,1.0542120093890748,0.0,0.0,10.39,311020189.0,50217739.0,361237929.0
1616.361330822853,1941.0216842444372,27.945438836925128,2.235204747397135,1.2063963790439383,3837.5,47086.7,31.3,272709582.0,122099853.0,394809435.0
635.8322461670712,654.530548962493,1227.1878754322217,228.43647171742708,1.2553242898109689,443.0,0.0,11.14,367699140.0,35469026.0,403168166.0
790.769506972379,677.8887701413366,276.2094757374973,236.86060312728807,0.917899264807791,0.0,0.0,17.47,249411103.0,16816802.0,266227905.0
642.4447158456197,3274.0955253599127,1662.7242517660566,372.0037567196589,1.2455001711490823,0.0,382275.1,28.62,292934782.0,150574052.0,443508834.0
1182.9467655443118,3008.3172672731757,472.58020303393124,296.3874887930124,1.0810712602473669,0.0,459180.7,35.5,229584540.0,147982686.0,377567227.0
85.21392867394098,1142.3169437397676,1755.827553176014,911.987647571481,0.9657812074611303,0.0,0.0,12.88,277014561.0,50748133.0,327762694.0
955.0520592744294,1384.29651276313,978.7183932467758,554.7195240586772,0.9121552560106476,0.0,17923.5,27.2,218644480.0,60931059.0,279575539.0
1756.0750869156202,3534.400585619219,1306.8096240072846,660.4522384933692,1.216787914698425,0.0,631829.1,39.65,241860316.0,251087312.0,492947629.0
696.960063424486,540.7895017716615,1168.1266853921013,44.941403509207056,1.3947015406151244,97981.4,0.0,9.72,411344791.0,33942792.0,445287583.0
877.6008933962332,1505.5578337079687,654.3417169518116,969.3538886985864,1.0049501716624314,0.0,14987.9,25.03,248053466.0,50434398.0,298487864.0
315.47680777581525,600.8793506084595,1317.054965701528,991.8953187295983,1.0412851022410528,0.0,0.0,9.32,310860004.0,38066426.0,348926430.0
1888.212272885712,1011.3781099256659,1295.7998402506003,40.49895193336772,1.1973923847457133,1072.2,0.0,26.89,288189665.0,147511842.0,435701507.0
1364.778379691677,1946.8407913181418,475.67076976358226,828.4969482679155,1.4820819067429443,0.0,6313.3,23.87,374705987.0,112123777.0,486829764.0
957.4238595179562,2308.386932636991,1580.826536691145,241.48906062179398,1.4186702291572713,12371.7,34093.4,23.89,356965459.0,124448913.0,481414372.0
584.2188875713448,2816.2658167603167,224.19846485284413,288.38670341416974,1.2201719603639207,0.0,222857.2,26.49,295478926.0,86257893.0,381736819.0
1094.462569543497,3087.0651996855095,1992.2545152772145,107.21084586014062,1.0628328796950222,0.0,505871.5,35.34,226285212.0,187654885.0,413940098.0
745.5922683151131,1738.4738203503184,987.8194863087981,856.1950631484167,1.3623355816710598,0.0,604.7,19.17,364103755.0,59464738.0,423568493.0
39.305542294132664,1651.728990916972,1236.1476764881777,460.39558709302344,0.9783871536154214,0.0,19429.5,17.13,266937187.0,57667219.0,324604406.0
828.7334644950015,1494.310173320942,375.43184489951756,756.3071144709535,1.092840408085486,0.0,5386.7,22.5,278852390.0,37307076.0,316159466.0
1228.0385008355647,1872.1005568803262,1754.8541584327775,122.01493186283818,0.9685578049520761,0.0,102269.5,32.89,214014682.0,132770871.0,346785553.0
626.1665101214879,1565.310334296781,597.084497504279,763.1870823952438,1.0471595058655798,0.0,11039.9,21.83,269496343.0,34904445.0,304400788.0
176.75533868013025,1502.0933098794555,1546.758576276968,850.5619435867413,1.3400069090180105,0.0,0.0,12.77,386924115.0,59212795.0,446136910.0
1163.1937246719663,2628.8158773495115,1362.7790706077228,234.36663249506086,1.2304553353219163,34.7,184738.0,30.62,281213158.0,153041251.0,434254409.0
1606.7204585511308,1151.1480026067518,1307.9462934338628,481.4804275187985,1.201895310567012,0.0,0.0,25.22,295985234.0,121898610.0,417883844.0
187.76475377580303,2418.3683100585286,1731.37407070904,141.4312880258628,1.1196633973298695,0.0,134141.2,22.13,287076665.0,110057052.0,397133717.0
101.471643343141,107.5637460942997,1979.3169933434876,493.47150830638464,1.1133114111811477,0.0,0.0,2.03,359071029.0,57207578.0,416278608.0
573.1187047631645,3557.4459011502017,504.50157104336733,725.7083957377432,1.0702548574835604,0.0,682719.7,31.8,240329458.0,131171389.0,371500847.0
146.97061866917636,2480.294110700127,3.2616952597297466,675.7485115605695,1.0502259593938938,0.0,192359.5,23.06,266024193.0,63185614.0,329209807.0
1555.62732386908,2794.193107482857,1448.2144776350758,24.48344146761039,1.322241971786261,19611.1,206018.0,33.02,290862352.0,199921675.0,490784027.0
2064.453605306266,880.7300877480111,548.4771444506771,813.5265495805395,0.9962380830336484,0.0,3992.4,33.03,219670805.0,142168391.0,361839195.0
1377.31696342699,2740.7457503271,74.32132363871435,553.7620942652262,1.2455263551215299,0.0,227372.1,32.74,275963805.0,141110891.0,417074696.0
632.6784410618909,3181.1311499129874,325.49943859971273,364.19470950586054,1.4092012122883975,2404.4,230468.0,25.87,346176326.0,107307427.0,453483753.0
397.4901475234944,2981.5881148694602,158.13835473591143,489.22906718999,0.9451983974674221,0.0,511188.3,29.93,218033728.0,92559594.0,310593322.0
1413.4289748532572,2869.883405271829,1699.7170964936056,981.2622507439887,1.3032094333797521,0.0,235341.2,32.54,289820395.0,197833946.0,487654341.0
1603.4940903564423,1835.9025503064256,1825.4738023622524,643.7583821994626,1.430130843750806,0.0,5993.6,25.91,350651868.0,167645478.0,518297346.0
490.9174554739416,1803.1581440065734,1459.6378421276079,202.72175456268326,1.026803875957187,0.0,39444.8,22.71,261310523.0,71647674.0,332958197.0
2039.2191137457542,1577.6356094760579,363.6309058475433,331.463881981506,1.1384256889595554,0.0,26396.3,34.53,245371921.0,152757509.0,398129430.0
1299.132761825411,3350.5432123433416,1973.180151844182,651.6987589111125,1.3199534164786348,0.0,402246.0,33.22,290665391.0,219068083.0,509733474.0
671.0138188173881,3111.485701478959,435.5966704406298,106.38064931096758,1.4839535940585904,109552.7,168879.4,24.9,364660825.0,107030472.0,471691297.0
1801.7291411708097,1102.2318383734241,1350.3414327620983,467.0183574131995,1.0938769236872825,0.0,2481.9,29.32,254577791.0,141111193.0,395688984.0
597.9242294352148,493.7796261518905,1098.6361645516783,446.5966901175078,1.2073118521799666,0.0,0.0,9.88,358401681.0,31753536.0,390155218.0
449.0196941945583,3407.156734906889,1277.182392661083,899.6006573833369,0.9655626996196532,0.0,713901.7,31.79,216854500.0,146039571.0,362894070.0
1298.6442638101246,3083.546401678305,661.8415596289333,195.1431691359864,1.0590127834833718,0.0,529606.5,37.42,218210450.0,167860961.0,386071411.0
569.0668202733309,1623.3322426724326,651.9272055586631,271.2740727079913,1.2891073790430827,454.0,150.7,17.77,349692631.0,39371304.0,389063936.0
110.57249493587909,1235.5205146472197,1379.5039318809497,175.84974928100593,1.0325567173277475,0.0,0.0,13.23,294949248.0,41138890.0,336088137.0
418.38991398593294,3.361767434999855,947.5355036631454,38.95878941612318,1.0637638870649402,0.0,0.0,4.63,333993626.0,27386321.0,361379947.0
2074.165140274261,3333.7782473467882,430.1516163126684,310.00243191393275,1.1782227493611308,0.0,610336.1,42.62,222608765.0,245125339.0,467734104.0
1760.6022447845228,2913.6047672569207,252.48287313256435,124.44884834835213,1.1500393523364267,0.0,404415.0,38.99,230998194.0,190199122.0,421197316.0
1814.1488873447147,3201.9685467166732,214.73169937306037,574.2972879655516,0.9934051182750677,0.0,732498.4,44.66,180976583.0,208369140.0,389345723.0
1430.5796113558022,3326.6526899819305,909.5385849511872,83.0827746920515,1.2475525175367272,2748.6,468420.3,35.54,264733977.0,199263840.0,463997818.0
851.7572572332571,2943.5624709722756,680.6889278527755,874.8972004725892,1.0642202445808708,0.0,415582.2,32.31,237176448.0,120233107.0,357409555.0
328.4242708279102,1112.523769666445,69.83158364549303,281.2459668742413,1.2960705803292185,673.2,0.0,11.56,378483089.0,2018320.0,380501409.0
296.660010290495,404.2548512153143,264.7705825087008,77.55167426146636,1.4247812471057637,144482.3,0.0,5.28,440568715.0,7652581.0,448221296.0
1968.4800158102612,169.01698077549418,1520.1435630870806,737.1517467171977,1.4981456547660241,0.0,0.0,16.49,415442376.0,161399730.0,576842106.0
725.3103296884271,1036.3976398362108,906.1642416196545,856.5751771491905,1.3371561855227392,0.0,0.0,14.1,379490102.0,28986351.0,408476453.0
983.3356521222432,887.7631211277197,1454.0314825367423,854.5268680421962,1.1399707386404945,0.0,0.0,17.88,308176738.0,68620976.0,376797714.0
1394.000654536752,1452.7696368710513,956.9868762829697,524.9103799549137,1.3654354884133668,0.0,0.0,22.59,349116903.0,104191621.0,453308524.0
2038.0999769088214,1613.0491703767834,684.6300124952119,373.5910064723913,0.980333441625109,0.0,74298.9,39.86,194120231.0,163690894.0,357811125.0
619.1172683499519,313.8041101657666,855.7885263584943,167.3572693110489,1.1078440475846452,0.0,0.0,9.37,330544203.0,24734587.0,355278790.0
1654.609607481499,892.7173716385637,1223.789242684138,901.1814192486129,1.2401575122177282,0.0,0.0,22.8,315354601.0,123883454.0,439238056.0
404.0575976304804,1251.501284096414,1180.738414368132,506.61113975985353,0.9891719017661423,0.0,14.6,17.44,268868655.0,36187745.0,305056399.0
931.5703786798363,1971.3321025242017,534.665428915145,612.4455153398519,0.942096059691126,0.0,131215.6,30.82,214574808.0,75086960.0,289661768.0
701.8256649841026,2919.5249029825954,518.5696018163109,605.1768500030782,1.1460178282261873,0.0,322520.0,29.25,266971327.0,100524136.0,367495464.0
659.8193969357895,3325.5580271133977,686.523436160767,236.67590148701834,1.4455807893841623,21351.4,256266.5,26.22,353019742.0,124915200.0,477934942.0
1555.2939821261741,2474.9329607244563,99.06988413375161,131.2049607157758,1.2830039782857976,2725.0,131595.5,32.24,286354981.0,145040421.0,431395402.0
436.66746415725254,819.0658878382035,1558.2770306872214,285.92494883694263,0.9429523812911497,0.0,0.0,14.11,266631176.0,45038392.0,311669568.0
75.9606101410604,1608.7360937003946,1234.257155369292,868.8852333918029,0.9664826370195836,0.0,17211.5,17.37,262936088.0,55477261.0,318413350.0
410.06284281109777,1923.17621759412,728.2167244839501,482.53745124549465,1.4544747893905292,1155.0,867.4,16.53,404231670.0,56468543.0,460700213.0
1136.0990983078727,1506.8878165218357,1978.8798133994896,65.21566989953631,1.4592680690227031,102853.8,0.0,19.44,383998561.0,112626571.0,496625132.0
1045.9649407065322,1828.6355060947114,1843.9286684064184,507.3239795930695,1.1630442543180892,0.0,25162.7,25.99,283427844.0,116392461.0,399820305.0
568.1387145643599,2391.5048635472376,1139.2901819595231,214.34543694778307,1.3256477490367948,4180.9,59792.5,22.53,338931038.0,91610018.0,430541057.0
1342.9210975468955,1442.321999669743,8.80184380710114,446.5811501761877,0.903634870278151,0.0,37506.9,32.85,199765445.0,71556141.0,271321585.0
156.3718501884981,1563.1139460054278,163.8397683706554,275.66543378716625,1.293294821135381,955.4,0.0,13.52,369403267.0,22273421.0,391676688.0
643.4629893406387,3621.464396661083,1832.604067829962,585.3099045855237,1.4801682831809582,286.0,334900.5,26.83,360563660.0,172736708.0,533300367.0
1809.8160588918086,1157.601623390968,1499.1924919706187,136.83178400394735,1.3107308546272447,5000.5,0.0,24.98,323889768.0,146159311.0,470049079.0
1023.9056082412002,61.07815948775372,548.4596447807415,955.3822174042485,1.0894988910530885,0.0,0.0,11.55,317260991.0,46189617.0,363450607.0
378.3325393035038,680.7391510571163,958.426529283898,842.6492406705349,1.354801059080008,0.0,0.0,8.3,411327372.0,27701101.0,439028473.0
910.8364357162594,757.6785868761668,92.12980020438222,462.630319482731,1.388865209110915,139.0,0.0,13.13,399378746.0,22571162.0,421949908.0
1521.3869566441442,1483.2207864869185,1189.4053438352005,436.24652094621763,1.2474096658741067,0.0,3008.3,26.13,303557851.0,124171431.0,427729281.0
1078.99843456055,2471.908758454327,1015.4176870662479,940.6109981675586,1.1568169089490117,0.0,173272.0,30.48,264803644.0,127442490.0,392246134.0
33.18549183779727,858.0359335346138,1001.213716213312,540.571851888662,1.2314308735872321,0.0,0.0,7.29,376446929.0,28937766.0,405384695.0
1489.8411248931213,996.9727577016263,1329.8073580829544,704.0322731192128,1.1467684515724959,0.0,0.0,23.89,287326440.0,111749715.0,399076155.0
838.5225717200815,649.4969719329126,827.9747525107475,786.8162917070124,1.4453838033299302,0.0,0.0,11.28,425930063.0,37168957.0,463099020.0
1237.683503897958,1086.7143463761047,1364.5794373194628,740.1462086960039,1.0993276672683974,0.0,0.0,23.06,278471432.0,89496158.0,367967590.0
1723.352291205705,267.5158706621745,21.50743520005105,122.97077263205259,0.9936050086965058,0.0,0.0,22.97,251976785.0,95474981.0,347451766.0
1832.5670336959988,1542.6835790632495,549.8633839407634,429.07511598681936,1.1369045356203793,0.0,18899.3,32.23,253679391.0,137342960.0,391022351.0
628.5475777550154,500.5754841554341,1311.8309239477612,136.60440277965535,1.3652546716036045,31735.6,0.0,9.05,409026006.0,37915438.0,446941444.0
420.51950768974575,2654.8778448939215,1611.1722113909339,125.32600977445074,0.9520474609728025,0.0,352709.5,28.59,223861873.0,118329548.0,342191422.0
1979.8592268128807,1680.8599085118678,1260.4709899459767,23.260440121767758,1.067226108333804,0.0,53976.5,36.84,221930596.0,178330160.0,400260756.0
1053.7541097563203,3216.9724776035364,542.8788351287526,775.1913198587196,1.297327756955221,0.0,348388.3,31.06,294887899.0,148461228.0,443349128.0
240.33955087497824,1064.9518772349475,475.7280728772395,442.5275875732855,1.2812005458285505,0.0,0.0,10.52,378462794.0,13749819.0,392212613.0
903.6801902352363,887.6677699790557,1391.757536456551,584.4710947114899,1.211588344449415,0.0,0.0,16.06,334988793.0,59473815.0,394462608.0
1155.964860674865,805.4993460465795,1360.8621221849123,387.5005355387683,1.1180806918380117,0.0,0.0,19.3,297040834.0,81851137.0,378891971.0
312.19582423621654,2166.5195244181205,1205.3288210930132,340.30064366652834,1.4159100341193205,5580.8,11293.9,17.8,386373879.0,82344428.0,468718307.0
1762.779718821668,395.86713253122565,1390.0767756198366,393.8347561850223,1.4998289106377358,8091.9,0.0,16.38,416141656.0,138667026.0,554808682.0
469.17426789250027,1018.3028656545965,884.2125891114549,268.71514868066316,1.3151960198319086,1545.2,0.0,11.92,382553441.0,25556119.0,408109560.0
1002.6934138983869,801.7901705038308,1012.7481389731253,888.7877663650385,1.3754373881100317,0.0,0.0,14.36,389567469.0,57652227.0,447219696.0
1040.0583074299218,1047.2281494052702,359.77292940505555,878.3828771868955,1.3261001642992178,0.0,0.0,17.08,362990947.0,42225959.0,405216907.0
1192.960487062451,3192.3477648118164,243.380574748179,682.4892860020683,1.030027387447939,0.0,605741.7,37.43,212185262.0,151422040.0,363607302.0
251.40396451833288,1690.1588913251674,774.7858595287074,941.1736093251855,1.0943877280510899,0.0,10062.5,18.04,295318410.0,46241310.0,341559720.0
1699.071210123425,2718.242011700091,1335.8477401170726,920.4004729600596,1.1447547566288052,0.0,317490.9,37.76,234603008.0,206132738.0,440735746.0
812.4644227742749,584.239147600879,551.5241509901383,879.7764560608707,1.1846292797468208,0.0,0.0,12.96,339586605.0,26775236.0,366361841.0
711.7216767676313,784.4867599482812,969.92050048723,716.6653704645288,1.0720152152742453,0.0,0.0,15.09,299672498.0,29575685.0,329248184.0
1579.8389458943839,2286.129622251454,1575.1251250794085,250.9096288749123,1.2786168868398273,151.1,86268.4,31.53,288492293.0,180589123.0,469081416.0
320.5380577342354,1320.5830452576313,1448.7201896856025,631.6683855799358,1.0127164352025133,0.0,187.7,16.76,277568443.0,47364202.0,324932645.0
1789.6444713129233,193.6640659130102,1190.431377033299,983.8205002316063,1.2189028391056491,0.0,0.0,18.75,326170573.0,135374694.0,461545267.0
1669.4007446153921,2160.5069326764406,1566.1766298459852,655.5941353552872,1.3146792087225172,0.0,54271.8,30.8,299953988.0,182352239.0,482306227.0
474.9862500151108,2692.8099162696913,475.81977332866154,980.6402751425882,1.036672314576723,0.0,301646.7,27.83,246311469.0,87398775.0,333710244.0
493.48614750111335,3116.983427356427,485.97172392563823,360.902793491283,1.3287840967074163,303.2,251923.5,25.53,326890516.0,108759500.0,435650017.0
330.99078970608133,577.4304700238331,972.7168465332379,243.69675423272685,1.0413947733414202,0.0,0.0,9.27,311072276.0,28114130.0,339186406.0
19.263151157598937,1344.732016048551,636.5011092368064,31.155810826670404,1.2727399069281982,39467.5,0.0,10.76,372695005.0,25088289.0,397783295.0
1306.576054476993,257.0057125383818,634.0831258189062,872.8055319953978,1.249300240946747,0.0,0.0,14.28,352874274.0,74737377.0,427611651.0
858.9672995649947,1688.3200003246682,416.5599888716103,811.881500707928,1.4484028232705806,0.0,0.0,18.6,391473991.0,50920336.0,442394327.0
1898.734528091341,812.8818418430478,621.4805355529138,160.6227748095368,1.0843206801793879,0.0,96.7,27.97,257128888.0,128992756.0,386121644.0
693.8992008756217,2298.1738255446267,379.29276309624925,919.3969243677435,0.961859682051186,0.0,218232.9,29.6,222929675.0,65008605.0,287938279.0
14.340653006584416,3103.4508169288356,1407.5396155320993,355.35987035599845,1.2572998235460708,18.5,267365.6,22.27,322406172.0,134723168.0,457129339.0
466.0894502498016,611.2544245827148,942.2982702774456,353.18782972096085,1.2691380303211752,8.4,0.0,9.12,380473877.0,27234951.0,407708829.0
454.84104980975064,2406.427553035046,1533.7230406056265,166.6361430284744,0.9263149700507496,0.0,271276.4,28.2,219001714.0,103751348.0,322753062.0
916.5396775032913,2809.7074321525465,1301.5596711482854,701.8817204145913,1.141703603996021,0.0,296448.7,30.87,259864525.0,137505212.0,397369737.0
489.8614618526507,1930.3572011231322,408.73138749839376,726.2286969850658,1.0181798735756862,0.0,66613.4,23.81,255385246.0,47591215.0,302976460.0
607.2839110994018,1838.7575453125096,973.4198682869899,600.8493764070294,1.16246676029995,0.0,19013.1,21.75,299549751.0,59362774.0,358912525.0
1917.1018482435404,3048.9607619357935,1758.2269024732768,629.5165714034375,1.2810047495164838,0.0,359244.5,37.92,262034295.0,254877098.0,516911393.0
1270.179255547753,1578.629480549886,644.2120021345253,592.0028874488703,0.9153191022830702,0.0,55638.5,32.75,202654815.0,89981571.0,292636385.0
15.546659518629326,3091.4598294571974,92.84808955524437,524.7951503334181,1.268992657769787,0.0,256638.9,22.08,326374241.0,96129498.0,422503739.0
413.18701376277824,3251.5029429024885,380.19154349675,884.5149873666746,1.357794161599821,0.0,275709.8,25.07,336627493.0,112383312.0,449010805.0
501.9490580979444,547.2013235822196,632.4654203724702,397.9505662702747,1.047470805899354,0.0,0.0,10.83,307490553.0,18279950.0,325770502.0
2082.6888791529723,833.6379805496791,1661.2696539657138,159.11774709047276,1.4881467751655686,48605.1,0.0,21.97,382169046.0,176013072.0,558182118.0
470.2164105202319,1530.7294538644398,1117.128133535813,120.28571515609332,1.3900920404874608,48961.9,0.0,14.98,388819455.0,48217584.0,437037039.0
572.7193356395302,1993.8497428140395,1099.2676213864938,602.640652325785,0.9332915919145889,0.0,124774.7,26.94,224496138.0,70703033.0,295199171.0
351.57011841881905,585.127841811812,604.1025188317037,144.91415685833985,1.4531527924645737,105759.1,0.0,6.86,444879038.0,17460186.0,462339223.0
1069.510029316062,2263.5777861607444,714.9763507962417,276.24614103391156,1.201906302139328,0.0,92013.1,28.33,283695126.0,107536619.0,391231745.0
613.6634025306281,1247.4347103990442,905.5017485417143,505.7336871843555,1.4905884070691031,1818.2,0.0,13.19,431484928.0,28030692.0,459515620.0
465.62759631764595,1771.3534785240092,299.0234789786779,349.9992327079726,1.3303864312238427,384.3,1672.3,17.41,363107849.0,36523168.0,399631017.0
363.75356974079796,2110.305246406657,833.4020471360144,51.57954440447299,1.4598451448870668,178106.1,5732.4,17.34,391444687.0,68802767.0,460247453.0
862.362547510668,2845.6533247767334,832.6269774636006,937.3603215787846,1.0742822006573385,0.0,363654.6,31.8,241234828.0,120739911.0,361974739.0
859.5009045988479,2754.6771921412096,687.3346305617139,364.35707133517934,1.496893904048534,10694.4,83776.3,24.46,375987815.0,111758133.0,487745948.0
1158.456286064384,2502.4510468226376,1286.9244683072197,827.9241471565723,1.4170950596650458,0.0,68998.7,26.65,344124041.0,144135750.0,488259791.0
1174.3890362005955,1069.2385521280296,45.600495149938915,614.4032510643201,1.3952812999593718,0.0,0.0,17.51,380796604.0,45535956.0,426332560.0
939.3754944918101,597.8832899818374,576.1641458712818,509.98892951186457,1.4020087313866,39.0,0.0,12.1,408174767.0,39193446.0,447368213.0
358.105309552657,2222.1040488255367,1506.7372279010908,936.0475203348232,0.9700222150073157,0.0,165322.1,25.18,238951734.0,93816642.0,332768376.0
1931.526557233102,2183.3271526833605,1533.403174864572,53.77470956855546,1.203688893384357,804.7,108351.5,35.83,254333639.0,206716415.0,461050054.0
1298.182870458455,1113.8068387384099,863.3004162025053,554.298135279598,1.231528763863788,0.0,0.0,21.38,318941136.0,80588200.0,399529336.0
87.28128047325738,1595.3188126813793,427.63630958446174,916.6950780853498,1.4859479940740004,0.0,0.0,11.44,440632938.0,31497360.0,472130298.0
624.7637788940641,635.9229920213432,439.00830189668613,477.75225535295374,1.424703359467907,513.2,0.0,9.6,427676346.0,12688519.0,440364865.0
1042.5755081449786,201.07318402653047,79.77120542628802,227.39094562284856,1.4056627665656571,18303.3,0.0,10.1,417524452.0,34365339.0,451889791.0
1295.7869624607752,2043.537009244238,637.9391851652842,929.4254050461873,1.0987069469772794,0.0,90877.4,31.41,248126924.0,115252710.0,363379634.0
1740.859100381394,3252.1297702524594,966.6700264322734,894.2892694807426,1.0660819724346282,0.0,658524.0,42.13,203125073.0,225833403.0,428958476.0
1372.8336935921302,319.3084071435221,947.8684281847878,217.3318021583479,0.9376579667583618,0.0,0.0,20.52,245339004.0,89918100.0,335257104.0
7.767684341839225,1178.8501826801344,1179.0611890735256,455.23034765115733,1.0810615791116978,0.0,0.0,11.0,316722926.0,34078036.0,350800962.0
2066.6520641684833,3410.4758951262306,251.30661367499374,415.1074266684948,1.2893081603961665,0.0,529184.4,40.24,253895426.0,243072566.0,496967992.0
1529.3283128499181,1329.93092232145,1492.5636254706953,124.15001291067829,1.099087575154623,0.0,5323.7,28.32,259385439.0,126052611.0,385438050.0
1493.763171451062,2271.2285286451615,1674.4204297233098,46.85702266715508,1.0046350306938292,0.0,232681.1,37.21,207722744.0,174779461.0,382502205.0
101.11120403705006,697.3746340246371,8.565621265870016,504.21030167886624,1.2169886373409533,0.0,0.0,6.71,374220452.0,247569.0,374468021.0
1371.704364231499,1397.2321833397878,6.415381370368012,673.8911544076371,0.9325746526487476,0.0,25813.4,31.86,209204107.0,71902619.0,281106726.0
1805.9653482549961,82.23397537981262,1060.950246513265,894.9178823855207,1.243493745473268,0.0,0.0,17.64,337412390.0,133137750.0,470550140.0
1268.548916544094,2474.2473794647826,244.817695460934,674.9271008105595,1.4282129292076893,0.0,65143.0,27.18,344455672.0,122770026.0,467225698.0
2031.2504364616348,1608.2787576707997,689.0097033550937,753.309615596317,1.2257245728571888,0.0,17363.2,32.34,273148533.0,162948759.0,436097292.0
536.4802045387386,624.9331224400217,340.46060118548735,459.17703660615206,1.0020746433693901,0.0,0.0,12.5,288654657.0,9840226.0,298494883.0
41.113998263947835,189.0822531399747,1859.7690879059314,72.96134116013575,0.9439084143485758,0.0,0.0,2.52,302937128.0,53752323.0,356689451.0
940.7279089374151,889.7140248761682,1925.3877043449954,910.9858394978042,1.1428459492027603,0.0,0.0,17.42,310690504.0,78314375.0,389004880.0
935.6052179829005,1361.66256066432,75.73223328625645,292.84683925470864,0.9736040817671905,0.0,8949.7,25.13,239993126.0,31914438.0,271907564.0
213.4421380815309,2035.9275097590878,197.5297154271245,102.9313237952636,1.1883082288916091,1350.9,30877.7,18.94,317194874.0,46730250.0,363925124.0
922.1587312807018,499.61427003050085,8.898049617726,192.97444176784384,1.0415353525092246,0.0,0.0,15.15,290935848.0,21209889.0,312145737.0
1668.5180049244889,3323.0412124137906,811.8887949759395,405.0267265009778,1.3274887702559202,0.0,415535.1,35.96,280368258.0,218209137.0,498577395.0
1307.1324027442765,668.4288776970752,215.37824459172273,437.6118906550508,1.2388970178976577,0.0,0.0,17.74,335784384.0,62686997.0,398471382.0
289.2053525861173,1064.5827810726537,611.8859928611497,261.29820102416403,1.1764567597750746,0.0,0.0,11.94,341212689.0,17685149.0,358897838.0
1361.6375733066548,1849.0852775260523,402.9131244946884,102.93904704739975,1.3931222777392203,31353.7,7597.4,24.65,345189166.0,104875987.0,450065153.0
999.3502634665832,225.56523840597424,516.242999299116,804.0337783841547,1.35103579486413,0.0,0.0,10.32,400438959.0,42993528.0,443432487.0
1826.0776795910326,2185.578808386142,845.81186871611,426.63499755445065,1.0164000266957662,0.0,217887.2,39.93,201024225.0,177228598.0,378252822.0
1356.9158347647838,2123.79958461706,309.7288228576718,885.6629200453748,1.1210809219863582,0.0,104204.1,31.99,251024058.0,115391345.0,366415403.0
103.7053261114278,1190.2077424306153,1739.7134294231516,916.9565858617846,1.19423905035578,0.0,0.0,11.0,350135858.0,50282391.0,400418249.0
1993.9687750530763,3177.127767439473,1650.4614341984507,859.710064682206,1.129125247301294,0.0,576129.4,42.62,213330564.0,265218088.0,478548652.0
1577.2377414753084,2095.7405811664216,1439.3680034806134,177.78610758077463,1.3388363470649651,4675.0,36875.8,29.11,312830459.0,166969448.0,479799907.0
1996.580225294848,1098.6678602445893,1972.322647911254,378.3760148053711,1.0198340982126197,0.0,7497.5,33.58,223033072.0,177060833.0,400093904.0
234.11678913349704,2849.411745236085,1109.6508007531368,307.13129366202884,1.2650702218762548,168.5,188450.5,22.91,321634685.0,113496093.0,435130778.0
692.4309766484948,1627.5386591023052,1725.3282515061824,668.1664768591647,1.3574411038228298,0.0,0.0,17.97,368161765.0,70604397.0,438766162.0
1216.5840548140666,3598.7749174548044,482.82013258178534,262.29116071881475,0.9555353632429997,0.0,931850.1,40.75,186401558.0,180707386.0,367108943.0
1155.1306618174315,2226.4940281623753,1451.9231457976396,335.44592594926104,0.9073540811190164,0.0,265993.9,35.89,191530281.0,134892025.0,326422306.0
1318.1985848291472,3625.2646378489894,589.098707579985,183.93445246901973,1.069060174695812,0.0,806411.9,39.21,213977002.0,194467520.0,408444522.0
886.9912649101434,910.8139320978098,693.9200507350598,638.2067385793626,1.107016792105569,0.0,0.0,17.6,300278902.0,37765081.0,338043983.0
825.78289987392,145.31348396132813,1835.8850032457394,406.88595991485363,1.0968861096208766,0.0,0.0,10.13,324533030.0,65125187.0,389658217.0
180.3195491716267,2302.0850718845168,1727.64990052751,41.15320005240031,0.9871634804196213,0.0,172267.6,23.37,249081646.0,104174007.0,353255653.0
305.2227932277423,2186.2577249124884,1842.4610054367377,437.7683670655096,1.1062838689163104,0.0,83810.8,22.09,283777308.0,101739592.0,385516899.0
1596.7778294691013,2695.5256941730145,493.51227855441925,160.82636230788606,1.1146860194492139,0.0,325443.7,37.41,229689831.0,171223378.0,400913209.0
1617.133072792526,2523.080105391371,1331.7074127124104,829.4285601632039,1.0662781874048362,0.0,295483.8,38.06,217471827.0,188762193.0,406234020.0
708.2405676039285,153.69220571130884,1737.4915516070669,582.4297349221781,1.078873375130216,0.0,0.0,9.1,322857328.0,51439459.0,374296788.0
144.73346807192718,2625.9764964797287,1497.4750390981221,666.1786521150226,1.0222685825680378,0.0,263671.8,24.25,254981952.0,113607960.0,368589912.0
1904.0554819904412,2733.963609045781,1315.5126471679405,650.9439234217875,1.4426146200549848,0.0,139475.7,33.23,318705018.0,225233218.0,543938236.0
1935.520372507503,2162.163827377171,833.3388219250968,363.73397955941624,1.3914473046484335,366.8,44125.1,31.43,315101260.0,185799944.0,500901205.0
1344.0021335545855,280.4756898207627,284.3720260300544,900.1858951048464,1.4306988888627006,0.0,0.0,12.94,412750491.0,68081900.0,480832392.0
1984.5706555342226,1553.0990114018152,1568.1218152814142,828.2250273143216,1.089418143502916,0.0,30323.7,35.23,232327142.0,181311204.0,413638346.0
303.02912790859153,3619.2056927501976,60.438407502699796,597.335918711443,1.2901273645090254,0.0,467409.0,26.44,313228271.0,121404177.0,434632449.0
1421.530778006717,927.9287106077957,1443.1584885977015,216.39956328126553,1.3974229534510094,11890.9,0.0,18.54,375735384.0,108725044.0,484460428.0
456.858265466463,2529.0428855461614,1566.8269716679517,188.94575046218876,1.0427918925795616,0.0,231392.1,26.71,251633436.0,110798042.0,362431478.0
1624.431295261155,312.17626703487883,381.52190493332824,455.5309061899152,1.4581091572468623,979.1,0.0,15.17,410126640.0,96756073.0,506882712.0
1171.5152857519267,1407.2705889958586,1956.7404444449533,463.7113062212885,1.1602409842124892,0.0,781.7,23.94,290585341.0,110305748.0,400891089.0
858.2784007109035,1133.2136635626705,651.3896194751687,687.8370599294981,0.9245013584051287,0.0,1551.0,23.11,234049796.0,33887415.0,267937210.0
1421.5878729725748,730.3723281969184,768.4160064089858,146.53897256033198,1.2316506264434819,471.4,0.0,19.43,326859923.0,89228440.0,416088364.0
1520.6956777252112,1287.3997410846036,326.8331550805259,226.50558193117553,1.3908677511153436,8025.4,0.0,22.05,357899267.0,89451226.0,447350493.0
558.0476125997923,2812.1704126307545,662.3988136124221,188.73255434296254,1.3363851357764587,7189.2,153981.1,24.55,332700237.0,98719655.0,431419891.0
976.916386455806,113.53642212754725,1919.8848386887971,147.7534450721074,1.1120441858718548,0.0,0.0,11.29,324746671.0,81493288.0,406239959.0
802.2968139660497,1776.6305343080403,1570.8880446683413,6.090279675126764,1.4594832308016448,180085.0,0.0,18.62,383952248.0,83442429.0,467394677.0
1346.8880245232783,3450.855431310636,1634.7790748329717,927.8382180832168,1.2606003305614069,0.0,504634.4,35.04,269816128.0,218674421.0,488490549.0
744.9892292989095,1607.7780491023814,1316.0646207682257,426.9318597663363,1.3390036700806736,35.6,0.0,18.53,360374038.0,62405050.0,422779088.0
191.50311352686165,3012.8515358151462,408.37727928400835,943.9476095247226,0.9933274799623608,0.0,458919.1,27.01,238688780.0,101344923.0,340033703.0
269.30734887349945,2947.110281432236,1637.4036554060287,738.7594198812473,1.4763182783428228,0.0,113352.0,21.19,388438028.0,133601934.0,522039963.0
564.0751258090925,3000.734922534744,704.0810600868417,537.3986255693407,1.1673600178207972,0.0,328517.2,27.97,276898323.0,109289764.0,386188087.0
12.197297274471087,2085.2977625471426,1495.011775527906,174.55238357527125,1.4589935171358226,99381.0,2397.8,14.39,411449520.0,86683025.0,498132546.0
1105.8830396875805,647.0329914384695,1291.8951418337706,191.922708515344,0.9381200089772018,0.0,0.0,20.69,244959290.0,75238350.0,320197640.0
1428.8822804441202,401.82242639894497,212.43489675287063,739.9435631818133,0.9331213399248427,0.0,0.0,22.21,238968246.0,73831916.0,312800162.0
1688.3687383149854,2890.0199938916144,282.786856155532,518.3806472769688,0.9579752945813654,0.0,590139.6,43.33,178744043.0,183240921.0,361984965.0
1318.9109932537833,228.43594708308405,1888.9617126454946,207.73073536958165,1.309736793569187,2898.6,0.0,13.52,373484096.0,112144491.0,485628587.0
267.48761982627445,760.8351074261986,901.8992977667413,573.0961413415162,1.4993179442350097,1042.2,0.0,7.17,466036183.0,26067312.0,492103496.0
54.05618556961853,1.1413433080356672,700.734189429896,366.1563678024199,1.430302341659179,11373.8,0.0,0.45,474798222.0,20253100.0,495051322.0
1902.7346119488745,3196.3056641843273,286.3575009720956,412.10483518107344,1.347531097377014,0.0,365209.1,36.97,280222548.0,218329049.0,498551596.0
651.7940763301433,2407.554043493301,474.285726382184,323.41925796080807,1.4162577896090904,5173.3,42301.2,22.04,365891236.0,73186713.0,439077949.0
522.3113402455548,3500.4964353920523,612.5191218736938,23.528109823277354,1.0529405422815423,0.0,667767.4,31.38,237865536.0,131464893.0,369330429.0
356.9623045775427,1839.7818873697056,225.43213265572004,626.0488772454097,1.4249394423338968,0.0,537.6,15.85,398606208.0,37794795.0,436401003.0
755.851868560789,611.628571078618,800.0499915688259,785.966821450627,1.2548926044477573,0.0,0.0,11.92,364348983.0,28736460.0,393085443.0
210.8835997880525,1949.989370207131,936.1707629111864,327.11225602116144,0.966096357631994,0.0,82040.0,21.73,248953734.0,63810695.0,312764429.0
2045.6183857682731,639.0372512125178,385.4857815814909,145.58269210223585,1.242115823219363,339.6,0.0,24.4,309302884.0,135720176.0,445023059.0
925.0510627964303,905.8925707563982,858.8467660430563,673.5218510617179,1.069020318899178,0.0,0.0,18.6,286477237.0,46042473.0,332519711.0
1908.287443023343,1112.0368409550722,396.3580616457065,954.5678468728145,1.3863363660709076,0.0,0.0,24.12,347492469.0,123367256.0,470859725.0
715.4419477986256,3054.39761965227,1037.6284983076,346.7524982610628,1.4037669537235287,2599.4,196148.0,26.05,343730074.0,123480960.0,467211034.0
1568.2641644123582,1081.285678794474,1213.3570305159476,369.39022351979725,0.900631183536233,0.0,8343.2,32.26,200864049.0,115617587.0,316481637.0
2005.3858208195825,1995.1535461443973,1196.8652033315664,599.8914256772949,1.2303848764916416,0.0,61203.9,34.69,264685805.0,194456243.0,459142048.0
604.7497563529424,3526.821333416244,1243.3368250305698,670.9213605539614,1.17287565439023,0.0,559455.9,30.34,269053542.0,151004691.0,420058233.0
600.1910200232817,233.58680529499352,700.4603931357725,176.09742926839212,1.2972529609542072,6836.8,0.0,7.21,396952084.0,20245187.0,417197271.0
1832.72309981367,1099.0001354317178,665.7652508280931,670.3645038290117,0.9895628605447419,0.0,7571.2,32.68,219339950.0,124183929.0,343523878.0
1937.8770346230026,1320.7638151225035,202.39889185354932,174.6840049206415,1.4596476456044747,30879.5,211.8,24.58,362809253.0,125991881.0,488801134.0
515.2437162494066,2404.0357579075694,312.3304470765302,194.10169234877773,1.4275429313399866,32410.8,36747.7,20.77,373721589.0,68331029.0,442052618.0
308.64926391384137,68.06462985269336,1002.4663790525525,862.7268132629347,1.0955946272493748,0.0,0.0,3.92,346559424.0,28973971.0,375533395.0
267.2183342963064,3565.4979113232653,1353.4772589788267,850.6906319481565,1.3512829633973542,0.0,390077.1,25.23,334351782.0,156108984.0,490460767.0
1455.8351412674615,1395.9675636852405,648.6799864072788,716.9585958944741,1.330027804906338,0.0,139.5,23.3,336561502.0,98163053.0,434724555.0
1981.9767807423596,2064.23513878941,589.242211575347,489.52879933047745,1.2682282900355515,0.0,61985.7,33.97,275879239.0,178166155.0,454045394.0
889.7316321178625,2871.81323779516,1169.2264244316755,9.435727627650547,1.2419039329392052,9547.0,244967.7,29.13,289387412.0,134292292.0,423679704.0
1321.0638936887801,3322.3983431049764,827.4433473283771,574.4676592713583,1.1849984704286243,0.0,516845.8,35.81,250490644.0,186578236.0,437068880.0
1108.503653357626,244.31377652845717,1794.567335066203,910.4123398316257,1.2288357659055795,0.0,0.0,12.54,354079839.0,90008647.0,444088487.0
1160.4182502781714,208.92841047655494,1195.9010262395136,429.1517898791625,1.3254261781406624,0.0,0.0,11.81,385846383.0,77494091.0,463340474.0
98.25545110176843,2580.522288308048,573.7876476646278,651.705330453108,1.2762755851872738,0.0,103489.9,20.16,336336211.0,84653351.0,420989562.0
472.9644954582048,1598.8420131350483,1671.266518106649,605.5916435947739,0.9412429811870469,0.0,28328.7,22.52,240128428.0,67616599.0,307745027.0
923.46491330393,1131.7303953638389,1283.2913578232653,614.5639412952609,0.9062388609060843,0.0,2318.2,24.39,225620493.0,58163759.0,283784252.0
1267.0451371374952,2667.5042439653203,1537.460064803151,58.975770389961156,1.0821950502659214,0.0,313263.4,34.85,232137778.0,169590592.0,401728370.0
878.3553737499273,652.5712992955299,841.4677423300196,71.12953582559234,0.967930369804231,0.0,0.0,17.36,263346531.0,41233047.0,304579577.0
1394.2285805285296,953.1380340113626,1422.811694959145,48.10852801666798,1.2376218318261016,5355.2,0.0,20.88,322236102.0,105618662.0,427854764.0
816.170463578562,2893.006152653139,1567.9031604111237,375.5596424575082,1.2736284084526286,0.0,226771.9,28.07,301934840.0,140082553.0,442017393.0
474.4393914886327,2106.8768153349256,162.5293878950449,434.60428411861005,1.0096366089228654,0.0,114043.4,25.02,249239063.0,49242466.0,298481528.0
1841.8497646608248,1614.9899692195993,1181.5474972750696,360.3818603300104,1.0732446211438817,0.0,37342.4,34.71,230727635.0,160047772.0,390775407.0
423.0877476832975,3310.0938450812814,1598.9315648539052,133.26114443103089,1.348034925775079,18653.2,303353.2,25.52,330845940.0,150518191.0,481364131.0
872.636670121422,55.88985750686857,1056.734640752444,130.0464400848661,1.0259605878561568,0.0,0.0,10.49,302342941.0,46927356.0,349270297.0
1451.2454045692339,933.4255948225418,1783.7764036836331,657.1697584241699,1.3993700909464855,0.0,0.0,18.8,375760506.0,121310641.0,497071146.0
1282.670187418434,3153.9240154099175,723.3693500443004,549.1405768855797,1.2095342402666,0.0,413189.2,34.36,261494212.0,171661284.0,433155496.0
1884.4036263425685,598.6429332492671,1156.1215263733848,754.4311942269803,1.1220298563201963,0.0,0.0,24.97,277137449.0,143123461.0,420260910.0
1808.9074788243108,1354.0436044921746,346.6175197918322,584.0483554050318,1.1523408060223874,0.0,7137.8,30.04,265424602.0,119917165.0,385341768.0
31.671368261979477,253.51409075141666,390.55436041318,769.3299595181524,1.435223709620249,0.0,0.0,2.03,469602382.0,11288070.0,480890452.0
1137.661222319654,383.2026289262682,1068.837904483692,855.605460596945,1.3496865774735538,0.0,0.0,12.7,389268148.0,71722559.0,460990707.0
606.9396713090268,449.7229117167389,1801.3633995244859,854.088746632211,0.9322292190871355,0.0,0.0,12.44,268725186.0,52064241.0,320789428.0
1717.3613112842165,352.8818751593304,126.56726680407404,758.6008971462594,1.2217863731549747,0.0,0.0,19.32,324683698.0,97958895.0,422642594.0
864.3326302283149,3281.0197713929597,1678.6071441355075,57.6234715470566,1.2696523451647035,8545.7,381795.2,30.18,291632814.0,166995951.0,458628765.0
1610.1775356875505,1998.2808045830761,1966.0109981523765,686.0475046475483,0.9624858076182152,0.0,169811.2,38.2,195855957.0,180388645.0,376244601.0
413.45135501990296,2999.2716049540472,1993.5133462886001,98.3392668723897,0.960197590707029,0.0,504755.7,29.93,221552010.0,146485143.0,368037153.0
1591.662007888746,233.6060426310386,137.12023212969493,888.8164830096625,1.3802698873910706,0.0,0.0,15.17,386975945.0,86669628.0,473645572.0
1838.059271717237,2361.3636497418956,645.0728438777169,906.3131903327911,1.0792341149846592,0.0,238720.8,39.13,216283541.0,181262518.0,397546059.0
574.4401002633608,3217.6335216697594,1361.6451849864156,895.6720847092428,0.9935407735523835,0.0,593948.2,31.93,222690767.0,139067776.0,361758543.0
1985.5388233413414,2224.254028822187,1336.0700881868552,914.0605803264516,1.1284517848167772,0.0,165282.1,38.53,228408160.0,208027657.0,436435816.0
1500.3138639408726,2324.436454681877,1575.5054377319204,896.9427918333073,1.308036513258057,0.0,80881.5,30.45,299918564.0,175167440.0,475086004.0
141.0284711388892,664.7994554347023,1907.9563645341682,968.6504733772263,1.4804479882190176,0.0,0.0,5.61,467728953.0,55145064.0,522874017.0
76.72674983424598,1388.2868496563883,1519.345407975992,752.8858036578308,0.9515453429699752,0.0,3045.0,15.51,264695572.0,52768087.0,317463659.0
1270.7843295816472,518.6167153033125,986.4186657355867,239.6857008411215,0.9318967030408366,0.0,0.0,21.51,240798441.0,81619456.0,322417898.0
166.84050222298094,3306.5414075195667,1489.2919284030681,931.8239817729504,1.1819939594001316,0.0,414601.4,25.4,290438143.0,147172873.0,437611016.0
861.714860316597,1301.0184717826069,1232.61419210418,351.5593869713336,1.3477639403892037,400.6,0.0,17.14,368952499.0,55523928.0,424476427.0
1670.7466251600727,3179.315874148653,485.60186049055454,527.0220492923754,1.0340667700379034,0.0,650040.7,42.04,197335216.0,201845766.0,399180982.0
78.30389183141128,2569.4058541365107,1097.9625478702492,723.9272795530836,0.9525737468439223,0.0,290881.1,24.26,237539235.0,99251297.0,336790532.0
2075.672083344149,3609.485298017726,929.9996510070254,866.0587151838361,1.0461411334833342,0.0,931834.9,46.92,182826227.0,273404753.0,456230980.0
1537.8254461505742,3191.589860233244,1629.332532161557,811.7740782411574,1.1778159792533192,0.0,482636.6,37.42,242722574.0,223251853.0,465974427.0
1709.6790411187412,2507.2584712673206,264.90279628840875,114.18440406452012,1.3631532815607839,13727.8,110413.7,32.1,304743512.0,165679139.0,470422650.0
1304.092625091546,1885.3353054047002,1814.5235816976565,659.5903568712185,1.13768804705298,0.0,45073.6,29.51,264048477.0,142167899.0,406216376.0
863.0478200473432,2197.0370297678332,1520.5505693726968,564.3533069491241,1.2052565293315078,0.0,68169.9,25.94,294018551.0,108471315.0,402489867.0
1515.587965033969,2560.110316162542,1660.693681227122,62.55178627729441,1.3529712792491873,22291.8,118236.3,30.98,306839562.0,190743612.0,497583174.0
1071.1905402342736,271.1360257203413,1358.0200563390395,716.5401940019428,1.2141763017268108,0.0,0.0,12.55,349753318.0,73949564.0,423702882.0
1655.0708683997555,1089.9006343243645,403.81443706287223,350.7339517432785,1.1460303079775866,0.0,554.8,26.4,277711837.0,100226525.0,377938363.0
1451.021561008522,3069.2373744979664,1441.836380157353,173.9875590696015,1.1197302508801545,0.0,474834.0,37.44,230632682.0,203749231.0,434381912.0
330.2925925386171,2492.8088443957263,496.34375643378826,525.3869328518468,1.3750979059168107,7.3,58000.8,20.45,362472178.0,78058576.0,440530754.0
1398.9083882115674,1083.0975861144318,665.7335012326818,653.3642866030318,1.2296806496039665,0.0,0.0,22.12,315457926.0,84168725.0,399626651.0
200.98042137504257,3172.5894690629725,1025.2264961072572,473.36101319746535,1.0190636019793575,0.0,509622.6,27.41,243570423.0,127107182.0,370677604.0
786.0321125535703,1208.1542502038099,541.4713656588536,567.4065746467732,1.1773652161681691,0.0,0.0,18.08,317604185.0,24046615.0,341650800.0
1853.9771738810812,3417.078636681194,438.94685845618176,100.10542876721051,1.3712025308926497,15152.1,433984.5,36.91,284631915.0,229207062.0,513838977.0
2074.2860265864997,3134.86825357058,47.394804237469444,251.263550706466,0.9260053662247584,0.0,826484.0,49.24,154745167.0,224194583.0,378939749.0
1711.3250011308323,2110.507323941108,1027.4370823341078,554.4498819965276,1.0514707552179547,0.0,157379.6,37.31,217044212.0,168164920.0,385209132.0
1254.415999654529,111.32113182442887,1292.0234479416793,734.4338301788308,1.3038157582270964,0.0,0.0,12.1,378060117.0,88942470.0,467002587.0
692.4650256809792,2999.33438191298,1431.087994234964,128.29732292427786,1.017086532322989,0.0,472515.6,31.84,228241674.0,130232657.0,358474332.0
1328.3710414766276,1050.580564808375,238.8658828924739,154.9689931498922,0.9993703083242405,0.0,1329.3,26.05,243315693.0,65324867.0,308640560.0
996.1940407163269,2204.8091959490753,352.8045497088299,712.4966103632211,1.0686075645009172,0.0,136173.4,30.01,246235619.0,87387504.0,333623122.0
649.5987185514084,811.2999944990105,1570.412271886382,959.813832936877,1.1954999092068557,0.0,0.0,13.15,341963494.0,45389133.0,387352627.0
87.63388738570373,945.8666186244774,316.1005822376921,842.7622848520178,0.9509123924599231,0.0,0.0,11.04,278502790.0,9136156.0,287638946.0
2015.1029618352802,2136.3050091473924,1035.4795741483265,847.3506224191868,0.9165285727748738,0.0,301134.3,45.05,165828517.0,197698587.0,363527104.0
1620.363482513615,423.2726854137151,1681.5561978808641,529.1762192378618,0.9366776414160551,0.0,0.0,24.75,232063323.0,133955348.0,366018671.0
1737.3159059007614,99.15024496864346,276.741385787207,797.8245238266289,1.1789226743147345,0.0,0.0,18.07,318062378.0,104139907.0,422202284.0
1837.6954485798283,2306.6082602316333,1247.057508740816,292.2351061320149,0.9802083141310401,0.0,298748.4,41.78,187914031.0,195908413.0,383822444.0
2004.0444350195833,380.4156115905244,1058.0212001471352,272.56859083478025,1.058484398148873,0.0,0.0,25.73,258812667.0,151323550.0,410136217.0
1239.7122672463652,2896.500845359294,1554.3589656625575,868.8016891935534,1.0757416427474202,0.0,417247.8,35.72,227674975.0,178931391.0,406606366.0
971.0916308759289,33.88450078869059,1493.715246272731,302.343112142283,1.236896119962112,0.0,0.0,9.45,369059820.0,68638577.0,437698397.0
352.9910880105547,2974.4202108976124,1634.5444385565554,877.4529147529555,0.9275621982640337,0.0,521513.8,29.73,214617261.0,134875690.0,349492951.0
2069.2764098809034,899.4392744160912,618.8673720946989,249.3357291904461,1.0605196190199195,0.0,2227.7,31.27,239961878.0,144647704.0,384609583.0
1152.2989274761032,870.5122758227199,787.5426228008096,655.6065824432153,1.401615722146636,0.0,0.0,15.83,390468282.0,64942525.0,455410806.0
1444.3660280564438,2157.391926577983,295.4571250821374,816.1156015412826,0.9223649327958232,0.0,249456.1,38.44,186936606.0,124713524.0,311650129.0
550.8396178456048,207.1238684630191,1334.8579511689252,368.3710825935145,1.2912290899229202,30.0,0.0,6.59,398097768.0,38580981.0,436678749.0
723.5595501479858,1654.338852802164,915.9220203323617,45.5806536675446,1.1581359158076021,661.2,7176.4,21.53,299203283.0,51175742.0,350379025.0
1336.6191970951975,1982.1696532538247,150.56753255657452,668.0559856867488,1.0853176529491566,0.0,83702.2,31.75,243874170.0,101884736.0,345758906.0
30.096563794261066,564.8118722158101,995.119314633119,310.4016590300687,1.3166298082521304,1530.8,0.0,4.56,415792746.0,28761621.0,444554367.0
501.76249655461885,2805.250091564862,572.9543627879599,620.8637075844157,1.379529828150708,0.0,128989.9,23.48,349572825.0,95790760.0,445363585.0
803.8845282222164,169.90193879015777,1070.8910421177618,995.4090615445002,1.4813951198261481,0.0,0.0,7.49,456709935.0,40994940.0,497704876.0
460.83127437359076,2743.1783292100363,689.9036636401319,160.2724801830915,1.299548820361496,5642.6,148771.7,23.89,326076916.0,96088008.0,422164924.0
1044.3113010633133,1957.4069242901085,1654.7853244710168,336.5436758874231,1.3002568557333978,70.0,17565.4,24.3,324574565.0,117168835.0,441743400.0
763.5092086170737,155.08774458695794,756.0302146726979,950.0344632041347,1.1899574892530502,0.0,0.0,8.81,357419043.0,28170470.0,385589513.0
225.66046080487013,2496.8113906357,1926.7586994370424,907.9452465442571,1.2431765026848831,0.0,99766.3,21.26,322636619.0,119600203.0,442236823.0
784.5453519666876,2107.859936688543,1631.862124398499,861.2373420184542,1.3913063309654647,0.0,14972.2,21.63,360924695.0,100018459.0,460943154.0
949.6682490510232,431.4545021399348,1138.3468534775527,156.42882803336522,0.9365750003387137,0.0,0.0,16.47,257569363.0,56391421.0,313960785.0
1039.722432699175,2379.0056236692594,1708.294612812786,782.8355539543036,1.4143443076539288,0.0,46162.4,25.04,351049063.0,139231553.0,490280616.0
1584.7433871615567,2552.759010769286,20.275138281399265,626.1023118092105,0.9722890824834707,0.0,393095.2,40.43,190676337.0,149344766.0,340021102.0
122.3209709133481,567.7761121435291,1646.5843228835004,743.8493931000214,1.4692634431231273,0.0,0.0,4.84,467649695.0,47590710.0,515240405.0
2041.1654992861058,3242.620870537555,265.85210195399833,878.3827409249803,1.403182280873187,0.0,349732.1,37.12,291499218.0,232805327.0,524304545.0
1816.214017807469,550.6187901328639,233.58365554663507,923.8088795840816,1.0042959894807026,0.0,0.0,26.63,242589981.0,110169952.0,352759932.0
768.5763092238235,1655.2250036634387,248.88505565912888,20.63428803254741,1.4964542818602697,226456.7,0.0,17.08,400013388.0,36092858.0,436106246.0
1827.8303554808938,3311.7866835428135,569.1261385442369,220.10157274543906,1.155519934905256,0.0,596155.4,40.92,224763320.0,225328352.0,450091671.0
945.1708843191443,20.325963077193506,1558.5062251196657,996.6670381420173,1.2172145220612536,0.0,0.0,9.24,363924497.0,68120327.0,432044824.0
809.5193791009608,1425.689372392968,192.15426434420135,266.16181836401176,1.2012796731807787,0.0,496.4,19.76,317489347.0,26829419.0,344318766.0
900.4030823658439,1978.4761270474899,1698.1312972748133,225.242302699612,0.9165985085437872,0.0,146340.2,31.16,207771391.0,106194254.0,313965646.0
79.70005341451446,487.0327632638959,1140.965969608805,808.1848100379248,1.432083563568379,0.0,0.0,4.06,458343173.0,32976981.0,491320154.0
1324.211026117815,1463.4100063967433,309.02941631229487,401.41833944347906,1.0994490803446701,0.0,9109.2,27.31,263126361.0,79555113.0,342681474.0
1814.0039615871322,1766.7913400005043,452.3917999090576,288.8010668157799,0.9818820987256134,0.0,98791.7,38.39,199160370.0,143944243.0,343104613.0
1915.2506613091386,182.75542183838078,25.692497111788448,182.98893352686875,1.3865244107463754,14571.0,0.0,17.47,377278814.0,113296300.0,490575114.0
1091.4282501258044,2271.8111331784603,715.4633508314696,68.67798554917005,1.4136948974953008,59166.8,34095.9,24.82,348333220.0,109981315.0,458314535.0
400.0995573814745,120.00489797876631,1145.4082718663874,83.28922038460107,0.9574571111159006,0.0,0.0,6.14,295860578.0,33105376.0,328965954.0
1668.7861106410649,1784.5428092243235,483.01690449428605,348.62642335951875,1.3375445873059029,98.6,11941.7,27.84,318446919.0,132316416.0,450763335.0
138.34839181751482,422.82463583755197,1232.5240699811393,606.9717344671072,1.4834773107212231,455.0,0.0,3.94,477287323.0,35623257.0,512910580.0
780.9356684176124,236.23178665438257,1075.0748696992557,638.3468117617903,0.9837616714717494,0.0,0.0,11.68,286033463.0,38999103.0,325032566.0
1152.7172148208851,717.8946516195005,1689.4601157621366,835.1614957838297,1.1577774575990651,0.0,0.0,17.85,313132691.0,91048945.0,404181636.0
2015.6595522191963,3556.579164252562,258.502177895239,367.71380483246764,1.2601928820279868,0.0,625174.3,40.93,245210383.0,245833551.0,491043933.0
176.88683297731154,1389.0394788453175,522.3441680331815,952.0502209667042,1.1469514936988823,0.0,0.0,13.93,325058561.0,23989453.0,349048014.0
1590.1687400715634,1403.7404695491907,263.62414083767095,863.1515301608474,0.9002501501418624,0.0,40527.0,35.71,190534196.0,99810648.0,290344844.0
116.6367222367283,1322.715393406267,1373.796511037473,341.70429529077575,0.939787690572585,0.0,1677.9,15.52,261393261.0,45304613.0,306697874.0
662.6964703357003,889.2805181342892,10.839599636395914,534.8019131804018,0.9699875488465116,0.0,0.0,17.17,264518803.0,313294.0,264832097.0
599.4297621410489,2327.5190837073646,1450.2313776459544,263.45562685602255,1.0975162026391405,0.0,137607.4,26.1,267054979.0,97419090.0,364474069.0
514.8057614957651,3473.5056191477765,381.03945397480567,183.18060363367627,1.1670211774989192,22.8,532857.5,29.41,271266190.0,123433964.0,394700154.0
394.7037589331867,568.8516963167575,191.75907540217096,640.1712481082494,1.2672493529411377,0.0,0.0,8.14,384054534.0,5542352.0,389596886.0
1355.5896295655598,2807.0790290741083,652.7160255851517,918.4237336119215,1.3399227666412536,0.0,188986.0,31.09,304687069.0,159118518.0,463805588.0
1677.8174071917747,2617.092654690962,716.9112908651236,283.0324880626349,1.1535102417474086,0.0,268118.0,36.9,239658878.0,181259642.0,420918521.0
202.30830171205238,1638.148220684388,86.28196619047968,3.945960027194495,1.4588993636848158,278983.5,0.0,12.87,407469377.0,23758498.0,431227875.0
1437.2673543257567,2039.5044178494672,682.2040788461156,570.5380146850741,1.4349454658029992,0.0,15520.9,25.81,352552630.0,129381695.0,481934325.0
1360.2125792729578,2187.00965257122,920.4090059433561,345.697030650858,1.319128268353027,72.4,48996.5,28.2,312367992.0,136485165.0,448853157.0
2045.3452620179726,1541.8704274797421,784.4104080284015,428.11347236504247,1.1553263808298329,0.0,20675.1,33.84,251661755.0,163707892.0,415369647.0
2065.4526524733124,2565.6050747589065,718.3688984211833,371.5023738267226,1.1584781548464336,0.0,275843.7,40.12,228381445.0,214499327.0,442880772.0
76.54491110523762,1915.9735393371375,1622.7619030455294,660.5677932075106,1.019052508056925,0.0,50845.2,19.1,271444190.0,81965568.0,353409758.0
1517.9513932739012,2611.63474098527,525.0784312979941,622.8746568569351,1.2665694198731616,0.0,178540.9,32.94,279826346.0,160698328.0,440524674.0
1750.9571957401386,493.9424919553918,389.67700902304546,485.96950376780524,0.9264870893353843,0.0,0.0,27.43,221354197.0,108662298.0,330016495.0
866.5139019995582,2861.2351224589956,297.4287879679964,459.9487369365248,1.4938615400294668,2950.1,108333.6,25.08,372518441.0,106428056.0,478946497.0
1054.8432279908423,1808.9154815631887,1117.5871674483362,186.0043703327412,0.9882983296115666,0.0,70196.4,29.94,227966631.0,95238729.0,323205359.0
1412.284401705001,1436.6335199579457,579.8132564309515,31.391619919897586,1.4076302983070894,69683.3,0.0,21.95,359282182.0,94175322.0,453457505.0
67.40568528647627,2722.4387404224494,763.9771179971619,598.6878105046501,1.0486068004140974,0.0,276780.5,23.54,263959458.0,97198863.0,361158321.0
324.0083040938725,1936.1984430308592,1391.2353899082873,195.49329494514654,1.1618153684595385,3.0,24389.4,19.69,307263597.0,76278335.0,383541932.0
927.1056130575599,784.00431115845,1130.098892504262,145.93568678170067,1.205849503991148,338.5,0.0,15.5,335583730.0,54071896.0,389655626.0
236.50470119810893,1762.518944144149,623.1981097511136,452.246292081535,1.1602496156659046,0.0,8569.4,17.51,315205823.0,45453903.0,360659727.0
1893.0405610767662,1778.4662278419598,1636.9978077537487,225.65239291171522,1.1112496767805553,0.0,54418.8,35.34,236572097.0,186052585.0,422624682.0
156.5613586202031,1527.3144952020218,1337.399774149862,838.1670341093962,1.2395489470794931,0.0,0.0,13.82,352195210.0,54414416.0,406609626.0
1334.5515161015687,643.4794917495218,74.41207646687874,791.688145177316,1.0002229244647718,0.0,0.0,22.04,256722353.0,61141786.0,317864139.0
190.0884815857888,3403.351224890941,1927.0427281183531,616.2572916024947,1.1271823636123761,0.0,509574.8,26.71,272016072.0,164633273.0,436649345.0
1737.3044429100482,743.1334523875471,858.7846548593639,357.0172990006017,1.447619994445009,4074.4,0.0,19.17,387356027.0,120961463.0,508317490.0
1917.7359110303405,2362.7159125549088,221.48028054538372,482.1927896583025,1.047197019734434,0.0,272072.7,40.84,203951670.0,176435946.0,380387616.0
1845.0491577396447,502.40216042881286,108.62055172141471,704.4290335500782,1.1719716449808917,0.0,0.0,22.69,298306036.0,109217884.0,407523920.0
1747.990790652431,270.9055611446017,1602.152265215685,37.334752844158324,0.9168420071483742,0.0,0.0,25.24,225645024.0,143432474.0,369077497.0
961.8433423591969,803.2873815407661,1187.4374140130612,25.816994211470433,0.9212337254177871,0.0,0.0,20.94,239791529.0,58933279.0,298724808.0
1516.1046145184957,762.8995398470913,1312.834247321467,749.9221615007585,0.9355986994349805,0.0,0.0,27.11,224538148.0,113681644.0,338219792.0
1604.9369950579387,974.3690211994683,779.0919163994965,86.63919229531669,1.4031779900189116,41912.7,0.0,20.32,367180882.0,106448795.0,473629677.0
1169.1195194892177,1831.934958585235,1937.1096218055113,334.50575994067077,1.4344675718860176,4636.6,1717.6,22.3,369043570.0,130609070.0,499652640.0
1500.5492320196997,3370.557133143627,1815.6041055249195,991.0298050260697,0.9790060512222946,0.0,804399.5,42.41,185652287.0,234086029.0,419738316.0
1659.6941775109756,2920.3145084594366,1288.7470563569736,278.860958238202,1.479088962976989,12802.0,160011.1,31.57,334859799.0,211175613.0,546035412.0
426.220157501087,1813.4586234411336,1042.9742256383724,161.82934483603884,1.3335172933999446,12301.6,1697.9,17.34,363619914.0,60116567.0,423736481.0
185.28803731579993,2515.944937213561,1697.2309925812738,349.39642508239956,1.3256524851595202,442.2,72417.0,19.98,350743374.0,113916537.0,464659911.0
326.87380698826684,3070.7948752739494,1904.0633971064494,152.6936934997769,1.3151156843833993,9234.9,234538.4,24.12,329029135.0,147452125.0,476481260.0
1054.6578363203564,1929.3425745515344,1412.9794372013764,488.74049933643727,1.26019583521063,0.0,20832.4,24.91,311812757.0,109740477.0,421553234.0
481.4286254727215,1373.978945253728,1730.480700143004,109.9025116483856,1.258545156560184,6023.0,0.0,15.4,350642334.0,58159837.0,408802172.0
384.2385247597461,3072.93874046184,1158.0879077070995,403.0487826702711,1.0498948041910907,0.0,448141.5,28.4,247497390.0,125997908.0,373495299.0
910.8211978103877,3476.1327430959245,1018.4185794872411,469.4895316998602,1.3477642881001854,0.0,402564.4,30.1,311116407.0,161893371.0,473009778.0
790.3131426845255,1551.5489380672823,673.8954631432381,150.9197553293914,1.3282855285215904,10190.2,0.0,18.65,356185615.0,45232517.0,401418132.0
1820.2694554473555,3287.301316751239,1761.6058760755593,451.7838024379929,1.0704397153219178,0.0,681479.2,42.89,201277591.0,257880708.0,459158299.0
1330.0710179177167,3465.578830218895,1454.10129633721,494.8485615901566,1.313285144708069,0.0,460817.0,34.0,285789968.0,212632440.0,498422408.0
1610.7415474674176,3336.9474186208968,1526.4315079443084,433.1905556359056,1.0641639110792904,0.0,690064.0,41.22,205976669.0,234222820.0,440199489.0
1042.2532709611978,1191.2859389178625,1885.529185375628,507.9658434499622,1.183233801578405,0.0,0.0,20.38,310196527.0,86526873.0,396723401.0
725.9891148528892,2321.0473747585092,1040.1025572418955,129.04892289825654,1.4215246864982967,48706.6,31060.4,22.06,364549323.0,88102217.0,452651540.0
748.5417550198197,1570.2597007480997,411.3341133271582,553.3982076178892,1.3212330374571497,0.0,56.1,18.52,355410765.0,34720173.0,390130938.0
1837.229693505084,187.33582384931344,1946.6638193987567,703.8177420203567,1.0705792106469105,0.0,0.0,21.81,275579393.0,161621018.0,437200411.0
426.32986420411925,1074.7991447161905,1751.4515033328848,291.3901731959504,1.1776926807343415,0.0,0.0,13.37,335961071.0,50621653.0,386582724.0
1471.463843095055,3165.3232053177044,1317.1423246922084,753.1091965344226,1.0039960777775734,0.0,654398.5,40.78,195755510.0,206803065.0,402558575.0
1829.3953207360244,1000.8606365337416,256.7563281130314,976.2442903406693,1.0209839552724966,0.0,3566.6,30.72,232880020.0,112055524.0,344935544.0
284.91935761258094,2272.455867369485,637.7262989921906,133.3492051804933,1.2606726703295257,4596.2,50599.5,20.21,331454812.0,71200701.0,402655514.0
1582.484198758361,2879.3100983719783,311.02520202454474,556.8670679399422,1.3882070224088765,0.0,196316.0,32.38,310158404.0,173758561.0,483916965.0
335.86641881942626,753.8865739275499,4.82279486335524,524.6341563952881,1.0168090181171705,0.0,0.0,11.29,296974088.0,139392.0,297113479.0
1510.0457703905847,3492.836295891909,417.5109779981405,649.0970117635326,1.0271006768751068,0.0,811484.7,41.64,197346091.0,200626530.0,397972621.0
37.54430097268284,2753.551724998943,868.0093533017856,946.7868615146531,1.2205715292860433,0.0,174873.9,21.21,316932878.0,101750954.0,418683831.0
328.3517818143011,1632.6812237241188,405.783589612033,878.0292726865745,1.314541908532515,0.0,0.0,15.36,367638904.0,32721426.0,400360330.0
711.482907705057,1915.9877717899196,1338.9603764260569,782.8577166454253,0.9480883259223251,0.0,100557.1,27.72,225630461.0,75284002.0,300914464.0
46.95178556008955,415.46329072670005,789.9926203451259,466.706610082092,0.9818769781283091,0.0,0.0,4.8,307749036.0,22832909.0,330581945.0
857.254292520677,1603.0907144934447,218.1799273549734,916.659960195734,1.2594875565526245,0.0,1826.1,20.68,329259292.0,40795555.0,370054847.0
810.0965810013481,1840.0730760041101,628.3949729376135,854.331031644593,1.245009024941102,0.0,12270.3,22.29,318807032.0,60072267.0,378879298.0
1031.857773010538,3306.5140132370193,1675.9593964681353,812.8018914258494,1.0353655225391065,0.0,640451.0,36.11,217793837.0,183637856.0,401431693.0
319.2616874115239,2505.050366557274,937.2845126827917,683.7127129568436,1.35637633926667,0.0,64756.6,20.67,356186243.0,91410944.0,447597188.0
615.7286628138057,1033.2810722357956,981.6631325163673,273.5493135264974,1.3003771656097198,640.0,0.0,13.49,371237696.0,28372702.0,399610397.0
1556.9329796612944,1713.501374173277,1447.5995311972865,510.4375690707762,1.3277230331802055,0.0,6897.3,26.57,321589429.0,146349919.0,467939348.0
469.0587966540873,2682.0002567369424,1430.2480469140355,266.6057070491776,1.233582594624105,83.9,164849.3,24.59,306501459.0,114447435.0,420948895.0
1783.3248275181274,905.7672085099534,1471.9595680293528,953.966717146887,1.419745151854539,0.0,0.0,21.07,370669934.0,142928703.0,513598637.0
837.1693723883758,2204.164070746943,1983.5402685054078,568.4374113757185,0.96901656145822,0.0,186695.9,30.54,221640836.0,119819957.0,341460793.0
94.72312371371649,2868.841670370823,847.2566508036923,246.8128906291944,1.1086032183965682,0.0,290170.6,23.73,278388059.0,106877218.0,385265277.0
1579.122426749353,1688.8478283507998,1736.9989850517532,734.9255887776993,1.484408490267255,0.0,268.1,23.83,375258511.0,155536594.0,530795105.0
1852.5303537568234,924.0063787832132,1318.1184656051066,20.543034528143878,1.494664034657759,142033.3,0.0,20.68,384992853.0,144865674.0,529858527.0
544.1977368534139,2413.20618985361,1698.3072423991305,160.46466272797144,1.4087276056862876,34440.4,41252.2,21.31,365548185.0,108844947.0,474393132.0
25.532213173864754,1604.3770112500288,944.075245062277,374.0907132587359,1.2518308477802997,0.0,0.0,13.07,359000321.0,46873723.0,405874044.0
1907.446297044988,1186.9704849100494,1158.5197743328483,877.4625257433229,1.363797237060827,0.0,0.0,25.06,337353382.0,145318191.0,482671573.0
84.92885711945915,3422.330473783414,93.29380851722546,588.7584743743296,1.245212172189099,0.0,405923.2,24.36,310587411.0,112575640.0,423163051.0
1639.623631014329,538.8482782117889,358.7407841254076,752.1069327383605,0.9897028514469751,0.0,0.0,24.82,244968739.0,97498951.0,342467689.0
978.7930899318585,2655.8825674656828,1302.4838575653623,210.60418611309518,1.0823761552116513,0.0,286376.4,31.93,242593373.0,135634089.0,378227462.0
2020.3126732575704,1628.6743511622285,88.91495287276108,219.58489946633264,1.1054610537971026,0.0,38211.0,35.7,234029311.0,145608511.0,379637821.0
2083.9354079542118,1098.7703173412146,52.79169756508995,512.921577555336,0.9501632309843863,0.0,15194.4,37.02,197002609.0,129638716.0,326641325.0
571.43094328058,3602.3509292209988,1409.2770378603088,50.66662928287036,1.1692120311550775,1045.3,596414.9,30.37,268053521.0,159552116.0,427605637.0
357.8642138311508,446.2891027397002,1174.130826697604,505.65588964021566,1.345719950589305,0.0,0.0,6.43,416773356.0,33935535.0,450708891.0
1860.4584858634275,895.4551424769328,1845.9839733107942,517.9917725540954,1.0553009509110702,0.0,268.3,29.1,246355711.0,160853682.0,407209393.0
1763.4634724439404,128.97360244535167,1119.0187549459213,721.6215350299666,1.0679866122936859,0.0,0.0,20.51,279488630.0,130895790.0,410384420.0
1800.3806481193092,872.232964989485,1679.7485654634784,78.54496383245724,0.9959565551210589,0.0,940.6,29.89,229919630.0,150507561.0,380427191.0
794.3528574354785,3100.2215114573905,289.1707302535649,875.4382397942416,1.0378389159676762,0.0,509920.4,32.89,229301395.0,111403042.0,340704437.0
943.4800110695924,1280.425887465026,236.2524532290471,944.3097395191401,1.162906974451328,0.0,91.1,20.51,304385382.0,33245501.0,337630883.0
1439.3406799276654,2088.221666290433,1003.4318337044148,616.577623556849,1.4390053837214574,0.0,18348.6,26.07,352367324.0,141276906.0,493644230.0
1458.0663033222183,1932.9026884224527,1290.3719213319528,606.3942805090215,1.159872724491788,0.0,51933.2,30.84,264135496.0,143583278.0,407718775.0
1302.632961121989,1610.1583745959138,1515.2287557438246,968.9124835222856,1.4759192144983375,0.0,0.0,21.24,385950586.0,119715703.0,505666289.0
1711.2341146960844,2184.384796325931,1498.663976141481,178.0482952575544,1.1874110743883535,0.0,105256.9,34.19,257325497.0,185445512.0,442771008.0
536.4804350069946,12.686781426929954,1933.475149344152,863.8485618518413,1.208219171081956,0.0,0.0,5.3,376969582.0,55882626.0,432852208.0
529.9075207281292,2515.5000130232293,869.602169099855,803.3495334226994,1.4997108661085696,0.0,36392.9,20.63,397424396.0,89973742.0,487398139.0
727.8372366163791,887.1830478253133,534.7649775895164,93.34624568067196,1.1364277179000932,90.9,0.0,15.3,316884270.0,18484992.0,335369262.0
36.3312349147559,415.25587336663045,543.3914945453406,159.86277590948072,1.3392954597004352,29235.8,0.0,3.42,426964924.0,15705474.0,442670398.0
220.18598895957214,3143.5586012390245,442.22900742190575,108.59061697156768,0.9060639866587551,0.0,620216.4,29.27,210999492.0,108815120.0,319814612.0
1491.2024340116752,931.5187877569075,1018.9972102755496,111.61604667215575,1.4911775539417496,89649.6,0.0,17.94,401099899.0,102892032.0,503991931.0
261.4271809608568,1495.291113710018,1703.2990046689317,244.88694848040683,1.060183071207704,0.0,2360.0,16.98,289802537.0,63399391.0,353201928.0
1685.721490632178,992.222955607006,5.742622189625957,427.9137204899498,0.907521125807085,0.0,6754.3,32.57,201462204.0,91548339.0,293010543.0
1896.9169117842298,2329.782003770572,1166.0285324424844,201.58951086236308,1.3199677112571817,1485.9,93647.6,33.61,288829852.0,200179902.0,489009754.0
1412.075932069351,219.48277334907473,1761.693061621145,579.4133629298055,1.3754801286231662,0.0,0.0,13.6,392803451.0,117059451.0,509862902.0
548.1758403886402,443.03351310503854,1404.8991463735692,793.8826862551621,1.1316201201715748,0.0,0.0,9.58,336851052.0,40605359.0,377456412.0
49.39839403450893,2970.2621094935284,412.1878126608813,339.0319418974882,1.2769386046662783,157.9,211990.3,21.73,329951398.0,99339781.0,429291179.0
208.40558955556617,261.3446310826212,51.40754315054852,916.6398602394554,1.0868296465611933,0.0,0.0,4.65,341178762.0,1485816.0,342664579.0
1377.47362951922,3590.923953934404,1338.9015871238869,525.09479585618,1.2125519601103432,0.0,623856.0,36.68,252863588.0,219900672.0,472764259.0
785.8722545298252,2177.2001511169597,1917.5827790914086,788.0440336983102,1.1545359702199425,0.0,79026.4,26.01,281299406.0,111842845.0,393142252.0
693.1474685328318,3207.219452531931,271.5716512531876,849.5852569643017,1.0530460568053994,0.0,536725.8,32.0,235746845.0,107044490.0,342791334.0
1492.0869565927885,2926.580708212633,953.9930345269452,192.28397614227433,1.4068606460774253,12072.4,194567.6,31.55,317691502.0,186351757.0,504043259.0
766.2548994361613,1164.069345551545,1020.0323647068792,435.0862411039177,1.3098313302232345,0.0,0.0,15.74,364266499.0,36054099.0,400320597.0
286.0574304570073,1581.553444193779,1783.403622450408,36.06270943972545,1.1744029998919958,2988.3,0.0,16.33,323447565.0,69998996.0,393446561.0
1377.2091499131632,3222.3912459624066,1187.5724538663515,824.4842712393286,1.033614611375572,0.0,637907.3,39.3,206590051.0,197198647.0,403788698.0
735.6076745350872,3419.9401543587946,1771.9502261853725,557.9529826887045,1.185293002676907,0.0,507959.7,30.94,269587966.0,164720179.0,434308145.0
940.475511182546,213.4064714882682,1784.7542079131338,818.1495084153355,1.1737506868367202,0.0,0.0,11.19,343251932.0,74226409.0,417478341.0
582.6323431201021,1244.8018013283058,246.32117174577894,721.7897413057226,1.2340019139329146,0.0,0.0,15.62,343122713.0,8847835.0,351970547.0
488.10563658990594,2261.5102266420135,1958.4604285099495,122.39513547617919,1.1750910063751967,201.3,80252.3,23.3,296832906.0,108829831.0,405662737.0
1030.3211416226343,605.4738861804028,1063.1604219946296,605.97725854809,0.9944067232910972,0.0,0.0,18.21,267767871.0,61657609.0,329425480.0
322.5993294335073,3108.5458377505342,622.7748733400897,630.333387078631,1.2760638454051285,0.0,274618.2,24.74,316811402.0,112294412.0,429105813.0
1749.671275589794,2685.81751137043,1681.1528668765557,625.2147896506657,1.1696742963083964,0.0,287524.6,37.49,240747240.0,219169823.0,459917063.0
820.5861969377607,1375.8780529810122,836.7861958183156,129.3092521537703,1.1543750226019003,53.2,19.4,20.24,303153327.0,44007832.0,347161158.0
811.992631517465,125.49513784518024,550.26151065268,751.9069747402168,1.2467673428457753,0.0,0.0,8.62,375531747.0,26695225.0,402226971.0
1680.8592307363228,1969.9576011021766,1708.167530950535,796.0670996017167,0.9589707420853483,0.0,167514.7,38.94,192815792.0,178049107.0,370864899.0
2037.0582773133442,53.5332322518235,1193.676075859237,792.5115093167623,1.099136483910542,0.0,0.0,22.15,281701868.0,158289478.0,439991345.0
1248.0180169395742,1314.5047869762373,121.22995001500381,8.461519089330904,0.956917218066713,0.0,12025.5,28.85,224155886.0,59703665.0,283859550.0
205.18400374029756,2217.529891939312,1051.7304619250265,455.46330017314204,1.3151528853614505,0.0,28235.8,18.45,354477001.0,80438541.0,434915542.0
35.082495670954906,983.6700375391032,1554.7854625752557,909.9771065171185,1.163001957742549,0.0,0.0,8.82,349205284.0,44937476.0,394142761.0
169.89409858870235,2899.3853233994114,1770.3408665454672,413.66027069371944,1.0460131523521663,0.0,357449.1,25.5,256573634.0,135073835.0,391647468.0
91.68092824484094,2145.630643478327,1819.7389811249984,677.8880255203256,1.0903491587368406,0.0,73940.3,19.87,287692539.0,99065050.0,386757589.0
1340.4221561445809,3020.4083190363326,951.6601186989158,819.7484899978385,1.1351458059998125,0.0,426672.5,35.88,239640333.0,176955151.0,416595485.0
726.6343398721818,2116.2487119391512,929.3728353889626,977.1119204610832,1.2098336541169048,0.0,48744.2,24.05,302681717.0,74789667.0,377471384.0
803.0836802899049,1433.6087615565866,1095.8799012262332,354.9120380081954,1.3337439611789617,277.5,0.0,17.8,362053445.0,52749230.0,414802675.0
793.6822042579213,1394.4441230866323,1233.9464987536094,60.84687269600997,1.2932129508690877,17721.1,0.0,17.97,348839831.0,53927372.0,402767202.0
1052.8670727758627,1644.484794860509,1438.5059814159026,758.255782004861,1.4077565180474756,0.0,0.0,20.44,370789293.0,96165134.0,466954428.0
781.4645069043776,1187.1468228797733,1428.684202989039,581.8048591404458,1.27908092781109,0.0,0.0,16.44,352450678.0,49268141.0,401718820.0
1158.2652613156665,2804.8756742299915,380.0817769843063,555.7121327413968,0.9948610733661779,0.0,446599.0,36.39,208354202.0,132928379.0,341282581.0
849.1202934217181,2410.2975790003516,986.1432166283408,379.59153667218123,1.4309820008493637,2601.9,43318.2,23.44,363223795.0,102332810.0,465556604.0
1611.3416147272424,1910.4355495513612,1900.1063113509758,424.3652894349938,1.3728437565528635,36.8,14314.1,27.53,328527588.0,174228209.0,502755797.0
350.1470599859564,1037.426691911467,676.1711626679097,105.82075270452329,1.2010828890456406,1729.7,0.0,12.06,347849422.0,19543163.0,367392585.0
400.86237965374346,2302.0947787022606,380.18471914603657,123.50625733927534,1.4814520365593546,125346.2,15946.7,18.59,394967863.0,65229125.0,460196988.0
1372.4310376161566,3399.3168203918135,979.775583986464,33.40246306337424,1.2446227022588663,5296.6,499161.0,35.37,264686512.0,199539348.0,464225860.0
1164.1157290524523,54.36144954983612,1722.4840888036633,619.9706806164247,1.3468147016256877,0.0,0.0,10.51,398171194.0,93054805.0,491225999.0
1029.8255063384179,2244.8008496069947,514.9397864570484,973.7577677686472,1.1404320045285992,0.0,112547.3,29.07,266341679.0,97162007.0,363503687.0
338.45100548895664,202.9729686998972,1272.3438661707423,983.3798511764558,1.4374766981077691,0.0,0.0,4.17,458978388.0,36774156.0,495752543.0
1463.8880232091724,3595.8704822440845,1445.656524084213,339.25112340139594,1.2607308798361039,0.0,584238.2,36.5,263743631.0,231202561.0,494946192.0
166.3134495823958,804.7074395078232,835.0804718569844,201.81849356304525,1.4721006088969024,93463.7,0.0,6.79,453142979.0,24136069.0,477279048.0
2075.820843262594,1346.4973900416455,1418.4579721543973,407.77073066324056,0.9837055226317238,0.0,29623.8,38.01,200793518.0,175141045.0,375934563.0
702.4924774588964,847.1392663378574,656.1564408148395,215.0216883977165,0.9674070714349479,0.0,0.0,17.26,263527169.0,19655776.0,283182946.0
453.3382752206309,3287.8980255423294,170.44335155305745,324.7566437552345,1.2170699367015811,0.0,399175.0,27.42,291004880.0,108128650.0,399133530.0
739.1588881318739,1878.9137549185607,86.84012046870792,648.5696333643778,1.238087280933636,0.0,15454.4,22.02,318103668.0,39805801.0,357909469.0
1419.814664307032,2059.1458714528703,875.8071648513263,350.14154229408246,1.0358611140598657,0.0,132131.6,34.38,223803575.0,134343066.0,358146641.0
1042.6412103917874,94.57040213035032,656.4816561986515,677.8722935645294,0.9652302238118156,0.0,0.0,13.61,274532001.0,51039881.0,325571882.0
131.1282402362171,2367.408337207656,795.5494422847005,801.8250365493811,1.4623867823827943,0.0,19799.6,17.1,404856202.0,80478192.0,485334394.0
1995.429346032423,1544.9020596358705,528.6544485500646,608.6137387424781,1.276915755556942,0.0,9307.6,30.29,293289748.0,151862275.0,445152023.0
1297.5891917182446,1168.0563677995387,127.50347283460606,210.00483882559894,0.9926516568133402,0.0,3659.5,27.02,238506424.0,59266932.0,297773356.0
258.3322209582018,3362.4084554898104,27.69529194793585,601.8577392363217,1.468484277444082,231.2,236431.4,23.03,377177626.0,107703537.0,484881162.0
750.7107708252566,1913.3660636960387,1391.5673269503193,317.1696946582389,1.1865911926243495,0.0,25387.9,23.28,299806687.0,80292580.0,380099267.0
1703.6594429437878,2705.6410649673567,1616.8988229856814,987.340163627656,1.1221964849617074,0.0,332115.6,38.29,228004191.0,214053231.0,442057422.0
1557.6852832210868,2188.107978580198,1333.2095344423926,739.8739048329345,1.3498387901677888,0.0,46719.9,29.3,314934064.0,166685285.0,481619349.0
1846.778636279699,1268.037681106881,1306.9627122238212,280.29043159685585,1.256741223070185,0.0,764.3,27.27,301125443.0,146895256.0,448020699.0
1566.2001672584697,2871.3339427667543,840.2490059782455,508.7202232013598,1.1003099107021037,0.0,413305.5,38.21,223858186.0,187156392.0,411014578.0
352.44078253512964,945.6781808488919,1824.2740097996489,308.969542409316,1.484855600127366,32270.8,0.0,9.15,448770972.0,52726419.0,501497391.0
503.48180767407086,2624.7480475561924,1147.8065871436713,696.8700495247986,1.2863747679655086,0.0,123935.6,23.84,323166743.0,103440589.0,426607332.0
1473.5707968009735,3287.135785820716,1126.9389921249629,67.84878290399521,1.0624952606681397,0.0,649201.2,39.77,210706029.0,207550050.0,418256080.0
1476.6365741522727,1793.4908995516944,1097.1039652393738,596.5804553802915,1.129577563790742,0.0,38638.1,30.76,257494387.0,132786077.0,390280464.0
1613.5721698081782,2626.431628544471,1428.5988243862278,715.3101740349447,1.4342148009925486,0.0,103335.4,30.61,329334469.0,196367295.0,525701764.0
1241.393945139227,3510.4720841739586,238.38536878127582,631.9589765938643,1.3301559275614774,0.0,459161.5,33.14,293408534.0,171545272.0,464953805.0
995.0045568398396,1046.1964428386793,1100.074905422198,364.7476802907027,1.4454744426406898,5164.0,0.0,15.29,406031455.0,59466999.0,465498453.0
743.9121801318364,637.8163835087286,1152.7782803309058,395.99259138036933,0.9575388868805046,0.0,0.0,15.75,265585518.0,37829960.0,303415478.0
1177.696301830639,1952.3824725314962,346.3941732663902,597.6381689598429,1.2404153843144934,0.0,29863.7,26.57,300072149.0,91406460.0,391478609.0
1612.9823190417171,1312.4988453287626,497.5190473272786,951.2198869707755,1.236730513669673,0.0,1327.2,25.86,302039509.0,104143450.0,406182959.0
56.586814273515934,2979.183413325628,393.51612183788154,786.0363176458435,1.3230974562935789,0.0,188909.3,21.31,344421798.0,99243210.0,443665009.0
2019.9766150886828,3505.05286478813,548.8212493115199,766.4495812234185,1.0901130514679545,0.0,802788.4,44.91,197719798.0,252063607.0,449783406.0
1311.877702459704,2169.818288385173,109.08703124232932,5.181749835357574,0.9346584087568858,0.0,233583.6,36.62,195034141.0,107723620.0,302757761.0
266.75916910368016,935.2785435924185,1813.9104464851248,518.6326753466864,1.3781350433044732,32.3,0.0,9.06,415654736.0,52426885.0,468081621.0
1747.880003143529,2667.8434478836643,782.7702488411438,863.8593938409828,1.3452298519925523,0.0,164124.3,33.57,294848014.0,192146216.0,486994230.0
1549.4707594995343,3272.7148076110166,1197.3269449153674,528.5744299621766,1.4340975345582452,25.1,299577.6,32.94,318258372.0,215869084.0,534127456.0
947.5527032223504,2946.0016265847,107.69272088961546,1.289944456322134,1.216975493762614,6741.8,295758.5,30.39,278625671.0,112629121.0,391254793.0
153.48079860715276,3544.851138834621,11.002348079597546,718.1496364986464,1.0460308174717325,0.0,662205.6,27.96,248089188.0,116282395.0,364371584.0
2017.345930992237,1384.996191779263,54.566852527730305,26.93576540878273,1.2320240230348132,4084.3,6898.0,30.33,282467043.0,132239417.0,414706460.0
2057.2944762802213,3556.5779322159615,674.5459445785316,482.703649188897,0.9602734834786897,0.0,1026063.7,49.15,160772715.0,261698602.0,422471317.0
1088.7387447427607,2176.9168045452316,502.1233312226421,612.1144359151738,1.4398156510177524,0.0,20432.8,23.81,363749005.0,98854050.0,462603056.0
1.9918701879569074,831.0296007378385,419.83912664787624,123.88620303382703,0.9996607276422611,0.0,0.0,8.35,301633351.0,12134479.0,313767829.0
1305.0276570868332,372.7806362468328,1477.0632180414434,887.0225905583834,1.4559526345070215,0.0,0.0,13.04,420126778.0,98958944.0,519085723.0
1376.4665728565762,716.5489706000261,170.59315107981575,232.0249538069996,1.4771743114710256,33408.7,0.0,15.75,411312191.0,67787847.0,479100038.0
2006.489745650235,1386.3655486235816,651.5830821951012,510.01058225906536,1.0750128548804405,0.0,18195.3,34.53,231735595.0,148561446.0,380297041.0
2042.5962117018496,803.033645789216,738.2853643655371,429.3708757001783,0.9750384138486973,0.0,2815.9,32.7,216050641.0,145638272.0,361688913.0
798.1897638157208,3109.932513970163,280.7220029135169,584.0219508261872,1.14398228283601,0.0,412667.1,31.0,259912478.0,111995074.0,371907552.0
355.56907395489316,44.780276950617136,546.6866069798004,61.82896069800192,1.126061082778041,454.7,0.0,4.09,355572108.0,15800711.0,371372819.0
1689.2875491331358,2612.457496985733,1894.767423403534,427.01541733706915,1.3246808391551117,0.0,154593.4,33.24,291610537.0,216130621.0,507741157.0
1387.2374905827123,787.8780804644822,607.165010465317,529.8295333977603,1.377994391403553,0.0,0.0,17.49,375766353.0,81399436.0,457165789.0
962.8795513552144,826.701776317164,1986.9313805607396,115.57880635366845,1.4735333444947967,99987.8,0.0,13.26,419007865.0,82136381.0,501144245.0
1686.861511377569,3045.1834750875023,1589.8351661829988,208.170941304622,1.279549426437145,375.1,340028.1,36.01,269762889.0,228585566.0,498348456.0
1577.8233589601928,2706.839425328995,543.1307410881552,181.1193877636814,1.0968737903487296,0.0,344237.8,37.71,224934358.0,171471075.0,396405433.0
1000.4757415868619,2082.824111841146,1673.9007246383208,769.034227704616,1.3056903153999098,0.0,28572.2,24.67,324410398.0,119907069.0,444317467.0
549.3751757856558,1738.3362111338442,670.8717482559221,234.92817955053414,0.9061472162300876,0.0,67556.1,25.39,222585031.0,45630722.0,268215754.0
707.77820863989,929.702051804076,1143.8046539336333,62.3017702837122,1.0623117580261208,0.0,0.0,16.55,291844298.0,34237666.0,326081964.0
93.344386625846,2328.3469933837728,1136.3791171372498,337.48002307447325,0.9884007602613263,0.0,176207.0,22.53,252116506.0,88389036.0,340505542.0
1997.2628513228128,2121.344584020667,1358.2267331441358,531.3487532694519,1.3839199485877232,0.0,41601.8,31.85,311394810.0,204638272.0,516033082.0
1868.952403307833,1389.2392732593962,1380.050624461221,229.88748454639696,1.291113028297223,269.4,2106.9,27.68,307728706.0,157072647.0,464801353.0
832.2394885011122,24.617205826737006,1911.0557368452414,868.4415455387189,1.074501930207617,0.0,0.0,9.28,320904385.0,67893367.0,388797752.0
2080.3240001755144,1151.1734586402188,917.6883729181495,851.259026174417,1.0827578107968245,0.0,7496.7,33.02,238775129.0,154303444.0,393078573.0
939.3764929479375,2416.0814166574173,260.93510954485646,422.35036869171773,1.0856459624169759,0.0,191246.9,30.26,249268070.0,89984680.0,339252750.0
1411.0744277281456,493.5688859191496,465.46295820187476,711.3762037524828,0.9937346218344689,0.0,0.0,21.57,256583858.0,79502542.0,336086400.0
879.91016177017,2587.757021196206,1530.9367688600107,94.88117867166845,1.4111973656516867,50684.6,78480.0,24.98,347639421.0,129732637.0,477372058.0
1509.48224785598,1231.639356956729,1527.6057046604801,728.2988653406591,1.2605347359050314,0.0,0.0,23.78,316540262.0,120353036.0,436893299.0
1164.4332465511854,2666.973664705495,1998.5198034109092,578.5522493158853,1.3852307230573488,0.0,115801.5,28.09,329259449.0,173425369.0,502684818.0
1551.8107006029904,3106.5844993827873,1909.0497227682768,193.0832074608152,0.9992757818370698,0.0,638119.4,41.53,192406176.0,228404469.0,420810645.0
1222.5435622450682,1630.9410782780112,1141.4453858383383,798.0427344855085,1.459028688029548,0.0,0.0,20.99,382497270.0,102557266.0,485054536.0
870.3119955389938,2606.0955033233568,393.59837568281876,534.5519493545236,0.913082866668312,0.0,406469.1,34.31,197460729.0,96885997.0,294346726.0
1050.3199324725072,1979.5713466255645,1470.8906715566625,649.4847902069916,1.115038040583481,0.0,60940.1,28.12,263877418.0,113508845.0,377386263.0
11.948927986857958,419.2137212513046,1946.1213070349047,922.3331583153058,1.0950558978486873,0.0,0.0,3.96,346206092.0,56248134.0,402454226.0
539.7083797413059,1584.1911460948359,1379.8800592241455,356.82767265797366,0.9403763086386934,0.0,28061.9,23.22,237741503.0,58467087.0,296208590.0
839.8277677465665,945.9380499675979,649.8600224224235,162.95724578730443,1.2953040416673884,4914.7,0.0,14.89,363383730.0,32141352.0,395525082.0
1098.0254958162939,983.233115782136,1107.7249626124828,492.707847167238,1.3775849139396168,0.0,0.0,16.46,380508958.0,69190571.0,449699529.0
1993.2272015743204,474.3339475925211,1767.8269578159657,704.7969382849021,1.3155321271787428,0.0,0.0,21.32,341303328.0,170841081.0,512144409.0
780.4173705420548,1248.3867495376633,11.278969645033943,982.2048746373077,1.2639034994238294,0.0,0.0,17.11,345383895.0,10111281.0,355495175.0
838.8551808813845,1973.8808234686082,81.05406819252492,173.65095529166885,1.2740159549780414,1846.1,20670.0,23.01,323247308.0,53551078.0,376798385.0
1072.2357063903478,2857.0816072273083,1317.4853808906742,601.4356759793872,1.389159422583188,0.0,161836.7,28.2,329812651.0,154679548.0,484492199.0
142.32857507571282,2507.9190710455655,1431.1814265780308,275.163549680011,1.0173897818924367,0.0,222896.5,23.66,255728203.0,105828371.0,361556574.0
445.88241132575826,719.251334258139,1047.5643818071892,135.62631136582849,1.2955715168516102,11025.7,0.0,9.58,386067202.0,30277425.0,416344626.0
219.08816990818448,97.60939432623002,638.5804848917422,191.85972373304105,1.4931972332460495,136060.5,0.0,2.37,480606741.0,18456691.0,499063433.0
631.7472867868983,806.0926322726149,393.53964699842913,373.85290480349033,1.2635093371989468,0.0,0.0,12.23,365653187.0,11374353.0,377027540.0
1630.355898471499,1323.4117793073383,1251.9419600855788,482.0598982793874,1.407897207752039,26.8,0.0,22.95,358717093.0,128092816.0,486809909.0
1186.4521053753374,1052.3067689211334,1407.1745143565117,820.0644880229958,1.1792643940583791,0.0,0.0,20.7,307918181.0,86001778.0,393919959.0
2058.306243069635,3191.1216714644675,393.90933933098296,786.7558721562373,1.2605707466098597,0.0,454275.2,40.06,248907793.0,235529760.0,484437553.0
1115.0815559293353,1865.5970692838332,1706.822285564858,610.8727889034485,1.2226235910322403,0.0,20920.8,25.73,299102648.0,120640669.0,419743317.0
101.87290559053233,1627.3394172235633,1816.0831240910154,711.736729344619,0.930572386833692,0.0,26712.2,18.44,249894311.0,73217561.0,323111872.0
1843.1239082849231,3000.8020135987063,1093.368423139056,22.405465182281482,1.2374577708202805,4126.2,370367.1,38.06,252232106.0,226445423.0,478677529.0
113.81816909659842,1162.9756234840538,1257.8192378054778,912.9130838821744,1.1146773823556873,0.0,0.0,11.64,324251822.0,36354355.0,360606176.0
1793.149587312,3333.650467753874,42.087760914628625,239.4278377525315,1.3259173795364994,825.4,433078.6,37.02,275347948.0,207982538.0,483330486.0
1578.0177448208585,1424.4731662879062,1313.50922554571,612.1586173620351,1.343864976960636,0.0,0.0,24.34,335522866.0,130064086.0,465586953.0
1498.402821848579,311.71099670501167,316.5003618801219,132.727147259316,1.4594880419056913,63037.2,0.0,14.14,411936136.0,83252136.0,495188272.0
1904.7364218159826,2894.606538637001,233.43712135191862,574.2714699195859,1.0123383756539108,0.0,554802.2,43.97,186749564.0,201999745.0,388749309.0
768.0805098101032,969.541334193809,1657.8619629749319,144.45139951927322,1.2877075011660455,5852.7,0.0,14.51,362740539.0,54657478.0,417398017.0
2051.420373973308,2494.0081372106893,158.4669780139194,907.8495019625249,1.2858478066137577,0.0,162381.5,36.54,268903270.0,193466360.0,462369630.0
951.4083924768493,2394.6836971042603,1758.088660945274,477.1272279152493,1.2187928896873377,0.0,111678.4,27.69,290323293.0,133303486.0,423626779.0
943.352827369433,263.50687755490475,1574.140253854717,126.41174364183894,1.1367420061729863,0.0,0.0,12.02,329237725.0,68404498.0,397642223.0
806.5256330921153,1016.5480752748587,805.0142517888368,618.0091103824286,1.086832387324627,0.0,0.0,18.04,293248784.0,33553997.0,326802781.0
359.6873901009064,3155.804063141378,1941.665299714271,458.5838238763206,1.0962118274067516,0.0,439728.5,27.79,260638478.0,152761049.0,413399526.0
99.00013216760814,133.77109241449287,785.7639912908041,930.2420183009658,1.3384251260409386,0.0,0.0,1.87,435274095.0,22710690.0,457984785.0
728.2267383455659,3514.0085234108815,857.5158065114614,276.7927439746457,1.1558119468346144,0.0,582365.6,31.69,259987546.0,142281831.0,402269377.0
441.0676282612913,3214.8687358288885,722.3466208353806,657.9689644943214,1.1334283192962982,0.0,439422.7,28.24,267800639.0,120453012.0,388253651.0
1880.1100064548618,2331.8421287277374,976.5037805625989,132.1429691813385,1.4411499977113227,31480.8,55241.9,30.99,327236040.0,193254209.0,520490248.0
1140.1131703466424,1034.7422918499456,1755.8537836334083,54.4404273944078,1.088446150397743,0.0,0.0,21.76,280350564.0,91805326.0,372155890.0
1119.2872165064778,1233.5260398371538,953.4685107577156,264.3162523309839,0.9780498545597384,0.0,4215.7,25.95,238440077.0,67861749.0,306301826.0
76.84087901613583,572.2570306310752,1905.8930280496236,575.4031333367384,1.1933760751667708,0.0,0.0,5.55,371303518.0,55085428.0,426388947.0
801.3152049524024,2571.565129919689,282.5189518121867,276.12986765266345,1.2935412717982517,366.2,119430.0,26.03,315565578.0,85596353.0,401161932.0
998.8492001602002,2795.435916421492,1794.2196879133066,823.3725913706561,1.0105246285564393,0.0,411000.2,34.31,218559627.0,158627672.0,377187299.0
190.71544107375024,615.0693799785261,1567.0613832004613,913.8310894927105,1.4552693206223144,0.0,0.0,5.76,457836106.0,45292284.0,503128389.0
621.779920837379,3050.4392021892168,1072.4710700441933,822.7918483482073,1.2290189054280005,0.0,304359.3,27.76,292509514.0,122405874.0,414915388.0
304.1873632394614,287.5669703953436,1914.438298418679,425.8025564315789,1.1103123869383906,0.0,0.0,5.8,344325326.0,55332410.0,399657736.0
742.8919317419272,1375.5319136559635,1889.9936557886763,62.70458740317586,0.9714367724293795,0.0,6697.7,23.03,246182609.0,67264786.0,313447395.0
1646.4234097796557,1994.3564535647035,257.07351592190395,34.46013677833637,1.0345406089675364,0.0,126675.0,36.42,216554542.0,134144105.0,350698647.0
543.7903881259152,51.59329735595042,432.18107667438676,738.3189369523997,1.4132602137822023,0.0,0.0,4.86,446641823.0,12491194.0,459133017.0
1872.8217050698618,1415.3879384960626,638.8274518071153,999.8608482078876,1.3616042705529532,0.0,1463.6,26.47,330459197.0,137304922.0,467764119.0
1120.379088692251,924.8203006625097,642.6109057702095,515.3643488293872,1.2252497518744505,0.0,0.0,18.25,329963378.0,57809381.0,387772759.0
28.519973310618255,3482.622309535452,1151.212494703127,589.1582444091333,1.0268826802522915,0.0,639088.7,26.73,247741013.0,146146830.0,393887843.0
1594.9982678006018,2676.270207933389,190.31594680952813,594.9943722599203,1.2949162471979279,0.0,187322.3,33.34,284546815.0,161339689.0,445886504.0
1742.1596439865343,748.1109794712897,1755.2695936128118,461.4810717075957,0.9579141715833869,0.0,0.0,29.08,223684546.0,147320121.0,371004667.0
220.22024685017632,718.0301668336056,565.501411970617,496.40580445979964,1.349250718646736,2.8,0.0,7.24,414559422.0,16344510.0,430903932.0
389.3235057105163,3603.3260140333177,323.0438635406252,599.3779677221474,1.457364261522804,136.3,333069.5,25.11,363485029.0,128205489.0,491690518.0
1735.7779766981846,2351.83780203727,1430.985993581797,134.2056267053643,0.905797832256149,0.0,380857.4,43.29,169135319.0,194070159.0,363205478.0
905.2002153913771,324.9537026080401,715.5051238256486,223.7427935697376,1.4498080334284456,36103.7,0.0,9.54,433560351.0,40068508.0,473628859.0
1834.9167579318,2972.7625401675605,1427.888596827975,154.071929104027,0.929020455719491,0.0,691285.9,46.09,164911767.0,233964313.0,398876080.0
1363.356183627034,2331.3970379456105,738.848569508962,472.6866664355971,1.1934896329427938,0.0,125865.8,31.63,268704169.0,138698789.0,407402958.0
500.2501567764658,1140.4248012245368,836.7791093270032,603.1790299115897,1.4734915236104356,192.8,0.0,11.72,433667340.0,24185164.0,457852504.0
1122.7404108471983,2654.1249916418215,1614.0022047911064,113.50812130855358,1.2918748005323646,5476.9,155924.0,29.27,300900226.0,157827954.0,458728181.0
1005.200851730475,2077.9243203598485,76.83387153808918,906.2157365473852,1.4716704897452701,0.0,9730.2,22.04,381266791.0,73940026.0,455206817.0
7.259810882415508,772.4334791106845,360.3883474178999,781.3045172798514,1.2588480354670921,0.0,0.0,6.21,389743089.0,10416191.0,400159280.0
369.7406879736856,2954.7145678074635,706.9497436114968,460.85687629310235,1.1323839631923873,0.0,324108.7,26.47,274168469.0,107086997.0,381255466.0
1087.0777304299636,1742.917161848273,549.1680053248853,424.5560374938403,1.44500228991258,1338.8,846.5,20.87,379212002.0,78505220.0,457717222.0
1048.5342745592259,3326.482669833223,1100.2540956359292,768.8172932641588,1.0761547857958278,0.0,606318.2,35.5,228546362.0,169528415.0,398074777.0
1648.0121267425905,959.4874551354976,39.09994328594601,160.72894317769305,0.9129917250192221,0.0,5032.6,31.56,205725356.0,89034211.0,294759568.0
1974.6256083436288,3629.91658411623,1524.4605272390413,108.12816375158762,1.4393672761995897,31154.9,474672.3,37.28,296694634.0,282280680.0,578975313.0
1550.7733421098276,1206.047590909579,1004.5558236178642,661.7593412619689,0.9144302854039628,0.0,14058.4,32.84,202191502.0,107969350.0,310160852.0
1045.7128017282814,2658.595422715596,376.4507437926656,443.79057347933303,1.21951807751096,0.0,195520.7,29.91,281557961.0,115176537.0,396734497.0
1533.6538005349992,3500.9669701789803,1696.551096008583,621.5184202299502,1.2501844049008857,0.0,556125.8,36.98,259565058.0,240175612.0,499740670.0
1257.6442550565184,1978.998472854979,118.7257605178471,698.296394588205,1.3298020800777617,0.0,20561.0,25.77,325738930.0,93522416.0,419261345.0
1068.5215553267521,3159.507007611231,1344.873605513357,362.66465785701695,0.9118166121591805,0.0,718214.3,38.83,183659096.0,170149033.0,353808128.0
123.35203294766296,1277.0276897596843,924.2106503973657,166.87111950842504,1.0135969838535792,0.0,0.0,14.04,286852255.0,30041216.0,316893471.0
479.9906830549162,2833.2634226618698,1542.5756819035428,382.9389854137788,1.0034186289506375,0.0,390446.2,29.14,234112772.0,125206751.0,359319523.0
231.24398285733335,316.2794027312388,782.5585017987441,45.542433321119404,1.100181022275801,84.1,0.0,5.34,342867713.0,22618043.0,365485756.0
2004.7968106982714,1842.2417546644404,1645.2893136703779,129.26594589539908,1.0608472694458229,0.0,91426.6,38.43,215055702.0,199767948.0,414823650.0
1973.5493368742584,1392.2933858705055,1296.8122568966446,976.1267791625894,1.2304726537984414,0.0,5504.0,30.02,283604344.0,164466355.0,448070699.0
636.6463041419144,1930.9728951059863,109.27439866171862,112.36987409269116,0.904302663031362,0.0,125054.7,27.93,214557786.0,38966683.0,253524468.0
1843.5779366630338,2436.747956905532,596.6595302654962,221.1614192073046,1.309845960694668,710.1,122004.0,33.95,285169396.0,184116366.0,469285762.0
1917.224355077314,1085.8749005191617,643.1182187735635,854.240725193773,1.4360254895302513,0.0,0.0,23.18,365071669.0,131323612.0,496395280.0
1905.7662418400882,1064.149775064302,240.6251351926978,439.99757199854207,1.0774589190847086,0.0,3718.3,30.52,246453001.0,118633605.0,365086606.0
1842.8620003026776,132.9848387468679,1267.7609392725446,906.1813657481139,1.4860022200836396,0.0,0.0,15.39,417361789.0,142518415.0,559880204.0
1355.52229953642,3448.2203339912394,151.31892525013458,359.27834599623975,0.9052288183960402,0.0,935071.0,43.1,169579175.0,176463971.0,346043146.0
2045.7681650178565,3276.897117923118,56.10511249640271,18.132650459765976,1.1201816964638196,13.2,644882.2,43.65,207823160.0,228870006.0,436693165.0
539.0516607590303,3074.364166390283,320.9688065437246,790.6494627008574,1.232675819994398,0.0,306188.9,27.07,296209137.0,101873714.0,398082851.0
786.8618433793996,528.9627350921648,1995.382611919342,617.9861209215367,1.1636293395407966,0.0,0.0,12.46,335395405.0,66145088.0,401540493.0
773.8009554124455,3287.7934771900045,1642.383616381522,811.1857883682237,1.2697190837774357,0.0,377822.3,29.44,295284036.0,157934943.0,453218979.0
1851.3894749207468,1086.3804908031157,1407.4122703265787,404.4477423918925,1.2599992851358153,0.0,0.0,25.81,307962819.0,147341273.0,455304091.0
2081.1490062774647,3573.8249538514056,1025.2380329348964,573.8634521648246,1.4383930614823806,0.0,461122.0,37.9,295402054.0,274891447.0,570293501.0
2055.0504605913875,2826.3463235326694,130.3689159172614,322.63973434386395,1.4379374039521848,3144.8,178552.7,34.88,309563335.0,209495231.0,519058566.0
1602.014974698252,2694.306047818671,1335.846460936282,415.2638496323835,1.141944792206821,0.0,301852.6,36.81,237576386.0,195991588.0,433567974.0
1686.6242366268202,1066.4224591072075,1369.663745401947,726.2085234239565,1.4067335936169174,0.0,0.0,21.61,364641130.0,131052591.0,495693721.0
666.9614566241278,2693.058038622674,212.97979515737376,138.0617289519047,1.150401624104041,48.4,230140.4,27.79,273527217.0,79814317.0,353341534.0
115.14574370069057,3440.1449069191785,1803.7916210187211,48.93369552584315,1.4029870331353673,118165.3,293312.9,22.97,351982207.0,162898406.0,514880613.0
1061.0026529777028,2548.1252847959863,1773.8623385963745,576.9744870776987,0.9697962601707777,0.0,342373.5,34.81,208167276.0,151489105.0,359656381.0
5.376402864532336,1803.8251620727508,1898.4642642487202,572.6218716131959,1.1237634828529375,0.0,11582.0,16.01,310822720.0,84364065.0,395186785.0
64.47240561370434,3321.375284719867,654.3133217160844,704.7774013150961,1.316542321266879,0.0,309583.3,22.98,335308928.0,123776498.0,459085426.0
529.3463914538394,231.51234845243295,770.0007573436872,317.1310138371999,1.3201538393233956,746.3,0.0,6.44,408086525.0,22255090.0,430341615.0
1709.2465034507645,807.476865131779,1056.4621395528845,40.60834738816166,1.028553493760077,0.0,0.0,27.29,246237956.0,124086860.0,370324816.0
1588.272947096543,2880.035903375333,1552.8089269036066,142.38792498827013,1.2306208364810505,354.8,304576.9,35.51,261373057.0,210219439.0,471592496.0
881.3470441144534,3599.0952573661784,1308.139738116672,935.2020913957291,0.9872101830050626,0.0,844021.6,36.56,206221991.0,173655593.0,379877584.0
940.0707744139776,2800.935588384303,735.7154560608052,632.5084961536467,1.2070213034241963,0.0,246742.2,29.86,278849630.0,122885591.0,401735221.0
2068.172818219514,631.157320437734,1870.6973906602555,401.5709538032968,1.1807957798263766,0.0,0.0,25.83,288336721.0,180727161.0,469063882.0
1102.134927493606,963.2805744438948,1927.314885221586,911.4872052347895,1.4837430601268176,0.0,0.0,15.18,418432681.0,93257968.0,511690649.0
2078.5773080568556,2431.3743455069284,903.3709916114893,850.7339014963048,0.9142829267018031,0.0,452596.4,47.19,158974602.0,214390179.0,373364781.0
1739.7324332276546,1805.148267885954,1346.4400541668356,374.04606134250764,1.1211738923200896,0.0,50726.2,33.71,244706464.0,164839030.0,409545494.0
66.1302636107009,1538.3556324573183,816.7083908386601,224.79110186807128,1.0483939641238604,0.0,3871.0,15.39,292060478.0,39913414.0,331973892.0
1217.931025222637,1153.510336418396,1660.5038180345796,111.38510685706649,1.246586967945026,2276.1,0.0,20.69,325595365.0,96227235.0,421822600.0
333.6932560850284,1917.5134757219912,1105.0917739006375,642.2976865257292,1.1564549683637362,0.0,23591.6,19.73,305696936.0,67079995.0,372776931.0
1062.2547184944954,656.8579963750948,926.0306994726593,373.0303890942905,1.2996786627926458,1.4,0.0,14.61,366063120.0,60639687.0,426702806.0
906.6032934901734,2829.0101930581995,851.9841971473843,235.77117297395867,1.0642132313751507,0.0,368907.6,32.37,236976406.0,124553464.0,361529870.0
94.41969431606225,1959.9052824813036,1661.7617678006436,769.1117068175702,1.1626736798030828,0.0,22674.2,17.59,315559230.0,85274715.0,400833945.0
408.9109404763079,3134.448529169754,113.5620680901368,399.222725202494,1.4139690854303706,1907.3,202567.2,23.84,357410366.0,98863295.0,456273661.0
819.7733932377496,427.88795884776454,531.8990006915923,600.0294417429484,0.9912215446167425,0.0,0.0,13.99,280676243.0,26882182.0,307558426.0
1365.5401564663118,1590.527810253262,668.7790016410438,240.92548052316388,1.3939979915140257,7125.1,815.3,22.87,355085563.0,100078491.0,455164054.0
827.0651804611923,2680.6797341506062,880.7103852747689,91.86718688677942,1.1643035851003563,246.6,225221.2,29.01,272160365.0,110680188.0,382840554.0
1058.5290207490677,1661.967162380958,1632.4834234965451,910.8513490430294,1.3720672051266205,0.0,0.0,21.15,357594168.0,103162143.0,460756312.0
1215.100266109851,1965.4633568142533,1289.232060247318,287.83029643937454,1.3871081076892111,3180.0,11622.3,24.33,346837245.0,122756766.0,469594012.0
1786.528450303633,969.9983023500448,1805.6364162801553,848.7327239916674,1.1546920604895061,0.0,0.0,26.5,279405754.0,152868356.0,432274111.0
1895.2654213633746,437.19354753577454,55.97311841780073,347.8668255940544,1.239261419296407,0.0,0.0,21.41,320851021.0,112328089.0,433179109.0
732.757851301026,3419.705873227035,509.42045811029016,281.2133935926789,1.280896567526913,265.2,421930.3,29.42,298058108.0,127955179.0,426013287.0
8.056194682461602,2641.032100047195,754.9389661863144,977.747867643296,1.3148505558178492,0.0,99285.6,19.27,351111627.0,92894435.0,444006062.0
108.86818134668533,336.2389457333643,176.3362138483171,952.6222598919437,1.3104309247305526,0.0,0.0,3.54,418138235.0,5096590.0,423234825.0
891.558525197431,727.7521642645127,1747.2794928716064,201.55592767134044,1.3240075298854905,5292.1,0.0,13.38,378335661.0,68631275.0,446966935.0
1591.5312938220463,1069.601602545132,1009.8294743412846,222.9892823183939,1.1273577944732989,0.0,13.0,26.0,274660788.0,111881212.0,386542000.0
2012.3052204138182,2516.091065795582,1693.2284123810302,540.5995714667409,1.0434238452908138,0.0,350247.6,42.61,197168609.0,235313964.0,432482573.0
1486.3545011510985,1817.061697669756,353.69773621411736,412.42988961821027,1.2809041314097835,0.0,16947.4,27.61,305613815.0,113366689.0,418980503.0
1533.1669211824667,882.8914890819767,1751.9946786986623,379.551107074678,1.062682030735649,0.0,0.0,25.18,261757752.0,127948356.0,389706108.0
406.8253156210162,2919.1419438827943,708.3291499321249,483.39902788793466,1.0336918941383253,0.0,395684.9,28.23,244257326.0,105360090.0,349617416.0
1430.4998833872223,2835.151269415293,678.8504979066831,945.079385371402,0.9183663657361417,0.0,576853.0,41.49,176912254.0,168177717.0,345089971.0
277.1863703263741,2137.296924564582,1402.8137240967594,250.68298950905898,1.2324426581348091,187.9,35621.6,19.64,326347852.0,86600882.0,412948734.0
663.8353250842645,2011.3439616063724,1318.655355528505,972.8080535690574,1.1734181160127102,0.0,39370.8,23.37,296121224.0,77912808.0,374034032.0
1351.5304439658285,2098.2824699493526,635.109787775146,253.06413169772034,1.492722433046834,26566.8,12679.1,24.56,372623090.0,123031639.0,495654729.0
431.28717414765947,2868.6992194794793,293.174782041522,804.3512693612508,1.0114370657937288,0.0,395602.9,28.63,237641130.0,90855689.0,328496819.0
2016.521602773708,2490.135193365498,180.23648735165776,693.1771194590108,1.262172457668931,0.0,172683.1,36.77,262912400.0,190684202.0,453596601.0
703.7839243569034,946.4716718568741,1437.5215634963042,741.3613729498658,1.096323509371522,0.0,0.0,16.15,302632919.0,42358448.0,344991367.0
1826.933526100365,975.8428045652232,139.72885194962203,599.8678448275786,0.9642423436989697,0.0,5243.1,32.22,215183954.0,108446044.0,323629998.0
576.8445739956218,1841.0866067658296,572.7192447145952,214.99634242004439,1.3219112489433926,4024.9,4266.2,19.01,353344127.0,47897127.0,401241254.0
1140.4936268237861,3048.3333311485185,1162.4791893109552,483.44721177377835,1.056753810966473,0.0,498312.1,35.77,223471308.0,165994286.0,389465594.0
1651.457349565355,714.6417610886531,484.4568219463206,841.58859675307,1.3447155154375268,0.0,0.0,19.68,356505114.0,102224003.0,458729117.0
1277.8412245223003,141.28152675526152,254.51523656945295,499.9574601876097,1.3478033540897347,0.0,0.0,12.13,391189275.0,61116396.0,452305671.0
967.6503018399516,62.773678625662605,368.5399973336434,588.7666996202181,1.3165302358127948,0.0,0.0,9.07,395231674.0,35800567.0,431032241.0
69.69803200432064,157.29426506161622,522.6202309127259,83.50169538656493,1.2251677393160187,9662.8,0.0,1.95,395539779.0,15105129.0,410644908.0
257.9186323796788,2353.0361856921636,1554.450638615174,970.5166637521066,1.4690441769826286,0.0,18662.5,17.94,402329680.0,101698657.0,504028338.0
569.966338240555,106.75685752211736,658.824432223536,708.4801187126533,0.9358807255635236,0.0,0.0,8.26,282657197.0,19041796.0,301698993.0
750.0008912449288,1081.8654075952722,438.6912716379534,706.1307547303153,1.2954582030146244,0.0,0.0,15.13,362741978.0,17752539.0,380494517.0
1116.5051860616059,3306.111942044199,206.27770546054492,149.68922447813082,1.130069807531648,0.0,545611.8,34.98,241915771.0,148947862.0,390863634.0
1367.5140781341477,2120.2078308508458,148.08537493586394,958.4248037464674,1.0830388898768348,0.0,122528.3,32.99,238937107.0,111518587.0,350455694.0
748.4578997377507,2263.7761705276275,1890.3310349194694,662.688239103272,1.4728639977286224,0.0,17103.5,21.19,386183980.0,111904111.0,498088091.0
391.12748274069867,2246.280042171754,1657.7577837525696,509.02446825484714,1.1173042054976043,0.0,96789.6,23.17,282640516.0,99382284.0,382022800.0
2053.221535116464,511.7840456398776,821.8590550573133,873.3737525606601,1.4402884479035527,0.0,0.0,20.22,380306031.0,149033837.0,529339868.0
2044.0966817521291,3211.996759919705,101.91405077482507,929.7664996274882,1.156900314844071,0.0,569647.0,42.47,219117389.0,226816445.0,445933834.0
1358.6260058469734,1431.2214050766422,1627.3361532270974,575.9192763227661,1.4073267855324025,0.0,0.0,21.47,365627777.0,119233393.0,484861170.0
404.0135181207997,671.4886339602953,880.7536031695739,4.751544962480536,1.315711772937755,70729.2,0.0,8.7,392690475.0,25456145.0,418146620.0
617.2720224797029,2022.996626758453,140.00712092169377,170.64435938269395,1.2737155020131596,2478.9,21716.2,21.36,330135601.0,44425458.0,374561058.0
637.3065775265248,779.4406515858503,457.6930016155358,214.81936472549546,1.2737105696583289,1068.0,0.0,11.98,369707869.0,13228557.0,382936427.0
349.6361821688181,1316.624083823002,1375.7737311869046,513.6710573476506,1.2583685224652903,0.0,0.0,13.73,357993735.0,45059225.0,403052960.0
523.1410521819156,3385.7549895896964,827.7584966326712,286.9639366123345,1.4425957104350835,13063.2,271152.6,25.46,356618364.0,131987058.0,488605422.0
1366.2788478262469,2228.6234831925753,1773.4693043323362,58.54028627138441,1.4026077072045482,48229.6,35633.7,26.99,335745274.0,163767263.0,499512538.0
1413.3471995761354,1306.7738450518696,512.7026850477113,104.80589988155764,1.4646445021480141,72077.0,0.0,20.21,383348997.0,85883973.0,469232970.0
295.88673544208297,941.7618847031099,1382.2143591389397,710.1524378859925,0.9964612227615564,0.0,0.0,12.94,285619729.0,39949708.0,325569437.0
1697.4634701963337,1852.3427871101958,1696.913356230218,87.28538984754452,0.9256979994562138,0.0,149935.9,39.5,184397011.0,173413834.0,357810845.0
1328.1249454157191,544.5863835086351,1049.8980914666,14.108759284508722,1.3679575563289201,63946.0,0.0,15.34,378871689.0,88743177.0,467614866.0
1875.5204048221758,3045.1444259303653,1916.7056263008367,903.0957546587897,1.1664108109742193,0.0,458981.3,40.16,229839333.0,255432617.0,485271949.0
830.5560146050032,3253.146714736701,1853.877590714454,972.835948318037,1.3609903409056696,0.0,297706.4,28.41,321943766.0,167561880.0,489505647.0
421.14671042777803,3430.1835140819226,1894.2829336324392,666.1313639129714,1.4143681598096909,0.0,299163.8,25.2,351114906.0,165019099.0,516134004.0
1170.0528381268405,3427.1808118445533,187.87279318418237,863.9636964847707,0.9333021774222836,0.0,856407.6,40.28,183506470.0,159368143.0,342874614.0
707.0382038745728,491.2320826934008,958.2701849258244,232.24615799246996,1.4712434276003983,48073.0,0.0,8.96,443201578.0,28806965.0,472008543.0
1166.1849806673588,3258.762572782521,556.1169381023019,25.977559946560813,1.365393002210353,41680.4,320175.7,31.03,308540569.0,161289843.0,469830412.0
1464.4574210415615,1980.1346737973229,1630.6854594584252,840.0843726481326,1.2527419848109043,0.0,36486.1,29.14,292465312.0,156354617.0,448819929.0
2013.9594460154585,2612.554369850898,1353.7507523252575,361.4217925586454,0.9013551471600046,0.0,553653.1,47.68,155282711.0,230445747.0,385728458.0
502.36547506936114,2773.031439737106,1419.7425088743482,331.0221448300942,1.2753497847230633,76.5,171367.8,24.75,316460518.0,118665017.0,435125536.0
407.174394701491,956.9686209466299,1894.8161878049932,413.1805729355945,1.0469925565793128,0.0,0.0,13.7,297470262.0,54765278.0,352235540.0
1015.6206946592972,1404.8676436281391,1459.0580746982114,962.1161064908811,1.255042454674615,0.0,0.0,20.67,328078406.0,81422609.0,409501015.0
1232.5418847634678,1324.3469071662435,1129.2618639505906,319.3288663871382,0.9006552445874052,0.0,19424.0,30.46,206219459.0,87899830.0,294119289.0
1805.8105204516414,1558.88203044379,984.1769701079934,83.50091542592818,1.4022663080432352,35099.7,2143.8,26.17,340078088.0,148232341.0,488310429.0
355.15279173727595,1490.5548063870667,1680.5310941277628,457.7829402135195,1.4586914012798782,2560.9,0.0,13.08,422418779.0,62506100.0,484924879.0
436.420322632138,2596.29517273582,1955.9970471234549,549.6136372203109,1.3153103391863956,0.0,101427.8,22.71,335687226.0,125386303.0,461073529.0
819.8775852681026,2727.354543203452,1817.7481130474582,703.0555670505291,1.4615572268285875,0.0,87743.5,24.51,366600229.0,139418310.0,506018539.0
1227.3407794039656,2095.0089088369955,609.2547762183107,709.6274911637859,1.429171513053693,0.0,17148.5,24.57,357081489.0,110666742.0,467748230.0
1347.5693314788216,845.9323707728561,1088.218229443373,755.937416951415,1.4636179889236516,0.0,0.0,16.55,405306492.0,91644247.0,496950739.0
326.502763250355,462.81444020861494,825.8870604658119,125.61116946261086,1.4882573475030711,176161.4,0.0,5.68,458995495.0,23870355.0,482865850.0
884.6746057841358,1937.0061842164948,454.1755625855426,449.12612353692924,1.4908163609167318,3404.3,2130.3,19.93,397215830.0,66730150.0,463945979.0
1018.9127106001314,32.03085067028494,485.05506050126115,978.4548304785042,1.4934405080464395,0.0,0.0,8.19,456921924.0,43896518.0,500818442.0
438.8780921740063,2233.408638873188,153.8166610108289,577.4416424446291,0.9755524208918624,0.0,170560.9,26.06,237475323.0,55275065.0,292750388.0
1706.9092767949417,3410.6572049961474,345.97361609896524,462.712168594824,0.9612257990847806,0.0,882352.7,45.14,173625813.0,212635677.0,386261490.0
707.1069147471528,236.30484978071112,529.0930560348542,990.2236670893016,0.9267619603928411,0.0,0.0,11.47,270106705.0,16408931.0,286515636.0
1790.9489672549282,281.1528572474006,1057.9938622347202,452.11979242734566,1.458932796012387,956.8,0.0,16.28,404819904.0,131667219.0,536487123.0
415.0189628644118,652.2457158280755,1497.4281771356646,725.7194731003539,1.3195090622956793,0.0,0.0,8.63,398437124.0,43279697.0,441716821.0
54.475037219413814,943.6536628114184,1679.7903557085988,600.8581214567727,1.261316952439309,0.0,0.0,8.0,382994902.0,48550454.0,431545356.0
616.9861222690323,944.4283114617208,1893.1097760365094,727.7552788532122,0.9761196706811025,0.0,0.0,17.08,266478497.0,54715958.0,321194455.0
1955.1189743697475,2114.003651099539,666.7247339141762,397.1394463995984,1.335242706211571,0.0,51218.1,32.5,297249884.0,180400131.0,477650015.0
784.5284787654842,2100.8436208005432,1420.9989932968097,195.3749973059645,1.4665448917455297,45492.9,7762.7,20.53,384781916.0,93573914.0,478355830.0
742.6202284428294,1522.330368189199,1397.0287357356412,608.7850893877641,1.1640719021635075,0.0,1231.5,20.54,304592770.0,60282712.0,364875482.0
1354.71215402715,3277.266756486522,1600.567233290837,824.2590099547737,1.0550450451403879,0.0,638729.1,38.76,212742629.0,209785710.0,422528338.0
874.4559832855743,2010.363484204235,88.38163832296586,769.7921803773246,1.0940780546490534,0.0,69432.0,26.97,263045085.0,58858592.0,321903677.0
589.2128227155148,941.2299939628114,566.7585308401289,338.01483215783225,1.2628947348456956,6.9,0.0,12.92,362623539.0,16380844.0,379004383.0
1216.7336961616318,928.2336655748076,412.848553146415,826.3581900713568,0.95563400260582,0.0,267.3,24.61,237207265.0,60056206.0,297263471.0
1069.2356239039339,1889.6359733070722,1148.2736136232431,885.6501159071357,1.2743483640568605,0.0,15991.1,24.5,317094701.0,101462300.0,418557000.0
2030.0264026271286,3163.011692555881,429.4805189744231,241.18331022530114,1.1068644815491024,0.0,599120.2,43.48,205975636.0,232553251.0,438528887.0
816.3075554420737,2007.3722867169347,465.02526579267766,222.34518111376568,1.1288339744208478,0.0,55241.5,25.67,276271820.0,64232535.0,340504356.0
1401.168191048588,2497.895975539164,1952.2334800805793,202.41543392181404,1.1357154911141885,0.0,215212.6,34.14,246275862.0,185526040.0,431801902.0
2011.352583202941,2504.731735875954,1184.5570496440382,539.6460514013469,0.9453062280817539,0.0,445558.8,45.68,169080347.0,219959945.0,389040292.0
1862.684391381173,2270.583931956841,1143.3348158560682,539.5003433218426,1.1351485243926671,0.0,167990.6,37.41,233918264.0,193426273.0,427344537.0
530.9758814874614,2741.8188067641777,1019.1350355233242,33.93953228922031,1.139456699863298,403.7,246616.1,26.91,274190940.0,105536156.0,379727097.0
1936.1385856946058,1357.2372583933322,826.4660158511474,623.9611230550356,1.3810048822895293,0.0,540.9,26.22,336467494.0,145680262.0,482147756.0
1393.741430414325,3085.6986739762956,227.94117408139658,924.5925533186489,1.4423531594468315,0.0,220164.3,30.86,330338231.0,164198561.0,494536792.0
1082.4248030309507,2267.81432316754,425.62610040280344,447.94743798138893,1.0216220165518874,0.0,190320.5,32.35,227538714.0,100575270.0,328113984.0
45.82137559202568,3560.678137301201,518.2930314204102,593.1083088978353,1.080150230122718,0.0,621880.0,26.51,261342753.0,131730534.0,393073287.0
772.7460781387567,1443.8744576536576,670.0934626495155,637.3997593399357,1.4765617622931635,34.3,0.0,15.91,413260095.0,38154436.0,451414531.0
893.7032452629959,3533.1760083169825,1335.5944746895664,607.136195021009,1.0422623110793539,0.0,738029.8,35.37,221804838.0,172314829.0,394119667.0
131.189671800209,3092.5232161593385,1147.962127888538,414.41386242488187,1.38718039325309,935.8,190190.0,21.76,360170850.0,126677943.0,486848793.0
647.5600976737097,2844.530639151089,655.927670811594,920.8811864041636,1.0607801246740816,0.0,357978.5,29.89,244862180.0,100139847.0,345002027.0
286.8003351429808,2534.091051308365,325.69450612954154,949.3630502889856,1.2933330674333197,0.0,92222.9,21.35,335814718.0,75176706.0,410991424.0
481.3444787782367,758.0127314561064,1847.750078240843,607.8579128498909,1.43624160400345,10.4,0.0,9.2,433682858.0,53404941.0,487087799.0
229.81955210354556,3359.1736699524095,1040.0986239881765,668.4219163313505,1.1237252829247684,0.0,496535.1,26.96,270266974.0,136804051.0,407071025.0
123.30757138214761,3477.4399620708396,1989.196658216964,364.54684876044297,1.4663207578511877,10754.0,263974.0,22.54,378604151.0,170109433.0,548713584.0
349.70931665486137,561.5045522606292,146.22368001834298,391.2694075841507,0.9313813501089595,0.0,0.0,10.43,274659476.0,4226257.0,278885733.0
822.8602403428897,502.3572559982956,1461.0555911459146,833.362649336408,1.3126892566777728,0.0,0.0,11.16,384959661.0,54022029.0,438981690.0
418.030307829385,2783.6589402558793,499.00039406655,759.4885969685274,1.2404385449378346,0.0,191073.3,24.54,308471787.0,92580930.0,401052717.0
764.5955964671723,303.0773321982894,1655.0190196140516,939.6529207982254,1.2995506680003825,0.0,0.0,9.21,389359905.0,54253868.0,443613772.0
2011.06916655582,3390.8244511260577,389.21680160750725,731.2123485982135,1.1095828916626167,0.0,713792.8,43.97,204675639.0,240955652.0,445631291.0
1016.4736967793302,569.7845150703101,1949.558856115305,726.1373830764085,1.060144985778581,0.0,0.0,16.59,291119371.0,85999641.0,377119013.0
774.5184740003499,1533.6130243884875,1495.0674482876805,925.6972667695845,1.092864079790743,0.0,6124.9,22.27,279700704.0,66618903.0,346319608.0
985.1626840646747,2153.3434893899653,786.6879848006312,504.1813233656852,0.9634245774120612,0.0,182256.8,32.04,215580027.0,96354255.0,311934282.0
349.60109839654626,1455.9975637091259,1829.878023541105,349.35804574463356,1.0498756851630082,0.0,2042.1,17.76,284300845.0,65106283.0,349407127.0
1548.8677304707403,3445.342502858092,918.2472341270949,8.604955567183104,1.3128895988853708,19161.5,471778.7,35.7,277162752.0,216321160.0,493483912.0
865.4017713696621,2445.3332979168613,555.4330316584071,2.408143816962416,1.1066977312473623,65.3,183422.1,29.25,257771243.0,93126012.0,350897255.0
1469.4920343479832,1427.001217323357,438.3482793064519,464.00686413410153,1.3514091139790312,0.0,392.2,23.28,342274659.0,94884928.0,437159587.0
249.01798596195806,2511.0598821373314,1334.6880476078945,370.73787968507133,1.4822017148276967,12651.4,33378.9,18.66,402101374.0,103195447.0,505296821.0
1865.4605494165328,1147.6661753115136,62.18218678768616,308.30480674507663,1.0228331655246259,0.0,8146.0,32.46,227440499.0,109758400.0,337198899.0
1141.020240789231,3335.0422488912213,1740.675020075043,305.8291556648267,1.1571585201333823,0.0,532718.9,34.79,248457446.0,196994164.0,445451610.0
76.19048508089607,1975.3135327664124,126.7359601014577,938.6061662290997,1.4201603009113635,0.0,2443.7,14.53,404160690.0,41673623.0,445834313.0
446.58120112219376,2538.708307899225,1136.0407648666662,801.357712516183,1.1853912640509119,0.0,146934.4,24.34,295376501.0,98827213.0,394203714.0
399.8445588381471,2322.631542445879,160.56065399189,584.587991168422,1.0276228832786747,0.0,166563.2,25.21,253018695.0,59901394.0,312920089.0
1428.092471402623,3005.796677073034,219.0494585641449,400.26855214859233,1.340112952665598,15.5,261402.4,32.55,298277972.0,163141575.0,461419547.0
341.32088326682,2056.4809222296385,1343.6779637514462,354.79360723938225,1.3991893645215607,3229.1,6453.7,17.51,382790844.0,80877834.0,463668677.0
1064.7223158223983,2275.991268984051,281.7455934095574,23.160174532669053,0.9304491424949918,0.0,260652.8,34.47,200745039.0,95190013.0,295935053.0
1884.6735089932802,3203.9918548211517,1615.182878323685,199.6120912348608,1.215275191169702,0.0,486025.2,39.67,241472083.0,255451496.0,496923579.0
1659.9041546433584,2449.049127958459,231.04238735187522,895.5411998124238,0.9964094356667774,0.0,329841.8,40.06,196617916.0,157218269.0,353836185.0
358.1940207668044,3270.6613238896707,969.2338781890322,372.89182595646685,1.2321940453788338,0.0,372002.6,26.31,299193353.0,130359752.0,429553105.0
2046.2134389549522,434.25855252498565,1513.8976975841306,334.3258622441275,0.9702295625085743,0.0,0.0,29.13,226364952.0,168389198.0,394754150.0
879.731045910877,1991.9729461427335,411.9232754562938,405.2694590966025,1.2814056152833744,0.0,21755.0,23.39,323690384.0,67782979.0,391473363.0
1201.8941211166632,2625.0729564191074,1672.8090658748024,409.1403317693737,1.1537803652773364,0.0,235502.2,32.48,256515768.0,165385707.0,421901474.0
1035.6031003389944,2055.862763524132,216.64534847578332,312.63535419477404,1.0031350772262146,0.0,128811.2,31.03,227777624.0,79689477.0,307467101.0
804.5030094875143,3533.2752834437524,1165.4619133619594,429.3815199205463,1.2395621371342254,0.0,514985.0,31.08,281456965.0,159174803.0,440631768.0
1395.0246180656688,1578.8810717441554,895.4196085057744,701.4011293817086,0.9365175499234207,0.0,53258.5,33.6,204730745.0,108770152.0,313500897.0
1126.0679848811976,1986.7999583502562,1513.504522256762,982.644752336658,1.3774528720720849,0.0,12515.7,23.89,346523641.0,122086385.0,468610026.0
1050.399257376226,615.115041974058,1176.5219432663412,834.2988867126859,1.4594484381871995,0.0,0.0,12.63,423510541.0,66786030.0,490296571.0
1720.7721412451997,685.9560410961055,1425.1517286986627,880.1549474858433,1.3086101799761851,0.0,0.0,20.62,342534588.0,135806084.0,478340672.0
1429.7930053353286,1815.5890990914158,1273.95244425101,294.3807192230211,0.9532860520714471,0.0,104667.8,35.27,203172959.0,134674252.0,337847211.0
1725.78557639416,3423.613835831202,1713.6446707538885,333.913553780803,0.956118090784757,0.0,899543.1,45.53,171504232.0,254549674.0,426053905.0
584.0885382114826,3059.4924141899373,1311.6290152664321,966.6942441029371,1.105608611062262,0.0,406661.3,29.42,256937366.0,129767824.0,386705190.0
1149.8193708080744,2867.8387445467674,467.9838854636247,964.0899746596657,1.2554386034950888,0.0,251264.2,31.15,284796795.0,137817122.0,422613917.0
16.4664195214769,91.30639052968499,1764.4320328031904,645.2815277610775,1.3578435114383174,0.0,0.0,0.82,447155956.0,50996826.0,498152781.0
1634.6733619951533,1526.2689877903185,1597.2224922846037,937.5324448125381,1.003302664661773,0.0,34244.5,33.86,218482861.0,148545838.0,367028699.0
1593.224393045113,1117.2849876445011,642.9860061077077,412.7548510363862,1.4182317119448513,438.9,0.0,21.02,370588392.0,101434619.0,472023011.0
45.98690034145251,1575.1521307212581,1360.0952991385411,110.41545828252197,1.37535215821045,68800.9,0.0,11.86,398320335.0,57446316.0,455766652.0
1963.866916615981,330.0934005094323,305.89627566175625,974.0972249462029,1.0187133844714449,0.0,0.0,25.78,248924425.0,125879218.0,374803643.0
164.58922384118134,3456.4589071171176,1785.2454196189378,655.7254727331311,1.230858556372532,0.0,436522.7,25.38,302702307.0,163172634.0,465874941.0
1916.6001717912764,2379.5378726544645,1316.79331863014,843.685564201953,1.2919474063754526,0.0,118154.0,34.67,278127090.0,208824169.0,486951258.0
1050.1663094735577,1414.6890373713659,1006.2677855824816,522.4786490871944,1.1164991286709511,0.0,2640.7,23.65,280646981.0,72009974.0,352656955.0
934.3268827240215,2910.795116294582,833.0267373517756,25.55976663542936,1.0698115930643095,0.0,402561.8,32.88,236402195.0,130624705.0,367026900.0
483.1817866311907,2880.7027029500455,898.5861169436175,280.31054303513315,1.3864229303049749,5734.7,144609.5,23.61,350500303.0,108949876.0,459450179.0
40.06703750053604,632.5305591143199,1653.9096387916,550.6517276604026,1.3641898647476882,0.0,0.0,4.99,430203252.0,47802431.0,478005684.0
1747.5969907789317,3419.3274635763987,126.84919860667598,799.234743298472,1.3252596889319008,0.0,467382.4,36.97,275480313.0,210485977.0,485966290.0
431.64837741062587,3382.079226814647,808.403760612784,887.6105274548041,1.2630682227989554,0.0,398190.5,26.98,304063109.0,131245091.0,435308200.0
1098.2694685378945,579.0718800424053,1828.6552485746256,556.6619073622462,0.9036554432980904,0.0,0.0,20.62,236146442.0,90049897.0,326196338.0
38.1232681315405,2822.8063562155126,323.8727067567793,598.7384356281452,1.308649177160388,0.0,149961.9,20.55,343762237.0,89463593.0,433225830.0
582.4772612976159,2066.6091245334273,480.5174919781494,946.3154273679505,1.4161020938095001,0.0,8677.0,19.35,378948368.0,56433212.0,435381580.0
600.5692202722231,1919.5966021497331,1001.2657143078114,960.023257950074,1.1364172681103124,0.0,33335.2,22.74,289107267.0,64182605.0,353289872.0
1172.2444513859668,3371.2049394413966,325.6221023531163,550.4856032783381,0.9634037522170978,0.0,783509.0,39.38,192264263.0,160771481.0,353035743.0
1287.4852728415738,1327.430028294827,1935.2721463592013,415.40918114852633,0.9817125825250241,0.0,10169.2,28.74,230334225.0,116416700.0,346750925.0
1738.8899185357225,2979.7460898651784,1389.719239085569,748.811801884228,1.0588291306136441,0.0,525833.7,41.34,204493549.0,224350624.0,428844173.0
1338.681548381499,138.01213247557888,393.7802877800691,932.2794475530867,1.3435411782495952,0.0,0.0,12.68,387449750.0,70753332.0,458203082.0
480.95224796260254,404.3206149550158,1897.838889737003,112.18766606013276,1.054242028828349,0.0,0.0,9.17,315237011.0,54852642.0,370089653.0
380.7918754038682,27.093668094717707,628.2695481960881,974.1788715987626,1.105141983485614,0.0,0.0,4.27,348292650.0,18158678.0,366451327.0
1051.4756736903082,2707.7468956360663,1102.1602041584322,743.5915074123067,1.2969815209143092,0.0,166297.8,28.83,304370866.0,139124239.0,443495105.0
1268.8539029529459,2358.225533178635,1598.3287241565022,710.1913948011041,1.3750649524231149,0.0,58654.5,27.44,329625770.0,156155838.0,485781607.0
303.5710758211628,2459.9556497392614,1474.0438246510664,299.9664324968345,1.4247463967059693,10787.8,39397.6,19.44,380935434.0,104685024.0,485620458.0
635.3236928861304,885.1105933366852,1734.1936309610223,247.01983811642668,1.1493014774590802,0.0,0.0,14.17,324748238.0,50122854.0,374871093.0
767.1191006267675,3259.964415886529,910.4714765759285,694.3089332962155,1.3764233427862975,0.0,286071.2,27.71,329116552.0,134782216.0,463898768.0
1309.1789658578625,3425.6110289194403,1605.0150585120161,400.20662767486317,1.4704871059546099,3064.7,312075.3,31.16,335657331.0,213082138.0,548739469.0
1093.7385273707316,81.9556822899721,520.0265593057935,621.7295870372666,0.9940889413946621,0.0,0.0,13.69,282482423.0,51809086.0,334291509.0
1217.7818736023296,1312.6008209763331,1068.770960116548,1.8748478732528717,1.4090528128012192,99561.7,0.0,19.43,369776739.0,84206654.0,453983394.0
754.6146420119766,508.77511642896957,875.8317140101599,486.1772934888341,1.2824416262977134,0.0,0.0,10.85,377115358.0,30812636.0,407927994.0
1093.7126881345032,157.99060290343738,1743.0246441555296,456.5089317869613,0.9461926635198054,0.0,0.0,15.18,264208276.0,87154633.0,351362909.0
1611.346873163351,2396.3605401825375,1298.8755455384435,426.91400173556104,1.146298237572593,0.0,186408.1,35.39,243855610.0,180985810.0,424841421.0
1118.2660568676097,183.65771882374486,597.9155284358417,987.8941735623736,1.2973154934768454,0.0,0.0,11.49,378773638.0,56322662.0,435096300.0
873.4777348951166,807.1780636738445,1490.418723800467,260.2903097061914,0.9974220623077772,0.0,0.0,18.34,268146324.0,59539569.0,327685892.0
322.1635669884889,2647.225703367979,1285.6205085774347,69.80609937123062,0.9690256892173216,0.0,326961.1,27.14,232452528.0,108540173.0,340992701.0
1321.5707184322082,2073.151449795937,1371.998120743627,178.03890836326198,1.3359527437303003,5121.5,28944.6,26.84,322199208.0,140318085.0,462517292.0
1951.761134384196,2181.8126417636518,392.26003928556776,679.5438552841066,1.1058490101276386,0.0,163658.8,38.59,223582584.0,175525493.0,399108077.0
102.76495121422916,1097.4894641295693,1811.170203900264,411.13932017597523,1.4187992028186556,3142.4,0.0,8.59,431619799.0,52347684.0,483967484.0
1060.5547312450205,1876.630099923348,10.432642129788672,637.1040732889721,0.9646883070182521,0.0,98163.3,31.09,218839214.0,67128970.0,285968184.0
998.1904446120833,944.9501860388991,784.7659316586297,537.0773556668008,0.9086784687611837,0.0,89.9,23.25,229607365.0,50647583.0,280254948.0
593.3567711213335,3592.2913214794694,114.79825164111924,319.3934881573683,1.092852884978789,0.0,677331.2,31.73,245623023.0,121638574.0,367261598.0
791.0196451448099,2485.7547339457137,495.48759736592916,460.2693441360528,1.2869181401114695,0.0,100308.8,25.58,315815407.0,86540155.0,402355562.0
672.0414916151072,3444.0444672268145,1959.3452698853625,119.67356768751114,1.1062919306404861,0.0,594063.6,31.75,248607871.0,167588003.0,416195874.0
433.621765546501,678.046231872328,981.9596766765591,563.8271081348789,1.1553912243585596,0.0,0.0,10.26,341395292.0,28381272.0,369776564.0
568.2769104079971,1011.396314540712,1984.2563126814616,923.6773739902505,0.9455393045936143,0.0,0.0,17.74,256077522.0,57350338.0,313427860.0
1368.908109411922,1658.4657151699848,1377.628194398324,596.9607055405535,1.4335514400494505,0.0,298.3,22.74,366791819.0,124251044.0,491042863.0
139.67063529220016,1269.040420769471,1970.9882515511695,182.28534899061677,0.9764000637039884,0.0,0.0,14.69,274253126.0,59899199.0,334152325.0
1519.9066325111999,2822.0896308633924,1344.5470953493204,776.1958287599253,1.3162329432559035,0.0,217180.1,32.96,290933108.0,195016126.0,485949234.0
283.08187257293355,2207.8454878469806,1553.753365119065,865.5166063244678,1.0477411456102246,0.0,114970.2,22.93,265882532.0,94467359.0,360349891.0
265.6931365568529,2835.358310204764,513.0966900713307,31.929478320887327,1.3951281381895826,114866.8,121527.5,21.52,356468102.0,95556089.0,452024191.0
1054.9915139956431,1185.6782707151717,22.858210463098327,35.327444707947684,1.3755739623361767,61444.2,0.0,17.6,371127739.0,33865631.0,404993370.0
1021.0367701517424,543.4910389461504,717.0112544980362,165.3051475375229,0.967728931908232,0.0,0.0,17.96,261385781.0,50796594.0,312182376.0
576.1018061055894,1994.7160272885026,420.01321562445384,343.67108128476707,1.1867585303738757,0.0,32946.0,22.17,304204661.0,51113781.0,355318442.0
875.7620061968717,466.9189108102814,77.73127107177635,35.458726948938924,1.1101074108167204,125.6,0.0,13.43,316373677.0,18919804.0,335293481.0
1498.702333750318,476.45673438725254,1573.960232728851,715.6743093138368,0.9023660945313667,0.0,0.0,24.7,223695640.0,119623731.0,343319371.0
55.769315167147056,707.9705724031274,112.24182210117006,531.343105270306,0.9237763568750494,0.0,0.0,8.38,278638352.0,3244090.0,281882442.0
1673.5165722204042,1789.4523102732921,1455.9087333449552,750.7025509358411,1.2040583638021396,0.0,27956.7,30.85,274214790.0,161115771.0,435330561.0
1929.381596988477,3594.5740090947684,718.4293720290917,125.86414024923354,1.1179429071887201,0.0,804084.3,43.63,207472250.0,253055638.0,460527889.0
465.6928752747532,1927.550571434153,756.7752025048029,480.4494142867909,1.357912545645601,21.5,4761.0,18.18,367614989.0,57511220.0,425126209.0
571.3337319197617,1951.0332504422033,670.3224986573769,784.9608641206613,1.2837219794446177,0.0,13064.7,20.3,337475112.0,56178812.0,393653924.0
17.732363114623386,2395.9863682119426,340.32401613316466,724.4737902030392,1.240403200107275,0.0,73218.2,18.79,332172520.0,68740331.0,400912851.0
837.0913830528192,2519.461138022348,1713.1865717375604,778.7437138620732,1.2272275659431444,0.0,136683.1,27.18,294417275.0,127658586.0,422075861.0
1506.8176577411195,1502.5098324456956,1578.0522431262573,829.0518916228181,0.9823763021258393,0.0,31884.2,32.85,217202145.0,135018548.0,352220693.0
496.295384753378,980.059116577445,332.1634379641831,392.5350068974207,1.0158199268697674,0.0,0.0,15.37,283018301.0,9600416.0,292618716.0
1241.6994632819808,368.8640577183458,539.8383060535128,665.5206459463567,1.1391270738800094,0.0,0.0,15.98,315086524.0,66029349.0,381115872.0
878.749816764355,2896.468668238953,1969.023106581973,565.0677832542129,0.9474403028781647,0.0,512499.4,34.88,203145068.0,157620176.0,360765244.0
214.5527012562809,3515.65762096678,1358.4698254969433,752.4691183338193,1.305458254611325,0.0,403081.7,25.14,322770057.0,153777879.0,476547936.0
374.5026995343946,1627.554643793886,1596.1608752387313,866.3629629420733,1.0424013088478232,0.0,12545.0,19.69,275641426.0,66871907.0,342513333.0
1242.580333888516,570.2799069405858,1916.5537462435032,252.2042889924876,1.335981077162338,2202.1,0.0,15.15,374089950.0,105901373.0,479991323.0
481.87048871299135,2236.2758126491062,1318.528614045313,328.4281034547527,1.3913003192556306,3452.5,22057.8,19.95,368898202.0,89080772.0,457978974.0
1845.9983228459344,3103.903846822002,661.5964389294346,744.340259012654,1.2356944529215346,0.0,417682.4,38.51,250272006.0,219351914.0,469623920.0
1235.6300565658444,1733.0530594882164,1200.5222959377434,135.65415803575,1.145308339870473,0.0,22161.2,27.53,273291318.0,110543390.0,383834707.0
370.44562374486736,1016.7830774262756,255.62907184426754,212.49560522202003,1.3691575534726295,15023.0,0.0,10.6,404632832.0,7388367.0,412021199.0
1146.4090236404425,85.82452019941303,1577.0489676042312,909.4683959294906,1.4282575654695826,0.0,0.0,9.98,426293451.0,87218105.0,513511555.0
1715.9902007908759,3601.745687367401,1172.803911075866,962.5876285149048,1.4693065395008564,0.0,413772.9,34.78,317547620.0,246861640.0,564409259.0
653.102753099671,3134.264534482811,1584.9453311175544,775.7987774010857,1.437768462775153,0.0,197463.7,25.47,355756368.0,141381086.0,497137453.0
801.0361706838416,1452.199526171196,1280.104618407273,737.8045378143421,1.4278422615945687,0.0,0.0,16.74,394356981.0,58808303.0,453165284.0
1826.1374935746028,2618.4628365221233,1913.7855556430454,178.62861894624226,1.4702039083080516,29168.5,95666.5,31.56,331629580.0,229601353.0,561230933.0
133.83924004010098,2016.9074287266633,180.39391401624448,568.0009751981364,1.1340658274734317,0.0,38668.5,18.78,303312432.0,45290314.0,348602746.0
170.1556646824766,2352.6640022378037,1462.3959992456837,174.1854136199813,1.3166620315852613,8801.9,45684.6,18.98,352076458.0,99019546.0,451096004.0
373.3141399730231,498.7491110144537,294.7265330494915,599.0784689543349,1.367274484875962,0.0,0.0,6.84,422050574.0,8518389.0,430568962.0
1244.5233675729014,2937.9457744562296,1182.9546821407384,797.3212473484867,1.4859135006799804,0.0,142936.9,28.42,353321335.0,170699010.0,524020345.0
815.1511996137483,544.2901022446277,270.7936234099153,597.477596656598,1.2282618395132052,0.0,0.0,12.2,355353652.0,18909193.0,374262845.0
384.13076426013413,3202.0410144836546,1913.4967369083768,253.2156431033017,1.0241297585406401,0.0,534718.8,29.35,238240046.0,154243339.0,392483385.0
446.027062061236,1406.3401527796348,1706.4543505978927,595.9606099411179,0.940532059039602,0.0,7953.7,20.41,246463138.0,59072686.0,305535824.0
986.1613925837602,327.90400939197605,812.4282280168802,403.520142303317,1.2890115994257874,0.0,0.0,11.49,376314651.0,50337559.0,426652210.0
1145.6115211180656,3175.359859890882,32.550365330944686,773.9988220946491,0.9135950045735051,0.0,735246.2,39.69,181411782.0,140117364.0,321529146.0
634.4442923732231,3193.1771915918152,1380.8283433542433,171.9966783661433,1.194470726467166,184.3,390633.2,29.01,279296921.0,138407555.0,417704476.0
1505.1702173391004,3402.5562564624915,1268.6423984364076,24.675411432927284,1.19982111581777,1872.8,558034.1,37.41,247196799.0,220292889.0,467489688.0
318.9250176711758,173.43976822396442,1197.0212693631686,776.9219025104245,0.9216363332978426,0.0,0.0,5.93,285429760.0,34597130.0,320026890.0
1633.783629963108,2564.1880037157766,1503.9737763367227,244.72837271570046,1.1361572732960574,0.0,256890.3,36.66,236942488.0,197318666.0,434261154.0
249.68047472705155,867.1741493511133,605.5793429548602,319.4366395367861,1.0050239328580872,0.0,0.0,11.54,292675884.0,17502870.0,310178753.0
393.4640989783339,3272.3375512455414,1567.7872296312116,344.47770349143735,1.4685861236885764,11352.8,210470.4,23.7,372754319.0,147742804.0,520497124.0
498.15385617199536,1476.758246023684,1627.0506228691413,442.88637020362665,1.0407751937448877,0.0,4462.4,19.75,274996497.0,60275141.0,335271638.0
768.3964499908033,1817.617492720094,1241.2887673206747,405.6064995815233,1.1587825986719846,0.0,20015.7,23.25,292863063.0,72824904.0,365687967.0
550.3224326909715,1943.3106932552043,438.91246753909275,867.5262181080758,1.3484202421597808,0.0,6982.5,19.14,360515691.0,49106886.0,409622577.0
855.4316908435738,2712.437084729237,13.991883618746037,344.48922264239656,1.1641806888880732,0.0,239415.8,29.42,270551844.0,89823455.0,360375299.0
979.5298882327788,2717.89526408853,1925.6148551234276,379.99713044280304,1.110359909716725,0.0,288814.4,31.66,249843541.0,156792177.0,406635719.0
1272.924247420126,1020.9506195154314,282.70066763037846,961.5408704921987,1.3857179740854133,0.0,0.0,18.12,375193723.0,61477498.0,436671221.0
1998.4715680553065,790.7333496226174,35.61842993934117,437.26157573810644,1.4601653777949486,831.8,0.0,21.42,380046149.0,121259332.0,501305481.0
288.4083315476173,425.3834478895921,137.9055684916841,765.0179989319747,1.3715559203001233,0.0,0.0,5.56,429529391.0,3985841.0,433515232.0
1449.8590760583224,193.44939779408,1446.5766716304076,448.6288084616872,0.994736653161963,0.0,0.0,18.98,265315719.0,111436790.0,376752509.0
615.3377318603954,1819.1630289566483,659.3029445393621,969.7492267415923,1.1848450450243195,0.0,14622.7,21.3,307117032.0,49310756.0,356427788.0
775.9338138757195,2443.5905071539732,1301.0901137118296,2.439280405267419,1.2710842189804459,19156.2,95378.6,25.48,311086576.0,106338583.0,417425159.0
508.25831239343523,1362.0981189641554,1412.6977814696886,557.3862210106957,1.1211930864930582,0.0,0.0,17.46,304649272.0,48384975.0,353034247.0
349.05058358040367,1834.900339709344,638.7320470144065,912.9278084080751,1.2206079841734305,0.0,8841.1,18.31,328535963.0,49497822.0,378033785.0
1805.53492784531,1416.357133395146,1654.874327575921,56.53690217207863,1.078871415340809,0.0,15447.6,32.53,239659343.0,160513132.0,400172475.0
162.99682039819822,114.8901559949923,1837.7244906462379,716.8687443996798,1.2750660386810824,0.0,0.0,2.4,410946087.0,53115174.0,464061262.0
1110.2475076236717,2067.4811514671364,1277.380762772907,826.5797947401032,1.258133133477317,0.0,38764.5,26.4,305133806.0,117809692.0,422943498.0
1560.7908910861897,1019.9503281419377,1953.5234756329442,31.897208437028922,1.1319459571663892,0.0,0.0,25.14,278971873.0,136321065.0,415292938.0
1839.0733148852225,655.2983545508703,282.6761858673159,365.4307668999135,1.1569168203100966,0.0,0.0,24.25,288515773.0,113697358.0,402213131.0
1946.1266164797023,3035.1139109930205,928.1792753810283,972.975100881603,1.2853670424954386,0.0,353051.9,38.01,262561460.0,232875956.0,495437417.0
1821.5784561822434,893.1868391671763,977.9281485999655,29.71721335643329,0.9053281159598693,0.0,5144.5,33.33,198731295.0,132178313.0,330909608.0
1470.8699656587835,429.4058495501306,1095.6164742216351,696.0074822100199,0.9193407517377836,0.0,0.0,23.38,231906263.0,103231104.0,335137367.0
935.625817218747,2483.471531258598,1779.4619757097,299.23010060165643,1.4845299178105982,17797.1,43019.3,23.77,375374759.0,136875276.0,512250035.0
1760.869026790469,2361.8053116571314,783.8510144922624,711.1103761994985,1.389715961442212,0.0,71068.5,31.21,315811272.0,178175627.0,493986899.0
632.380239138472,3603.973135612516,1817.238739509278,485.50144034292265,1.3336979494652372,0.0,446474.6,28.54,314739882.0,171423875.0,486163757.0
1092.5585452801602,2762.177904475205,1653.9644077559628,23.222555157042525,0.9474792178203896,0.0,467767.2,36.67,197562234.0,161565682.0,359127917.0
701.5345621029759,3330.937486455429,796.5471662867793,887.5122152019243,1.1774603475790517,0.0,472618.4,30.42,269818722.0,128965098.0,398783819.0
602.2583388496305,3269.3420145168575,1121.341537837355,360.4842950300413,0.9266442021766901,0.0,704235.2,33.69,202298795.0,134690546.0,336989341.0
231.29558115454682,505.6964893387557,729.6725808212126,607.332955744344,1.0845540686531578,0.0,0.0,7.16,331473240.0,21089498.0,352562737.0
136.6251163996084,961.2557164619217,817.3633017992204,992.2699286723291,1.1357921428505633,0.0,0.0,9.88,337018331.0,23623995.0,360642327.0
185.97244808842066,2109.4467765403783,1839.2801452525794,786.6956988617501,1.401730985512342,0.0,7281.6,16.56,388556367.0,97832708.0,486389076.0
1935.3632948733589,2310.652917289503,1989.8454613069973,33.28156987965081,1.4009038056861374,43190.1,63256.1,32.12,311560536.0,226586570.0,538147106.0
1786.8672459539157,3327.6224184659327,956.3389152716982,787.7559236206,1.0170482394727078,0.0,767878.9,44.13,187096861.0,233527987.0,420624848.0
1257.5265194965768,1301.881903079365,1192.347301323951,675.5605071583003,1.1082412000477073,0.0,1810.1,25.01,273637485.0,90911943.0,364549429.0
450.8568540464881,1167.727109159385,1327.914490214885,676.8742336728105,1.3447901616144593,0.0,0.0,12.61,388676431.0,38380296.0,427056727.0
263.828828874092,2971.2181266236953,1376.295603081911,30.50507669063918,1.1013587096610304,0.0,347795.1,25.98,268419990.0,127252568.0,395672557.0
973.0929685650048,1309.0414901041377,234.83377641682623,207.34628450500702,0.9147368369460795,0.0,11670.1,26.61,221016954.0,37357186.0,258374140.0
194.0658814200935,966.6694273400975,1639.9405312714612,526.6375099372003,1.1546987344146635,0.0,0.0,10.35,340867525.0,47398687.0,388266211.0
1380.6097381535747,1965.683333979769,263.0278535112525,222.62336382418957,1.0335134165943647,0.0,104478.3,33.43,226502921.0,108373929.0,334876849.0
1250.9009887967334,1675.6964492673276,775.1701251217073,556.639172881788,1.4820694714695342,260.4,39.7,21.19,388030914.0,96809418.0,484840332.0
655.0933558765031,1888.3094240896678,960.7400312882313,716.6430317458447,1.3381741607897497,0.0,5480.8,19.8,354561910.0,61457372.0,416019282.0
1520.1124541461895,731.5160751776436,898.1862727223755,811.1746910291375,1.1289181023243864,0.0,0.0,22.23,289034628.0,102066879.0,391101507.0
2052.1719195495016,1324.1758727056829,995.3336546839364,474.52559480254683,1.1601982814815455,0.0,8267.0,32.02,259688905.0,159621645.0,419310550.0
1763.141402946411,563.6491122992891,1135.329412827966,618.6015773554236,1.4107327848416225,0.0,0.0,18.61,379738689.0,131337504.0,511076194.0
1270.1823334459361,3484.873862469644,1744.335424521858,348.73994835273146,1.4159438671745006,2006.2,376240.3,31.9,318895057.0,216455283.0,535350340.0
1998.4262423848552,933.6257667562484,1220.417613328817,281.8039123421355,1.2897403674493306,23.6,0.0,25.36,317271457.0,155499031.0,472770488.0
195.24524748054066,2665.102519384679,839.6396571906856,587.3071786764368,0.9155174415140989,0.0,372697.4,26.7,220952250.0,96538011.0,317490261.0
1449.9954341135344,1800.4486155109337,1250.502015375684,315.6679723761741,0.9874921040528487,0.0,85315.7,34.37,213381461.0,135107929.0,348489390.0
907.8693440619561,3426.6442102694987,455.58805330761066,675.8390120352517,0.9299061264207249,0.0,826264.1,37.52,191294745.0,142895850.0,334190595.0
1497.2380522815458,865.5269880894198,903.0341204586649,367.7531005947741,0.9677042059904133,0.0,232.5,27.04,232461930.0,100097101.0,332559031.0
720.5383709870523,1270.9535986042636,1044.2112780595032,972.3515329399874,1.1820105135063783,0.0,0.0,17.89,319586062.0,35563490.0,355149552.0
1906.5785344940416,1675.454300582076,215.08660174987892,230.15289527594018,1.1445106056345602,0.0,32591.4,33.79,249503416.0,141087986.0,390591402.0
678.3938916428352,3142.960313742945,1357.2912043931026,578.3084519186734,1.1947377307420144,0.0,372518.9,29.19,278632001.0,135233161.0,413865162.0
828.3092391327044,2222.258556590201,249.214330888762,162.53318821690564,1.08186981203802,0.0,126146.0,28.1,256084897.0,69774730.0,325859626.0
356.91992532134014,2457.8683500600846,49.5366428124906,160.17749166675011,1.441564865699282,62686.4,38024.0,19.65,381747522.0,63409270.0,445156792.0
2079.877464043051,1769.9534345159777,990.7401460435166,773.3987622374382,0.9217137465723451,0.0,155478.3,43.56,171293896.0,184184699.0,355478595.0
890.3397897635393,362.37521098830416,801.8527653129719,983.8218411288748,1.3521799684820166,0.0,0.0,10.38,400573031.0,41193488.0,441766519.0
2053.8206508036797,2708.156511184284,1216.2201436131768,754.2208329272434,1.2954550037825907,0.0,227026.1,37.34,267507301.0,234895713.0,502403013.0
967.577672345479,1061.9431924389123,1040.3561186687098,258.4934739014305,1.192005807865287,0.0,0.0,18.41,320269645.0,55211159.0,375480804.0
304.6923213454643,2052.384209261248,490.56738162420953,293.60810394156965,1.1994168850694331,0.0,32359.5,19.78,316961187.0,56017176.0,372978363.0
338.8672375499959,3493.4389775983864,893.8886307857523,352.2792296267511,0.9175179630555486,0.0,810483.0,31.71,206287499.0,139246707.0,345534207.0
1758.1853470890055,2271.7771125621753,832.8103096825945,245.5327993384757,1.347082451205231,1509.3,67676.8,31.53,304215603.0,174871739.0,479087342.0
1971.314490421376,1382.3392315168335,269.75213675846254,109.19474727273737,0.9038171834003316,0.0,52513.6,40.1,178226495.0,134081030.0,312307525.0
1551.1470940090403,3562.465250823064,1985.6355055071365,784.1972543429255,0.9973102669776261,0.0,897168.8,43.02,187118369.0,253198895.0,440317265.0
2038.5242155788583,1189.9627980970818,667.2392189850873,687.336952892439,0.9294295122446709,0.0,22784.5,38.16,189232940.0,143209254.0,332442194.0
1721.7298868572611,3620.189113650511,1550.1395561798347,781.6764912073331,1.1341882023399306,0.0,770301.3,41.46,218632207.0,259213096.0,477845304.0
137.44609609764467,2877.382786270957,1194.3161738096012,909.3386891220844,0.9695777401000996,0.0,413892.3,26.19,235630129.0,117332380.0,352962509.0
636.1815865512158,1309.1818380158927,1366.5594170893828,787.745163103155,1.476612245150652,0.0,0.0,13.91,423437637.0,44423275.0,467860912.0
615.9239251058619,1791.9001630882176,57.921860162596815,252.9878781088879,1.1244021048717843,0.0,21130.7,22.13,288259951.0,30575170.0,318835121.0
1238.0859406055597,1709.1691417650018,728.9501195539947,624.0779665293416,1.3971694062702003,0.0,1690.7,22.59,357723685.0,95953977.0,453677662.0
503.9051622732855,1244.6394417152967,1409.84729937404,777.9405987585303,1.3952381230407884,0.0,0.0,13.15,401734946.0,42468802.0,444203748.0
436.45559140030474,1957.5390693172287,1800.0221970505688,391.95045509149173,1.1579298541329335,0.0,29722.9,21.02,301156652.0,89153291.0,390309943.0
2053.35583803293,410.3811050979947,1411.203978923272,850.1841270408919,0.9904761099804105,0.0,0.0,28.38,233538732.0,166079876.0,399618607.0
1489.63499707509,1705.1497458979054,1705.7817693492866,907.4523168359061,1.423490941892744,0.0,1532.8,24.21,357006189.0,147189837.0,504196025.0
134.2430118522416,2747.3846548383563,1843.0551499716587,621.3484406709309,1.260525636287094,0.0,155076.6,21.58,326031740.0,129626098.0,455657839.0
93.83623272506142,3107.3998706075567,92.80712165832306,313.50960638467393,1.4555178391723294,17831.0,159771.7,20.8,383757848.0,96920003.0,480677851.0
1980.218622591033,3600.598961927599,952.8045712257724,177.42954638101082,1.1927666920974502,0.0,720163.1,42.3,226631460.0,264818066.0,491449526.0
213.32244879815764,3167.3060755609904,1121.0744665330096,404.5058991667553,0.9477184214884826,0.0,583874.3,28.61,222753324.0,129615037.0,352368361.0
844.9268111626745,3144.275538456095,1406.8118649544253,82.45551751096659,0.9959443198357055,0.0,581389.5,34.44,214990248.0,150558742.0,365548990.0
817.9632031251472,367.99155014988474,1868.082383986542,652.2920446308759,0.9568938007823671,0.0,0.0,13.84,271419234.0,65334503.0,336753737.0
1643.0998090632606,1337.3135207161527,489.7412891064417,569.9849419396911,0.9080232798723248,0.0,30620.7,35.49,192854404.0,107929098.0,300783502.0
970.3541213173717,3063.0121249354656,1856.1151919711367,342.55470441643973,1.2854619528990265,15.3,289817.1,29.95,296825974.0,171077917.0,467903891.0
472.926868999018,2033.573447674494,508.0554523063781,571.3565086274529,1.0030332703759386,0.0,96951.3,24.64,248862881.0,55588359.0,304451241.0
1962.4698808461499,3219.510439358469,673.8364988976797,776.6628889249426,0.9573024784393167,0.0,813161.9,47.32,166040137.0,236190611.0,402230748.0
1543.6524946508089,1025.326640494116,271.2835373517246,678.1912179036137,1.1818840906916335,0.0,6.5,23.95,295948030.0,86118997.0,382067027.0
1105.3410696079757,1889.5231164206527,118.89596421203908,51.38024909267702,1.2607005023688582,8024.7,19221.1,25.07,310815878.0,75035217.0,385851094.0
1300.7577793110436,171.243640149866,756.8786637756355,612.8512795604274,1.2940083934518458,0.0,0.0,13.08,370967062.0,77749830.0,448716892.0
1726.9549580916098,1527.2581894566774,1096.5155622939376,578.5603756088173,1.0872271699801914,0.0,21893.1,32.39,242025163.0,142635081.0,384660244.0
112.22596409076019,15.340112124529867,1672.2508322370497,200.23182252238635,1.2781527984954812,5500.2,0.0,1.15,417047271.0,48332541.0,465379812.0
1203.1439929725723,1450.6680685680838,1666.9866174012675,698.401595693379,0.9136448780635038,0.0,31427.6,30.87,207952903.0,107003869.0,314956772.0
1619.4071429486876,1840.405709346397,694.0385781656937,726.8846565116779,1.3116393777877615,0.0,17149.6,28.32,309997613.0,136635409.0,446633022.0
647.5764759567588,3568.4311035373094,1297.4169734235065,605.7797124538936,0.9419282180890632,0.0,857960.9,34.91,201878523.0,154634373.0,356512896.0
582.3796570187776,1622.5156284449824,1261.2514086193528,512.7636307303778,1.3578197600828348,0.0,0.0,16.98,372851782.0,56941852.0,429793634.0
547.4536804955754,2548.829892875418,1633.1940937823251,765.0499755829533,1.36250795075282,0.0,77069.3,22.74,348195009.0,113698986.0,461893995.0
1852.5372143916147,305.5681092041769,1394.3831427482062,968.678201116461,1.2441903899247229,0.0,0.0,19.86,328456839.0,147070561.0,475527401.0
453.1045104874586,3625.4763149603928,349.35458564295783,335.5576973748593,1.0032373130503007,0.0,787502.8,31.93,224829325.0,130066072.0,354895397.0
968.5093313438923,1520.5199148877784,982.4817930211456,927.9834000554296,1.186994631500535,0.0,2148.5,22.34,303565622.0,69046876.0,372612498.0
1072.995890155448,3218.6560444840393,1635.5159880296646,239.72203122544423,0.9077555731373101,0.0,757598.8,39.18,181780778.0,181899822.0,363680600.0
1312.5066497412765,3066.804860530198,1105.7002252208001,211.17692001284516,1.3448130544051842,3568.0,271898.5,31.79,302518124.0,181136812.0,483654936.0
1395.9894042444978,2051.068110793047,1726.6723480419676,784.2423529390328,1.3007712548536683,0.0,34112.4,28.02,308675575.0,156336561.0,465012135.0
1386.0218249134102,2403.7955625027375,1050.3294898331278,463.921644643847,1.3257602756992317,0.0,87796.2,29.57,307987252.0,153387859.0,461375112.0
1272.880993865432,1778.6294411509714,253.3227078220832,701.9287886531655,1.2875991423467792,0.0,10790.4,25.29,317149820.0,88866366.0,406016186.0
713.587968154755,1293.4530933607286,493.44476827050454,961.9152563650189,1.4161208177212337,0.0,0.0,15.04,399042997.0,20121241.0,419164238.0
1169.787226324472,1458.0009220074066,1473.6505273928467,527.7281761259972,1.4855106203490682,483.1,0.0,19.03,399768437.0,98703368.0,498471804.0
114.93065002769227,124.4572146141147,1137.2220359467467,203.27922268890674,1.2625824981301155,3229.4,0.0,2.05,408049520.0,32868772.0,440918292.0
1629.267014520865,501.3384331010884,881.2164483790559,688.6670834493552,1.4003181424037827,0.0,0.0,17.19,383480882.0,111644625.0,495125507.0
1034.8774277258049,748.3375204688584,1171.598511171266,454.51706872499955,1.3631552562026914,19.3,0.0,14.37,385813357.0,65212024.0,451025382.0
1158.3760938631467,1014.3049272426638,1508.7858394423763,517.7470129619597,1.0065279313669966,0.0,0.0,23.54,253369350.0,86348938.0,339718288.0
1174.0057937510585,3442.4018172405185,1411.0325218754722,298.8033614579789,1.326523905175715,392.4,426290.6,32.43,295665728.0,195841336.0,491507064.0
589.2341584395431,1969.9604802747806,1053.1915275751055,247.39087891180367,1.1087287199278908,0.0,47644.6,23.48,279321579.0,68184809.0,347506387.0
1964.448333228905,909.672687188024,1602.0540872619717,667.37058001214,1.2195774795154586,0.0,0.0,26.3,296004748.0,163395289.0,459400037.0
286.7185028348658,742.5918323241515,357.9552471808079,586.7942589737523,1.4840299180310867,494.1,0.0,7.27,460120692.0,10345868.0,470466560.0
1829.043862885864,91.66433503436542,547.4532489246931,157.25745893702214,1.485406705138741,61218.0,0.0,15.01,415442339.0,120425028.0,535867367.0
491.2473391364444,730.7668616908219,1241.7505871645185,556.1865835747865,1.0355108902687409,0.0,0.0,12.61,297913988.0,35889928.0,333803916.0
1397.71074256015,352.1361769997216,38.738132061784334,82.41479070634684,1.1189209355854637,0.0,0.0,17.75,302980164.0,65936406.0,368916571.0
2032.9090436189942,1986.506605677991,1509.4522060309343,321.4957522315593,1.3316034392899976,82.9,36256.6,32.45,296592537.0,205600074.0,502192611.0
2014.4877980851154,1298.6720317238533,1998.11886947005,638.4099510316661,1.3491548474788342,0.0,0.0,27.09,324503649.0,183862224.0,508365873.0
525.7686929983927,2334.419492113387,1022.0125029247748,956.4026454774361,1.4428050286737093,0.0,25221.0,20.25,382533479.0,85385135.0,467918614.0
827.062368758786,3437.137198083787,1769.6251055000193,590.3838503691392,0.9492707452737242,0.0,795337.8,36.26,199221462.0,173942714.0,373164176.0
335.24765177513615,279.0535081658948,215.98622929812205,976.9523743930777,1.0273003795296913,0.0,0.0,6.53,316106374.0,6242582.0,322348956.0
1440.4318041802824,2310.597575388454,1262.2897297060076,206.7039995960298,1.2476079566307656,172.2,98790.7,31.08,283260228.0,159903920.0,443164148.0
1304.247458884624,2070.5712994217533,372.3249345513573,723.0605970747089,0.9439458971499066,0.0,187596.9,35.7,199822930.0,109698830.0,309521760.0
1232.6520246439115,1583.6213766167673,500.57318626614733,807.3889890261388,1.0055355400033104,0.0,30976.9,29.73,232646180.0,82616510.0,315262690.0
1945.2669693872278,3210.9710528059086,721.1750943241659,305.1529308585933,0.9824920100513413,0.0,770314.9,46.35,173563568.0,235547935.0,409111503.0
1910.543496222298,2277.9406475284773,63.56716428680631,510.9994145616105,0.9514793686976322,0.0,320496.8,43.35,177445218.0,166997908.0,344443126.0
1196.270178126675,1847.5310375045494,165.692091005444,815.8605931167729,1.0573903062997667,0.0,59557.7,30.04,243554009.0,82689278.0,326243288.0
1128.9948992875675,2319.7111221688397,1924.609067150333,493.81169287984596,1.450389463372754,370.5,32725.7,24.84,361529802.0,150772990.0,512302791.0
739.8775567099522,3112.4970419894817,471.6524539028335,707.4797624354178,0.953167196252998,0.0,603046.0,34.09,206845904.0,112262236.0,319108139.0
2055.9149936854296,3462.789131500396,884.4272770347554,523.9352179902536,1.2586649173908133,0.0,584262.2,41.0,244615585.0,262979313.0,507594899.0
573.453311952962,2448.3313097947403,1397.123893209032,525.0764923252757,0.9886444154911307,0.0,247741.1,28.53,232631861.0,101884488.0,334516349.0
1916.5026930139861,417.61364891458345,1258.3443374210228,103.08859660975511,0.9876604254797536,0.0,0.0,26.92,237638441.0,149038735.0,386677175.0
42.822384750108455,1319.0116244000371,1279.1651288440758,521.544219732872,1.3047234907490914,0.0,0.0,10.51,386068640.0,42385558.0,428454198.0
1407.4143249159367,508.8306906990863,114.67480684343113,625.3581404346698,1.2919345829851456,0.0,0.0,16.68,354964016.0,69026221.0,423990237.0
1160.7272877704538,892.1177527563767,1621.530433964508,75.68601549625708,1.2793870735928157,10060.3,0.0,17.59,346981100.0,89824430.0,436805529.0
251.05805230849091,2375.6452106526235,835.4515756469929,718.1030554376714,0.9313153214861608,0.0,241567.2,25.54,228303115.0,82040569.0,310343684.0
1157.3480309815673,525.906772934689,1364.7632632209475,119.95563131168241,0.9441499937711555,0.0,0.0,19.91,248957357.0,82091472.0,331048829.0
1486.8610342128322,230.62092248286484,449.06163586303217,824.7351971256721,1.3858129846849359,0.0,0.0,14.21,393095453.0,86018920.0,479114373.0
1780.8522049729181,1183.7425992070307,1056.0960575004185,773.347352606152,0.9821913090066483,0.0,10523.8,33.13,216240851.0,130681060.0,346921910.0
1510.3549831647724,353.8754483025962,1826.5012172537354,637.3101825116258,1.1959831876138536,0.0,0.0,17.72,324017626.0,127997663.0,452015289.0
1010.6604959810373,658.3442336770247,691.8347449093075,727.1236653171491,1.224566172512633,0.0,0.0,15.03,342777938.0,49111837.0,391889775.0
1103.603435549048,708.7425972004531,1380.7246239073681,392.03390106135026,1.0096520030631204,0.0,0.0,19.81,266562268.0,77595494.0,344157761.0
1967.7912070783464,1839.6794511221465,1056.073295024731,981.3719102148061,1.1198436823022961,0.0,66193.9,36.27,234966907.0,179197431.0,414164338.0
1966.1981273127074,2522.5790609217925,1266.1912654895998,234.41830194248058,0.9310534034326741,0.0,464811.8,45.75,166308933.0,219040846.0,385349779.0
912.7793028245144,36.920592044482085,142.00502154076688,595.326755694373,1.3346830998438164,0.0,0.0,8.27,404500467.0,24191896.0,428692363.0
350.17227206211743,2658.976498005799,1899.4516531895035,743.1760807261967,1.3708291317450199,0.0,91192.8,21.6,355919091.0,126865165.0,482784256.0
1460.9857298595552,815.7969088507468,721.779884311672,949.2669627698173,1.2967263473820712,0.0,0.0,19.47,344325966.0,91514518.0,435840485.0
1645.1165702525407,3516.361466406179,462.87384102533144,321.6866673265535,1.2868809917006998,0.0,538766.0,37.22,266246236.0,215564744.0,481810979.0
50.78533283965527,2073.5252507213518,1617.3767590289976,610.4433738241252,1.0772359703376666,0.0,62198.4,19.13,286851917.0,89635000.0,376486917.0
1509.7570137556886,530.0947975882024,1789.5469385570334,100.9150310404554,1.418094680257461,49709.0,0.0,16.19,390395081.0,126874430.0,517269511.0
1037.9326568300448,1555.9886226607207,1001.3235211508627,200.2063030929212,1.1746113477352882,0.0,4545.0,23.55,295717199.0,77756549.0,373473748.0
1771.665816148703,2907.46752925424,326.0970689826586,673.4209781290617,1.4141023589792552,0.0,200612.5,33.51,310850713.0,193042437.0,503893150.0
1709.2154222702172,1545.0457691687686,96.18568069223166,931.1694229737492,1.1375310695088372,0.0,17068.3,30.98,258476967.0,112970048.0,371447016.0
752.6362886794767,2757.039248458091,527.9444309840451,834.747923167292,0.9456309364915894,0.0,434600.8,32.92,208855993.0,97411645.0,306267638.0
1544.3828534932998,3505.81585030276,1991.537593748347,923.8043600641663,1.4224574432437858,0.0,399995.5,33.96,310722036.0,249931970.0,560654007.0
581.4652679943674,3508.9335563460436,1855.7931876287057,534.3725070251866,1.1412465926362079,0.0,580358.6,30.57,260929541.0,167817898.0,428747439.0
227.82222366882246,2144.001702505203,1401.0918970443954,403.996583181529,1.143617736378319,0.0,59265.6,20.47,299495445.0,86884121.0,386379565.0
1195.3542496393234,100.85626814299732,1915.731792773498,289.90570709670936,0.9845345170613281,0.0,0.0,15.22,274803439.0,101521568.0,376325007.0
11.443305940620986,3110.5162952301393,1726.4147515993382,95.30660451771011,0.9913447817332807,0.0,491001.9,25.54,243053495.0,144290435.0,387343930.0
933.8761521724462,674.1061482307256,1471.6422736735137,58.039745705722346,1.2298255994315197,5951.4,0.0,14.37,346604346.0,64567920.0,411172266.0
798.12041326249,1687.7557358028732,849.5142353912036,153.15918253465367,1.0321688911851374,0.0,28680.4,25.08,254617566.0,57793445.0,312411011.0
135.12405222823944,418.4866383356286,1955.7896448378299,279.78681167725193,1.0842153236037386,0.0,0.0,5.32,337928084.0,56527575.0,394455658.0
265.0166989509724,2741.2460623232078,1848.285620374564,789.750537066651,1.267569497660503,0.0,155139.6,22.61,323493419.0,129472389.0,452965808.0
1695.5906290480514,1467.355745546276,1718.994710161375,798.518849638182,0.9010347865537914,0.0,55312.4,37.56,185257382.0,154758254.0,340015636.0
1017.0507713030229,960.558171167591,172.46583273539096,846.1960427477749,0.9047698105806734,0.0,593.6,23.76,227088755.0,34690108.0,261778862.0
1522.3909017854262,3587.1373992197855,964.0395334124714,371.24052994143466,1.263499772684828,0.0,583489.8,36.9,262657245.0,222244993.0,484902238.0
1677.7949706453965,872.1147374042622,501.40285830707245,607.1780140868468,1.4639278925125832,0.0,0.0,19.36,391384141.0,105143123.0,496527264.0
622.2473494570219,1367.6194275213174,1986.666602920579,176.2221652065158,0.9461809010251825,0.0,6903.9,22.07,242781448.0,65248442.0,308029889.0
1229.6396730660638,88.08916797052777,360.8664625496454,622.2091806904681,1.2957074404148,0.0,0.0,11.77,377071337.0,59744208.0,436815546.0
1064.2366455152871,1393.0054078126614,1152.3951688436966,643.3857530332388,1.3820892277749903,0.0,0.0,19.09,369790573.0,76454316.0,446244889.0
1652.885476817532,2413.2267788192607,1788.4651664569312,838.0252535954188,0.9799476049307642,0.0,327685.4,40.31,192592715.0,199805402.0,392398117.0
1994.6766351594629,3237.024557414051,641.8543590159196,20.184418607039454,1.2623855680549725,6006.7,466929.4,39.65,250596156.0,239106803.0,489702959.0
914.1006477664191,2720.926985187659,1049.1995290172451,76.49043525094679,1.0468124521528654,0.0,337868.9,32.31,233284642.0,125576921.0,358861562.0
1840.062031523814,136.81359544563185,1473.339338796574,291.9435079514323,1.1715838818254982,0.0,0.0,19.53,310399360.0,148201919.0,458601279.0
1107.146325535704,907.7953270251398,1303.9208859953255,693.4422180978762,0.9510356878024651,0.0,0.0,23.17,240574218.0,75702449.0,316276667.0
779.637953150212,2702.089603378838,1443.2751196822637,544.6033439052392,1.3666048679208085,0.0,118298.8,25.42,336972141.0,123628577.0,460600717.0
224.4396019880732,429.10690227564413,1314.9786005926896,693.3338678951288,1.3887161131926422,0.0,0.0,4.98,438231103.0,38006414.0,476237517.0
377.461890157241,1875.8811237349116,1321.6625942711648,223.69957382901507,1.2101567193563945,132.2,12400.6,19.04,322748343.0,71271731.0,394020074.0
1331.1578758543926,778.4517266639796,751.1268205002827,216.338810135708,1.441765742657159,25049.4,0.0,16.2,398995722.0,80387637.0,479383359.0
493.7256688240328,438.629692328443,70.31062305428736,44.95347241135017,1.0149517409800901,0.0,0.0,10.01,300681458.0,2032166.0,302713624.0
1268.1147460749955,64.06904447537524,573.4878495142943,58.16689132329933,1.1421952621795006,240.3,0.0,13.54,325122199.0,69438409.0,394560608.0
101.28249837525311,2205.3766491336055,1376.8485310380306,731.3375496437635,1.0346060391877532,0.0,113597.9,21.16,268577212.0,89231715.0,357808926.0
1810.8228376902348,2505.746047411263,113.30043859964078,440.7667087014271,1.3606538960234889,0.0,115778.4,32.96,301062165.0,170551627.0,471613792.0
648.213837211679,1385.0583492833712,1259.2076545930856,55.480880115897804,1.4801610243047505,180182.1,0.0,14.49,410878309.0,45089058.0,455967367.0
363.7929071212826,96.81935871592498,10.645964080840509,399.55437499939575,1.4305520192852266,5559.7,0.0,3.65,458672132.0,307697.0,458979829.0
1709.203935169382,3310.726247646393,1067.564638657798,448.7462338751643,1.1315165856640768,0.0,608682.2,40.42,221963147.0,228740008.0,450703155.0
96.78168802487271,3301.5621603877075,992.352184569455,455.06743105151014,1.2091004922084703,0.0,385314.0,24.41,301139967.0,132562676.0,433702643.0
1655.812170268108,814.8300421167071,1419.8013579898466,710.7697408540329,1.4097316693549096,0.0,0.0,19.52,375246713.0,129659653.0,504906366.0
18.105302797168974,618.5358219435294,942.093704089511,850.5403874614784,1.4790701169767906,0.0,0.0,4.33,474197388.0,27229039.0,501426426.0
1240.3010616065517,770.0463307855631,369.1693916492913,639.4439539862674,1.0260414882356428,0.0,0.0,21.65,264676542.0,60967572.0,325644114.0
1153.1872788750477,3030.3673027923646,779.6392969241801,378.4721897419292,0.9216842021346443,0.0,644550.3,39.05,184949876.0,155207711.0,340157587.0
529.766346015197,2534.434998417966,720.7824902643929,158.29891728992195,0.9634606402561963,0.0,299750.0,28.99,225250862.0,86612893.0,311863755.0
198.18629344422808,2392.6543622179597,1225.2429575870974,518.5210056020849,1.2001958688954837,0.0,92052.1,20.96,312507404.0,94151376.0,406658780.0
319.2903378542122,1817.1933358791168,119.87555320075982,925.8584586026878,0.9348165324015641,0.0,67119.2,22.59,238249899.0,33622027.0,271871926.0
883.0604563538201,2.0729347435152023,1572.3008775664891,166.17018853563005,1.4549496106930069,69741.3,0.0,7.11,445253933.0,62790076.0,508044009.0
91.69360428927702,2979.4580244688696,1313.2756256311764,249.73571888589052,1.021451765538357,0.0,408266.4,25.4,250880670.0,125840370.0,376721040.0
745.7584910910916,3007.1024659265386,1723.913096670911,175.28537952432578,1.1120688238105985,0.0,390613.3,30.65,253935979.0,143763776.0,397699755.0
495.16953543619934,445.1935369255694,1292.898775057856,345.8710232355353,1.0352304268658006,0.0,0.0,9.9,307085633.0,37368248.0,344453881.0
1805.6053577516204,2716.394089179946,1547.522297392685,39.19589118328015,1.4490782695386397,68117.7,126687.8,32.27,320773021.0,221985438.0,542758459.0
1198.3295180762805,1828.8041810048032,21.170692055562323,897.6622104341046,1.2263342822916004,0.0,20022.6,26.16,298285845.0,77772070.0,376057915.0
1720.4449689800163,2379.504787480006,1593.3872270217607,692.9317485578024,1.4525783414014959,0.0,54703.3,29.79,337740083.0,198723831.0,536463914.0
470.13452851796114,733.6233801804531,1425.083123890244,501.39480058346896,1.259496702200922,0.0,0.0,10.2,372969693.0,41188730.0,414158423.0
1477.3110482637082,1987.1643551100092,1575.3868953323924,318.86735593585246,1.4153942661598151,3042.6,13636.2,26.14,345637777.0,156291076.0,501928853.0
224.50519584987754,2301.434436369108,1780.2650150535953,252.69412790170463,1.0961008049543477,0.0,114587.9,22.15,280963042.0,105662410.0,386625452.0
636.8461081573606,2048.2772737433725,825.743631130297,107.95928499490238,1.434772333053876,75719.1,6601.1,19.43,379355295.0,65500692.0,444855987.0
426.75077179583553,1938.7104398883625,1189.609791874523,40.7518436475417,0.9574273965926023,0.0,90622.8,24.34,238512742.0,70575576.0,309088319.0
2025.9730462456153,2412.1797947422583,67.13035409285384,794.1992206529987,1.2051256855664914,0.0,183022.4,37.85,246641904.0,184415126.0,431057029.0
156.79110778362164,2471.1301159134823,998.703611736937,204.91980111092323,1.4266213632532918,40306.5,37983.0,18.31,385543865.0,91501414.0,477045279.0
607.5270045560299,1032.9405866955074,545.5471635845574,767.4557770890513,1.3236712022283192,0.0,0.0,13.18,379616541.0,15767779.0,395384319.0
1883.0587542056953,832.5013670909353,1572.7291910856168,573.0455765280959,1.0852077657916008,0.0,0.0,27.96,257379211.0,155040493.0,412419704.0
73.92186607016008,2972.7796059595294,482.14274302671265,631.7430362149195,1.2293207616358877,0.0,243627.5,22.51,313986500.0,101486702.0,415473202.0
9.27728807854439,3609.4673766813376,1628.6587116002574,486.47127063668205,1.3082048221454299,0.0,425227.7,23.76,329689723.0,166246286.0,495936010.0
993.6989832917609,2702.8481647417925,268.6570916377882,446.35099523403034,1.101322306243716,0.0,291905.1,31.9,246912699.0,109461239.0,356373938.0
958.3811826850626,1635.215729883122,286.1878995583886,976.4885707090291,0.9092952856728769,0.0,58177.7,29.55,210899440.0,53684474.0,264583915.0
21.002089944276587,1355.5919862771777,1240.752698693635,179.65322681492825,1.2199164023424967,980.4,0.0,11.33,356480453.0,43092162.0,399572615.0
1506.9795532038534,341.44001081574856,1968.8448160318667,336.7006477392943,1.2854492482723494,0.0,0.0,16.36,354414450.0,131800432.0,486214882.0
230.85090431901034,2575.435591058415,1680.912694124972,105.28514233062236,0.9755178926220398,0.0,285169.0,25.65,238806380.0,116399600.0,355205979.0
585.9838589973697,43.3270098124453,1972.1025886744596,598.3840749526497,1.2645536699781272,0.0,0.0,5.76,393031992.0,56999062.0,450031055.0
1999.4361237236612,3020.2661931795205,1628.485861936699,339.5023699016256,1.1009180360787874,0.0,529540.8,42.86,207140727.0,257296433.0,464437161.0
608.2736462093686,1258.5056152480413,739.0175227197011,140.00368898059335,1.113568717621256,0.0,0.0,17.7,301705522.0,23768706.0,325474228.0
931.4675684852571,1122.9308396503704,330.6939363150956,373.41039817849764,1.1885446639298616,0.0,0.0,18.62,318519789.0,31369285.0,349889074.0
1502.7186862009626,2581.793074153053,405.3900621666484,36.65539516823713,1.0822797130842416,0.0,297361.1,36.78,225264642.0,154351838.0,379616479.0
327.6291956309124,1436.7121795529695,1958.6922383052085,181.07137090522096,1.0913243660537815,0.0,0.0,16.69,299341026.0,67871518.0,367212543.0
1511.8633495263084,1848.3335017887755,87.85628714676986,161.69001816132166,1.4611497328639176,38898.5,5551.0,24.72,362390483.0,109589215.0,471979698.0
215.09900986087433,2305.386817571232,1584.651297681823,265.43906272492393,1.335046801883214,3450.0,35337.3,18.85,358142836.0,100204950.0,458347786.0
354.23144827792584,1033.643497646659,623.6440617684149,996.4349905642235,1.0287433771307744,0.0,0.0,14.09,290973237.0,18024989.0,308998225.0
269.39756376102474,3360.25991805752,323.8613876407055,879.2799196294053,1.290273976588014,0.0,356986.9,25.16,318731184.0,116156822.0,434888006.0
1202.7562234770317,2727.3595229140738,1451.9979142961001,110.52618941831372,1.4996796662440135,90985.9,87229.0,26.88,359219250.0,164163428.0,523382678.0
1963.8400796455992,3254.628825188756,1244.5782678848136,522.7913313323141,1.221767150329001,0.0,512038.2,40.37,239936107.0,254557181.0,494493288.0
31.143528715864637,1813.0742920619577,1247.5391353198397,658.7062087749484,1.0992836790307878,0.0,16481.5,16.67,301627267.0,66009954.0,367637222.0
982.6237003620506,2309.807502185145,856.6110205503634,962.1351989835251,1.3232652659112003,0.0,57551.1,25.63,324746255.0,105912082.0,430658337.0
2.6557609331066825,84.50451778057841,1380.6004069367489,412.6450975455027,1.4036825695273598,3554.9,0.0,0.62,464640734.0,39903060.0,504543795.0
360.73712877885634,50.191698009819454,776.1647002274245,736.0641043074489,1.4830366400265411,0.0,0.0,3.18,480360502.0,22433245.0,502793747.0
1842.4183384469507,1757.190841331814,1625.6345663927332,70.33045786761404,1.24336340855093,2475.5,22235.3,31.26,281416827.0,179998176.0,461415003.0
1927.1621911351701,1438.878085391386,1920.2012593262311,220.6850967291053,0.9633802857200361,0.0,41039.0,37.82,197243178.0,180519014.0,377762192.0
1094.1294707303468,3293.306145291844,622.5584374894884,800.1603193989524,1.0015183595281685,0.0,681663.9,37.43,206318363.0,158279576.0,364597940.0
1554.514275661959,2022.0077972363747,350.03395078874445,718.0872494376086,1.3282536680738564,0.0,30618.9,28.64,312652398.0,129726730.0,442379128.0
1074.682452764073,818.4475246429089,264.5877844899931,957.2550484597892,1.2934875229554932,0.0,0.0,16.05,358150755.0,42668522.0,400819277.0
1687.2684932505056,2530.003020452377,1658.947330384578,162.49081974892343,1.1981701347282265,19.6,203560.9,35.54,254343526.0,205033309.0,459376835.0
1390.9551464972817,375.3053366196412,299.9138986568166,633.9825942509465,1.421223482552292,0.0,0.0,14.08,404379894.0,72861963.0,477241857.0
1376.9677330932311,131.42347284555453,1940.865834180646,139.50690090624508,1.0395373401314938,0.0,0.0,16.75,284914868.0,118999709.0,403914576.0
2032.80678277135,2798.849777851751,1873.1533607570132,806.6196928080298,1.29104068500192,0.0,261175.2,37.66,265233522.0,256449003.0,521682526.0
593.2930026293675,1186.5796333692772,1894.5421460887394,860.6256161556446,1.115694269065396,0.0,0.0,16.87,305332236.0,54757357.0,360089593.0
778.2625657391675,1080.6306367014615,652.2602852500079,860.6674662887857,0.9063041139539081,0.0,743.3,21.97,232839357.0,26532063.0,259371421.0
909.169715013359,3422.5080330563055,1085.2727103656177,450.44579014390354,1.0874218828197528,0.0,628058.6,34.27,235322676.0,161009942.0,396332618.0
154.1078332620695,814.8859152398717,180.91681987374253,126.69942971542825,0.9981099264757619,0.0,0.0,9.98,295801330.0,5228982.0,301030312.0
629.7313658957206,39.99054838379372,1900.2877711864953,123.81909267697455,1.1298893234157523,1.2,0.0,6.87,346420840.0,54923421.0,401344261.0
1833.8149620053175,386.841731792467,967.2085035082416,844.7835975413958,1.2341775744204841,0.0,0.0,20.51,323169820.0,132997160.0,456166980.0
438.5663964564547,2669.8995990276703,1362.6821257350157,362.1859065469243,0.9277770969488252,0.0,383357.6,29.32,215903090.0,111893599.0,327796689.0
16.397878433355785,2996.176165751633,643.1147231181371,137.76989860590461,1.2111307356977892,1786.8,260762.2,22.32,309918275.0,107301255.0,417219529.0
1919.937421586813,30.7855382163037,112.28708135282895,417.04493258507233,1.305579544053038,0.0,0.0,17.43,355521848.0,116231414.0,471753262.0
992.6694565292996,3258.1008316294187,88.16911107495629,340.1408696437436,1.1108087336332324,0.0,530296.6,34.02,241304504.0,131727268.0,373031773.0
709.1652661815225,1770.299861007908,1581.154090389221,317.88261640281735,1.3466899239793215,886.8,929.3,19.31,359014561.0,74834436.0,433848996.0
305.38050761686384,2035.4312259512394,750.1760513310902,539.2108022955706,0.9646498502233497,0.0,108814.4,23.46,243091665.0,62678565.0,305770230.0
1987.9700354964943,3289.5572439904536,1652.7926085812578,892.7828233880518,0.9880127221088917,0.0,813815.6,46.85,172904615.0,270316155.0,443220771.0
1050.2598967460035,1154.0102462861798,1774.7718826083171,189.43768249946646,1.0319672130851834,0.0,127.9,23.09,261320581.0,84064206.0,345384787.0
1431.7996415001976,322.70576248823545,1464.7343538332796,268.1272883141224,1.2965612191602884,315.5,0.0,15.4,361686977.0,110295826.0,471982803.0
1820.283784561977,2212.889284843016,425.367466572218,49.1655255392166,0.9267683830170396,0.0,305185.3,42.87,174322276.0,165898628.0,340220905.0
185.1727739992065,2104.739022265069,696.4357080813024,243.10697739589816,1.0315839346783147,0.0,91908.8,21.45,266791327.0,64567615.0,331358942.0
1977.7924940179614,431.30417048823006,609.6288215453094,471.4772620191932,0.9002697156445533,0.0,227.8,30.47,206078482.0,135942374.0,342020856.0
1920.1873958868857,359.727884459177,1364.941201372345,628.8654771624883,1.3854383130628423,0.0,0.0,18.8,371666420.0,152459541.0,524125961.0
1358.143418222088,2792.8763244940055,842.497217577055,488.7044945516232,1.3209972612986516,0.0,195452.2,31.39,298920572.0,164133860.0,463054431.0
1185.1697133997816,1856.8849374681934,411.11681210909865,258.10826080637537,1.1150983446356362,0.0,44036.0,28.62,262057922.0,89223403.0,351281325.0
19.35794360800414,1515.0293219762602,5.536951527825629,565.0154359213367,1.3224172613834093,0.0,0.0,11.64,386745333.0,15309839.0,402055172.0
1172.0798969175385,2517.4775027336996,0.026337112414953623,59.441973284309555,1.3190774645253331,17485.4,109622.9,28.49,310149259.0,108943869.0,419093127.0
1674.0468084898666,2605.256702328502,1326.0244851071031,707.3826638115601,1.3437539554776996,0.0,142495.5,32.69,298396648.0,197929004.0,496325651.0
1510.327084096382,2678.9707740086733,148.03941483036164,63.27155149462471,1.1166719659376634,0.0,309838.7,36.46,233587588.0,152441995.0,386029584.0
1100.039149834239,2768.3071657358714,669.415637582025,275.11707663363484,1.3688689848711177,2660.4,148906.8,28.32,324035060.0,134103996.0,458139055.0
519.8673352815796,2979.654197836502,354.2670994400772,359.4735228724768,1.1406453656558342,0.0,338464.9,27.88,270860302.0,98132191.0,368992493.0
624.4792826364354,12.185597409855909,471.01851564249574,337.6535588788737,1.0881749367159976,0.0,0.0,6.82,333811450.0,13613700.0,347425150.0
1637.883210154977,171.94497800739703,777.8973993104814,37.51545557944125,1.4583885396774057,118418.7,0.0,14.31,407341645.0,109453169.0,516794814.0
1647.586676209836,3565.246605233989,1820.321063392037,315.8127721160844,1.3149500473983482,97.0,532955.1,36.87,273629477.0,257454418.0,531083894.0
639.1652723924815,3224.206612184535,821.5057399346828,375.88754190423214,1.44844124654,4551.3,220126.6,25.6,357805034.0,123782759.0,481587792.0
1744.6034996873962,3508.081198712415,132.9761711488937,243.3388780388599,1.0805146487202275,0.0,780645.5,42.61,204163240.0,214795056.0,418958296.0
884.7740470906789,1717.4620667931858,582.944856133476,790.4504231450285,1.033946486691034,0.0,34530.7,26.23,251117786.0,59557064.0,310674850.0
1452.2385982286507,3091.9189855993136,1207.3964783191727,354.15892589282083,1.012734745317991,0.0,602617.0,40.11,199718953.0,198212066.0,397931019.0
280.11181533170617,2701.3543031110935,938.2639951670319,46.319551167367635,1.490303704165572,234849.9,60419.6,19.86,385166342.0,101189027.0,486355369.0
1399.6671365320442,3064.382661679927,876.3773426340229,955.4386208080249,1.0197150125544763,0.0,574327.1,39.29,203810001.0,182427988.0,386237990.0
386.00881632743153,3231.9150872164028,1783.4341280114563,499.01948549904216,0.9754718132123872,0.0,602506.7,30.3,223872783.0,151967928.0,375840711.0
636.376315353822,2737.5729870651176,1691.9838160026068,347.6547477448171,0.9367402090901207,0.0,423086.2,31.72,210606132.0,124772417.0,335378550.0
1388.0401310792474,2684.3742604210056,848.0293517273851,583.0976116178693,1.4924228985144499,174.3,87563.3,28.17,356108061.0,161662430.0,517770491.0
510.8220796648898,2079.909028491281,1221.920827125285,549.1071960244631,1.4214777347662775,93.2,7617.2,18.79,383262780.0,78522323.0,461785102.0
1261.4407040576127,1843.6407812803827,246.03005332234628,703.2091992934255,0.9792644168968202,0.0,91709.5,32.77,216741415.0,90829257.0,307570672.0
55.398227664406335,1773.368121920368,1144.8905442954647,999.05406137388,1.3273960766731718,0.0,0.0,13.87,378399248.0,61071059.0,439470307.0
1769.3108176744986,1257.3885816816419,1017.829365159935,974.2689906618556,1.1504331312856657,0.0,3414.1,28.89,269365774.0,130864128.0,400229902.0
1683.2005357129703,1909.3404974125208,447.92370306012816,580.4186372108828,1.0308372170221929,0.0,105927.4,36.39,215896620.0,138829980.0,354726600.0
6.311273890920248,856.3025361682361,386.2876647101807,370.9211771994337,1.4331581422855728,9111.1,0.0,6.03,448844656.0,11164751.0,460009407.0
808.6736584532391,3068.0310877922975,1111.2260402631625,7.614704222566937,1.0132420277419292,0.0,520846.8,33.41,222166430.0,134884781.0,357051210.0
1941.7147242587557,2193.149609697718,1859.0937171445478,310.12002030345286,1.3299374269696458,140.3,63987.9,33.0,293826143.0,217557334.0,511383477.0
1609.6724583857867,3541.7895579326073,36.3529663379214,952.2372151232462,1.134954130562499,0.0,714436.2,40.18,223523606.0,201230774.0,424754380.0
1747.2141659780477,1977.3078931425346,1129.299086066731,359.3778881864501,1.3970835542269184,598.8,19466.3,28.62,329482237.0,167803778.0,497286016.0
550.4682951968827,1786.8362318283414,1120.3489975349507,742.5210934274884,1.1829812022249222,0.0,11055.9,20.45,309930769.0,61030659.0,370961428.0
1418.3898440803446,1761.6175697431506,1318.6412739171894,674.1434762081482,1.3256649363175463,0.0,7755.2,25.74,324721167.0,132233484.0,456954651.0
1716.5800701987798,1962.8228962844998,386.5563277397865,679.6408416190553,0.9462708500952971,0.0,177334.4,39.7,187863107.0,142791462.0,330654569.0
456.5212218315687,2875.531829053221,870.1402886601319,498.04416765121704,1.4924381510901181,2371.0,97835.9,22.07,388120508.0,107870895.0,495991403.0
490.33463299499385,70.97648081544243,222.74521903568822,244.5018596608296,1.3355520146378814,6623.3,0.0,4.82,420036060.0,6437935.0,426473996.0
1617.5889366882286,2052.7249030712333,510.09279739632274,521.7418945268237,0.9089745335603605,0.0,232522.2,40.31,178639715.0,141696372.0,320336087.0
1421.5549656166452,2229.900126135279,43.593078763087156,817.0116336327956,1.3580559210972731,0.0,48551.6,28.24,321764230.0,118931169.0,440695399.0
642.6465095099328,2306.4172417952705,1202.9859269299463,143.18027922687025,1.0159555806686196,0.0,180593.6,27.97,240949655.0,89224973.0,330174629.0
1424.48479403565,3388.792475960131,1152.5686413975063,567.8131455595449,1.288009016822303,0.0,458116.9,34.95,276109592.0,208812166.0,484921758.0
918.6057558713986,196.6445179098778,793.0076934493944,900.2522101178897,1.3829680802349291,0.0,0.0,9.19,415718161.0,43545044.0,459263204.0
1933.6781404831813,554.7786540306504,1011.915514077659,584.7281548129437,1.0259553059957847,0.0,0.0,27.45,245064425.0,143500512.0,388564936.0
419.02294887580257,2838.779545493372,1343.703834104413,647.1875368151601,1.060192474789809,0.0,338214.5,27.56,252875519.0,119732788.0,372608308.0
1056.6142495554263,83.74393116626003,259.89210520085584,518.2508627607913,1.0858033653791477,0.0,0.0,12.15,314042335.0,40866225.0,354908561.0
2013.421443129237,1711.4895454592486,167.12831271370132,17.84234725531242,1.3351547243086028,24949.3,13526.2,30.34,305282378.0,151346612.0,456628989.0
357.59154883490453,681.7588994883644,847.6144452813421,264.06058915346466,1.2699462478477137,461.2,0.0,8.67,382644884.0,24498334.0,407143218.0
1012.6688775615474,404.56568336234517,1569.481695818897,425.85885441424807,1.2665005917535803,0.0,0.0,12.55,365124057.0,74663441.0,439787498.0
8.219763330641396,2273.8321213746294,565.6997140618689,494.3707432099935,1.0786323622927738,0.0,108076.8,19.98,284164195.0,69187294.0,353351488.0
2077.2036525790763,837.9576024031934,1825.7192029785133,917.9666318299169,1.1526003917606207,0.0,0.0,28.35,271894345.0,180260159.0,452154503.0
633.8464958661978,1383.159035242612,1978.678174783596,618.7962273376061,1.226868142692383,0.0,0.0,17.33,334134857.0,65789356.0,399924213.0
74.88878259270594,3077.6702003412033,167.610911614398,46.97236703438135,1.0649148516707951,20.2,411879.4,25.06,262723396.0,97605459.0,360328855.0
992.0192415449254,3249.8989248159737,1580.1575981656772,197.632144505843,1.123247717056366,0.0,512480.5,33.75,245007276.0,174382407.0,419389683.0
1626.8009517303706,1913.3455843128233,348.9838840481585,396.0552026783334,1.2755614827058241,0.0,29282.3,29.65,295709490.0,130967077.0,426676568.0
2029.1755319764204,2402.377759128765,32.390324462793885,705.0082766325282,1.0505188844743383,0.0,296476.6,42.05,200421877.0,183219602.0,383641479.0
1797.6013361358039,1393.5203668608829,399.23007550860046,467.9471865102345,1.0531187845890033,0.0,17103.9,33.01,232281729.0,122355633.0,354637361.0
491.6878035180184,2080.9403368077797,1534.692541701759,834.9543741598756,1.1386019222822346,0.0,55826.3,22.75,289610423.0,87613487.0,377223910.0
139.28584709961842,1756.8292444299586,867.5629540567718,196.97894825303942,1.437686940686472,57810.6,0.0,13.37,411620794.0,52234115.0,463854908.0
2031.0991075481363,187.84229256008558,1591.4927597148649,645.7165579415387,1.0568617548995447,0.0,0.0,24.24,263586194.0,169237785.0,432823979.0
1324.300506619665,466.9747858110124,138.81301659499456,993.4890750522604,1.2818219150751962,0.0,0.0,15.72,356166208.0,62057612.0,418223819.0
527.9691721517919,1633.6232599306704,1900.1763645956808,438.7250683868097,1.4402667192014065,1699.8,0.0,15.64,403775359.0,75960179.0,479735538.0
1811.4671777850926,1249.2874274097612,1392.018008154205,660.4985037825925,1.362727122371905,0.0,0.0,24.72,338651476.0,145165254.0,483816731.0
762.9623074977071,189.6184895482218,342.078482225022,616.5536876737592,1.365060112138412,0.0,0.0,7.92,415895888.0,16155708.0,432051595.0
1576.3614030067176,2118.7641539675615,169.51629142978499,17.288627185812476,1.3692850543932436,43306.6,34982.8,28.64,320080280.0,131329996.0,451410275.0
1145.4498652858638,2841.2449329153733,325.5769229587777,407.42317077114353,1.4515015722467839,2002.0,131500.3,27.73,347842675.0,131977315.0,479819991.0
357.78181175034047,223.3426608395359,1306.9347675634967,594.5363406217563,1.47121830351464,339.5,0.0,4.36,470005141.0,37773926.0,507779067.0
1889.986657899416,2720.4323165006726,38.31447575650437,480.38696840656013,1.4376611619222233,129.5,140132.8,33.13,318088434.0,186349022.0,504437456.0
904.1625187186851,3492.5889621951706,1304.975961287965,109.45712754279413,1.2055632451120102,667.5,537540.7,32.36,268543551.0,170378791.0,438922342.0
1450.3617278201327,237.28936922982308,689.2990641415348,717.0810630539863,0.9942428173842205,0.0,0.0,19.44,263688459.0,89595797.0,353284256.0
726.2886878940396,2504.3744705560594,1551.0818037282277,518.5117938254206,1.4741145166200058,632.6,43839.5,22.41,380570276.0,112003777.0,492574053.0
1929.3148405959075,1718.57650568526,320.54882022264474,772.9315638839585,1.0458837452358865,0.0,66303.7,37.25,216081138.0,148375021.0,364456159.0
1757.282431348134,2131.333958393007,788.1860127954932,556.3833585825441,1.2196852610747564,0.0,82223.7,33.52,267047350.0,166523342.0,433570692.0
1928.0679837013283,778.1378706344731,1856.3169051033528,31.3410414598555,1.361521968919846,37029.4,0.0,22.28,347089706.0,167388510.0,514478216.0
1917.5080525336134,1430.4094532811023,146.13437399053453,804.66753149371,1.4057189134150412,0.0,1506.0,26.12,343267663.0,127932626.0,471200289.0
701.0966539559256,1882.4936270398393,1618.938136020299,192.04297725011955,1.277385453834762,1633.1,9689.1,21.08,332268630.0,80754558.0,413023188.0
897.8649250904829,633.1291806829767,1662.8804145019192,324.6808321999267,1.4606556693930097,13970.9,0.0,11.53,428692745.0,66773605.0,495466350.0
1186.227118574287,1867.6712324266002,846.6118884387181,400.6708898563054,1.3907797649022624,367.9,6331.6,23.36,352459207.0,102443633.0,454902841.0
1412.5892711785727,2808.4951759780233,842.1683192224172,261.4372247027354,0.9521191311169092,0.0,521125.1,40.23,187366345.0,169922078.0,357288423.0
1619.3277391167333,1507.453442779266,1018.447184193366,469.3432351970454,1.158682713821544,0.0,10167.3,29.26,269886631.0,129467718.0,399354349.0
1425.9306181864667,2209.704840203749,1944.107597288611,138.90390764923166,1.24411158793963,791.2,76231.5,30.44,285057026.0,173261713.0,458318739.0
131.85574069382463,2932.743859910766,1232.6226665021861,428.3788159925379,1.3813413927863676,536.3,147228.8,21.08,361678417.0,121189143.0,482867560.0
948.6804387049407,826.8635259878132,945.0015222206738,70.83179663733918,1.4387166657836326,100443.4,0.0,13.46,407110491.0,50712108.0,457822599.0
1524.0482113213513,2759.9463039605507,1748.9866080368845,791.5725888150836,1.159111554152064,0.0,307976.7,35.99,244323694.0,204001071.0,448324764.0
247.35689718056247,1355.3141513308585,1868.1694287594446,949.0904912313797,1.3607225193142773,0.0,0.0,12.1,396240193.0,61212392.0,457452585.0
426.23776570384297,705.8529862249031,1759.5430217614407,141.91592301112476,1.2504824863994934,3817.1,0.0,9.64,372310349.0,50855520.0,423165869.0
788.6547575518564,1096.2999588990708,1354.764051353961,959.5690766519378,1.3665802429441791,0.0,0.0,14.78,385173743.0,47794866.0,432968609.0
1013.64900661674,1599.7827747740455,1815.3283766447737,578.1070984737539,1.1979834138397172,0.0,3977.9,23.22,302935740.0,101218708.0,404154447.0
1423.7127879730172,860.868356180181,127.47097514975935,855.111440485344,1.2643570204196741,0.0,0.0,19.98,333429671.0,70899405.0,404329076.0
343.7687560542685,1081.9139731977123,1979.8670251790616,634.4236324636553,1.2816672845802735,0.0,0.0,11.59,373931489.0,57223476.0,431154964.0
150.46123779018544,3517.4399953054726,1785.5657791174413,547.7824422632204,1.0856333498705242,0.0,603373.5,27.31,259827458.0,166210624.0,426038082.0
1455.4451511850011,3025.149051932885,1572.242819646507,977.0473720478789,1.2821132392001655,0.0,312142.0,33.94,279112670.0,205736629.0,484849298.0
669.7550248002341,1807.477235438777,1632.634335901233,265.3425872153774,1.0388449529663948,0.0,41403.3,24.48,258331911.0,76862253.0,335194164.0
1511.2800999806916,1613.271558250941,1633.1407903794452,143.6835861589889,1.101417877889644,0.0,22970.2,30.45,252214450.0,142523534.0,394737984.0
558.988305240361,2533.2613774805727,1518.6584266532989,456.0026958865563,1.1868176258393615,0.0,149272.7,25.35,291790107.0,109615361.0,401405468.0
275.28647561533495,2547.6359805413804,1984.6352671984948,777.9218408318094,1.0338673939125769,0.0,233475.3,25.05,255160768.0,123797282.0,378958050.0
1299.2109120539812,1070.6932227112381,60.35310583256592,179.82285565583356,0.9615561433583049,0.0,2553.8,26.91,231371182.0,57475691.0,288846873.0
408.51937418968487,2888.0440498598823,585.6642680608635,757.0399509451119,1.4693175329056625,0.0,108363.4,22.04,381856042.0,100270215.0,482126256.0
1197.3594449163102,1762.0344594964981,1500.2543511805275,97.09013989309001,1.156927252490931,0.0,22276.4,27.12,277652349.0,117115850.0,394768199.0
1040.0492804333464,3016.716256746111,1628.4353204625988,848.2653598499812,1.3187237567206211,0.0,253764.9,29.79,305417232.0,168626548.0,474043780.0
1106.2088579803865,3005.2019364764774,1746.5648305105392,480.4845926588137,1.491397144733263,1546.8,151510.9,27.61,358821471.0,177571370.0,536392841.0
1823.9957905815875,1853.0048854797108,138.57519069421275,224.49205087189628,1.365839147625771,3652.9,16172.4,29.05,319694223.0,140077672.0,459771896.0
231.7566258422577,1705.3742407389254,1209.704384209455,878.3468283705153,1.408268317736088,0.0,0.0,14.05,402232133.0,59567320.0,461799453.0
1593.5194654095428,1479.9301006786525,284.4985086845941,669.6493095578478,1.0087731734930836,0.0,26877.3,32.83,223075699.0,104507127.0,327582826.0
1170.340697906964,3559.86180234194,1100.6195516145492,645.5568672604475,1.3065452831497044,0.0,495870.8,33.14,288021385.0,192365358.0,480386742.0
1731.3597257534277,1578.979861528587,995.0198021049954,175.97201392458993,1.2688079326425012,559.5,7356.6,28.34,299544989.0,142676715.0,442221704.0
616.6554431863515,1842.6778384659794,1533.1143870197957,17.569904681986603,1.2383493159506238,11398.1,9838.8,20.63,323204631.0,75734157.0,398938788.0
361.63286109278806,1014.1615234153887,69.42656017399584,169.46276018590223,1.4919776359722912,119243.9,0.0,9.64,443542232.0,2006614.0,445548846.0
2081.919957100565,2613.04794919942,1223.713709542387,777.006953099265,1.4379325633110969,0.0,119171.4,34.11,313333839.0,232980396.0,546314235.0
1082.751049193876,128.0809178862554,1418.7916411601054,984.6025020724225,1.0548317735831767,0.0,0.0,13.21,301382286.0,76772346.0,378154632.0
966.3257039863934,1311.4260758161506,780.9349884597268,721.3999938753569,1.1270426338536301,0.0,237.8,21.67,290653731.0,52635213.0,343288944.0
1962.160401581445,2866.460187161724,55.29405017539024,818.5488820337248,1.3637144534631953,0.0,231579.8,35.8,288932783.0,200749679.0,489682462.0
1076.889423674872,1803.4471501894811,1671.0538069339068,424.7852891630349,0.9956774059759791,0.0,66794.8,29.97,229602295.0,112997308.0,342599603.0
652.3940664902331,962.6847241876864,1362.1180593029005,178.87335004084525,1.2868634618596841,3571.4,0.0,13.42,367344100.0,39368871.0,406712971.0
971.5410850449435,3047.969173764768,969.9974864349359,929.8039345693829,1.4402814767313528,0.0,185895.6,27.51,346246614.0,144829084.0,491075698.0
386.32460243188757,2490.7838590373376,429.24949824155044,823.3043062304577,1.2814338927219415,0.0,89975.5,22.14,329173483.0,76018797.0,405192280.0
613.2353925772426,904.3187710321283,859.15531009086,800.722971461131,1.377696965423671,0.0,0.0,11.78,402469464.0,24831896.0,427301360.0
69.58943028204045,1097.3025921593674,845.7019269394352,585.5820134442432,0.9897162052888194,0.0,0.0,11.92,286979533.0,24443057.0,311422591.0
699.0650978028082,3214.71718466169,953.0950268272991,744.1432260434394,1.190867103897804,0.0,408425.8,29.73,275617572.0,127489691.0,403107263.0
969.4886717949665,2257.5896560531196,518.729024379235,249.80209930624997,1.4936123129349654,33255.2,18597.6,22.57,382925071.0,92341344.0,475266415.0
1811.8483394305783,2678.0502741122095,274.2890781110665,30.22471118476666,1.005247502518256,0.0,443451.7,42.39,190675891.0,183857008.0,374532899.0
1955.1690609981792,2963.131866003826,1046.1520249771527,968.7805913683773,0.9879492617413806,0.0,626390.0,45.46,177399187.0,233544632.0,410943819.0
1165.8286674125868,665.0963188273166,612.8572096086118,940.1350189632255,1.42096710992921,0.0,0.0,14.28,403556789.0,61141606.0,464698395.0
212.250468039772,905.8440141862067,1189.0149391641012,61.35278734082439,1.2300507884108625,9953.8,0.0,9.39,366770758.0,34365726.0,401136483.0
1218.6646436305123,1056.210868229568,586.2459602502468,229.0792687700708,1.4614058221176256,28679.5,0.0,16.98,400961300.0,65245964.0,466207264.0
810.7963283575765,2124.5266991034223,603.149148507029,702.6640044149043,0.9608647626351855,0.0,163260.0,29.94,221633918.0,73535016.0,295168934.0
149.3726173523744,2701.7500509122474,1453.3359166306998,265.00133614066226,1.113028027634813,0.0,227710.2,23.39,280761106.0,116095644.0,396856750.0
1995.8881452789344,378.718970832991,366.294133093342,430.03836497323323,1.069259343633315,0.0,0.0,25.37,262729793.0,130578458.0,393308252.0
1353.1828238981518,2506.8842542964644,1052.7761677801902,611.1973014027699,1.160052499212207,0.0,199236.9,33.19,255198659.0,155549642.0,410748300.0
1585.4074240169712,152.81754718195913,625.7826733117618,684.430041394894,1.0977870647252295,0.0,0.0,18.27,295362694.0,100216373.0,395579067.0
163.7460597235496,1252.3987453343943,1422.9895435773265,121.98486525331775,1.3347788185269926,30152.9,0.0,10.83,392110521.0,43234027.0,435344548.0
1616.825168605545,2306.141702254397,488.46809711628845,805.2953571950615,1.0286655010670793,0.0,238117.5,38.01,209942341.0,153587292.0,363529634.0
1888.6366852772658,2565.123887885758,109.43985329411943,799.287118661663,1.2038601242159443,0.0,228010.3,37.37,248270801.0,180566557.0,428837358.0
943.7729488127121,1526.455629495507,1213.2601328818337,724.5785007829612,1.4375859694347364,0.0,0.0,18.31,389586176.0,73730158.0,463316334.0
569.0899349949647,2289.717870664838,1372.6852229362598,674.7971397868926,1.1958003886697819,0.0,81981.7,23.9,299718132.0,93300336.0,393018468.0
815.2820130047168,2767.435105953543,600.0196080816027,208.05316239824313,1.2274975162560744,200.4,213949.0,28.22,290233927.0,105789468.0,396023394.0
557.968638225639,120.63638083527667,103.15148676461084,695.0105263868746,1.4838875075952438,0.0,0.0,5.21,469768738.0,2981355.0,472750093.0
948.0252798603664,533.831885872585,1636.1664210587062,261.4358969737198,1.4973758769623284,42775.4,0.0,10.97,441605842.0,70628200.0,512234042.0
1174.4057857494201,844.4561512731652,992.0095390486879,335.3812718296486,1.3676831907761686,827.2,0.0,16.22,378641983.0,72891265.0,451533248.0
220.62612190979632,3110.91986282815,1534.6737885282694,861.3638039014875,1.436996247624999,0.0,172097.2,22.02,373052338.0,138768650.0,511820988.0
479.0867608363244,1891.2510802398933,1699.8444403327546,377.38797211611154,0.9362445460773795,0.0,89596.7,25.05,231058235.0,82965577.0,314023812.0
608.057633382807,878.1707306535634,1740.125237378209,463.8463494091483,1.310126542467788,0.0,0.0,12.14,380042908.0,50294294.0,430337202.0
2006.0184271069556,1086.0519041582895,1522.3991150547915,22.764121518721424,0.9624697051869169,0.0,11128.5,35.52,204337044.0,164927397.0,369264441.0
337.4887126568348,1134.0785628472056,805.9744302587568,477.0158907322544,1.0471988077700385,0.0,0.0,14.61,294380177.0,23294826.0,317675004.0
138.05894138713342,2459.408823380083,47.32270706852893,809.4706348587248,1.4574928950907209,0.0,30967.1,17.75,400162649.0,63421792.0,463584441.0
1481.1191849803376,2163.33667770764,1314.0370586572656,652.2220466175943,1.4590230816399004,0.0,22416.9,26.53,355359703.0,157838521.0,513198224.0
2010.577741439422,1548.963260126845,1234.1583522968363,802.8070537341723,0.9006228943032826,0.0,93797.7,42.05,171840253.0,173852201.0,345692454.0
1098.828186585787,2369.9411135382425,1434.4108994751632,368.78940939628114,1.0773866523669553,0.0,189802.8,31.81,241897913.0,136317182.0,378215094.0
379.76725129408925,2024.8704430612447,1838.606864504243,895.9781507240482,1.1159795562946155,0.0,49019.1,21.61,288032007.0,93612620.0,381644627.0
537.6279667711525,2863.3215762949208,1449.9600364883765,505.33983113749224,1.1334181557233145,0.0,297482.8,27.65,269998663.0,124022800.0,394021463.0
258.1186293086898,2850.0530784048187,1234.9288871633948,376.88167973801666,1.4512727856400796,6551.7,101056.8,20.9,382141267.0,117148819.0,499290087.0
1375.4175928687325,3373.1370866427987,948.8249206792879,454.6178240639299,1.4623435741884476,848.7,304373.1,31.56,331773732.0,197620004.0,529393736.0
2001.1651278877669,3487.585367530357,1637.7947878148857,462.40614482433864,1.0261795765614352,0.0,877344.9,46.44,180974323.0,280935177.0,461909500.0
799.4742374642719,3406.0198942095726,727.1085901605998,756.7174268235375,1.4538026106546647,0.0,286717.5,27.49,350096992.0,139721012.0,489818004.0
2023.2676596077806,3440.057153157543,1110.1151954445518,491.88007465087037,1.4925843052607917,534.0,353288.3,36.05,316418873.0,265361946.0,581780819.0
454.9036415499397,680.7348499156883,1926.3645954916701,689.1948218241696,1.2217824058788946,0.0,0.0,9.93,362578925.0,55677112.0,418256037.0
275.32381807412236,1863.0621039292753,1888.44230704311,602.8913233486717,1.1427771734637209,0.0,18056.5,18.95,305007207.0,87016508.0,392023715.0
1149.0497580547926,3216.7066658745575,1825.6973222706551,400.08816565289527,1.2648366014605932,0.0,380550.5,32.43,281620655.0,194314825.0,475935480.0
582.1374474437022,1637.4396250552695,439.7652735662858,531.4722618655752,1.2469440809787973,0.0,1481.2,18.59,334556423.0,33939922.0,368496345.0
704.389594832662,987.7894313182928,302.05121326290384,139.54366620615977,1.3268766694284706,14085.4,0.0,13.66,377558611.0,9596171.0,387154782.0
462.1152374490865,428.2565866168146,1997.7433795285774,259.91650188905703,1.4376289892568792,28253.0,0.0,6.74,444430740.0,57740150.0,502170890.0
1270.1527135727479,2595.7047055087387,1121.8378229992707,180.8111950599689,1.4082309428715616,16511.6,94264.7,28.19,333564007.0,154298582.0,487862590.0
1726.323218124945,1269.358239221471,1527.7013928229278,543.0402583444278,1.4454294843360387,18.0,0.0,22.75,369728233.0,142230195.0,511958427.0
1673.888814168773,148.81464438137178,1758.5519443825167,968.5664179784899,1.3452937215750622,0.0,0.0,15.65,374565348.0,141117812.0,515683160.0
250.0197118161368,2930.774480108746,1294.9780852471717,338.82631752198023,1.4304183307156,7332.1,128114.3,21.47,373266055.0,122893570.0,496159625.0
1179.2065454248652,3096.12838960043,1340.2274971684856,288.5161037049282,1.485011217516622,16126.0,184960.1,28.65,351070834.0,177076323.0,528147158.0
1190.5465674539794,1875.8215278300459,807.0192565065099,136.34420307768735,1.311727728021697,6327.6,13053.6,24.81,324940050.0,102102517.0,427042567.0
898.2163278421222,3392.643412590981,1930.1943372377966,767.6408553499509,1.0454968582215212,0.0,658987.7,34.88,224178767.0,182936848.0,407115615.0
1492.8176344762699,74.13095600315145,1652.8010056167855,493.6185670905291,1.4620437899311118,667.7,0.0,12.44,424773120.0,121359647.0,546132768.0
787.6296861646372,955.3201842763548,1990.1126775120786,530.6778715120753,1.4179095254462628,78.6,0.0,13.24,407920300.0,66063597.0,473983897.0
1899.554186983803,1882.0414273965669,911.4278510383754,552.8859547723501,1.4086437017288485,0.0,14378.8,29.02,330484210.0,170826710.0,501310920.0
2011.3165828876672,1191.8092570120698,1477.2607642396933,285.3744772899595,1.2665718247989033,0.0,256.1,27.98,300544850.0,164111469.0,464656319.0
1677.986291435094,3217.9453585204947,897.4323685584935,369.7556825658915,1.0520709672065327,0.0,649571.1,41.77,201699416.0,216335147.0,418034563.0
278.17480032192105,1324.650774176537,1743.9556094956945,418.8095162106382,1.0903758994867332,0.0,0.0,15.15,304584408.0,56099330.0,360683738.0
1541.090729962675,782.5716320021577,512.5736049753649,935.9086483383024,0.9489538155703301,0.0,184.4,27.24,227326992.0,92856635.0,320183628.0
864.5060108075376,2093.6068283931395,460.5214312292112,281.0124842347197,1.0331072188491988,0.0,115687.5,28.71,242464470.0,72831088.0,315295558.0
719.7119177464377,3261.5758909347674,863.1746931433302,417.82901652343173,1.1319485281046335,0.0,485319.6,31.08,256876725.0,129122496.0,385999221.0
2010.1812906648424,425.7969534779308,1743.750841878733,327.1610677279755,1.473906955023212,10239.3,0.0,18.83,395969178.0,171709031.0,567678210.0
657.2488084180287,300.8339386204433,1040.0837687050316,227.86557930991037,1.3517938892840256,9089.3,0.0,7.91,411194633.0,30061215.0,441255848.0
1370.482214213785,2491.8830432582276,386.9789772212733,708.6302648851405,1.0867986161882024,0.0,247258.0,34.94,232800867.0,137156918.0,369957785.0
2082.235348505248,2656.316616958643,1180.8230148170255,867.117779215548,1.2535870198316563,0.0,239624.6,38.31,254738139.0,233918844.0,488656983.0
1152.483472226987,861.4556381835278,1356.22399065085,374.64442824946144,0.9258495766872782,0.0,0.0,23.87,232066359.0,81395966.0,313462325.0
1701.4888454313618,188.29959493493297,1344.6002456810518,156.7208914849152,1.1595417099425183,0.0,0.0,18.78,310058787.0,131699273.0,441758060.0
1791.2061080699125,342.74296328435224,1334.3013571052418,612.6187424860852,1.4205178478137757,0.0,0.0,17.16,389378322.0,139676966.0,529055288.0
360.15220671067914,2903.2286418279714,900.2423934826564,428.6439124932455,1.117070610503925,0.0,314583.7,26.37,270800100.0,110116537.0,380916636.0
803.9220948184889,1887.453443923567,213.5996458469316,425.06586987295793,1.2911887290357138,0.0,11284.2,21.81,332983466.0,49867272.0,382850737.0
1038.731056918886,601.9609719241307,726.1034035832641,442.9616744259298,1.301324888779781,0.0,0.0,13.96,369361937.0,52691471.0,422053408.0
1878.097782490683,1997.863110693781,1352.7362562347282,77.18962543940444,1.4726802176085558,69371.3,14864.1,28.37,345438948.0,187355092.0,532794039.0
657.2101193912653,1286.0790513671548,445.68556128302527,84.6700717655492,1.3740280740851107,50215.8,0.0,14.96,383713700.0,16660107.0,400373807.0
501.4218203573703,1026.1564793034865,363.5925532125452,974.8852802988802,1.3686208783675227,0.0,0.0,11.79,399730848.0,10508802.0,410239649.0
1938.8407702097606,3128.0558224042425,1812.5935990905234,479.034051849193,1.0023248624142602,0.0,695745.3,45.43,180111704.0,262381993.0,442493697.0
681.54549713548,1061.599006643584,1434.2676752027128,25.67268630734243,0.9852253289507863,0.0,0.0,18.88,263131707.0,41454189.0,304585895.0
1423.815475731385,448.0957442956024,96.58370154080043,109.21516461119086,1.3144044918258577,12397.9,0.0,16.08,363181716.0,70016152.0,433197868.0
290.49316585879967,531.0848309254274,460.6003935181986,750.9107041965226,1.0202117473564656,0.0,0.0,8.54,307185808.0,13312589.0,320498397.0
73.757702169972,3288.283980740664,1752.6368485818455,184.8190008964724,1.059205553864073,0.0,513049.2,26.02,258019076.0,153877462.0,411896538.0
393.14253645999133,2611.9103764310794,500.0177683784641,931.4497573785021,1.3965846146301413,0.0,75029.8,21.37,364236905.0,84080147.0,448317052.0
1226.8163509827687,32.4457557107789,1767.3388128333333,727.7616465325541,1.3727444379246039,0.0,0.0,10.68,405397050.0,100134619.0,505531669.0
149.75555153260132,2572.0734178933085,1609.1789472482874,956.6353561570547,1.2482822836694614,0.0,113830.8,20.93,325418121.0,114159314.0,439577435.0
1059.2672614184812,1544.1903476343398,1402.5753619292875,920.8213047146138,1.2598530292296215,0.0,584.0,22.1,323427880.0,90735689.0,414163569.0
473.88639254488845,63.79343962231158,1238.2262365350552,864.5978880190527,0.9395851665440457,0.0,0.0,6.58,288990540.0,35788064.0,324778604.0
828.9359706844062,3412.370341673677,1003.3539917136105,220.65822978859308,1.112193847061309,0.0,587737.8,33.02,245286425.0,150738149.0,396024574.0
850.9709955161711,425.76093733295545,1321.5844876968224,592.1643290924764,1.2886337267193464,0.0,0.0,11.03,378198488.0,52583825.0,430782313.0
1273.5004206981919,60.519607886673,348.92569913263924,165.57200194586053,0.9587708917787937,0.0,0.0,16.16,264644183.0,63444724.0,328088907.0
1533.4669871184062,436.09808855692484,1336.3881469006883,178.39030965367542,0.9709861069487559,0.0,0.0,22.96,246279439.0,115963888.0,362243327.0
338.87515136452544,1845.5045472330125,1290.9650197155113,811.9248600576368,0.9771373232787783,0.0,57975.7,22.25,250152137.0,68875783.0,319027920.0
1284.749368299456,2809.0377458628277,624.8103430157688,79.71557936743767,0.9935675778399083,0.0,462639.3,37.77,203570054.0,151875074.0,355445129.0
190.8997801635523,3220.5793096123207,753.4033367204692,523.348605135786,1.3612128910825887,0.0,249953.0,23.1,346754252.0,121634260.0,468388512.0
774.5742101217091,2356.242636298234,153.35970643687546,480.90564756860044,0.9579113797021847,0.0,249630.0,30.92,217862462.0,68702401.0,286564863.0
517.6724333182756,1064.827204171551,1435.1676077738932,674.1041862892538,1.3482480533586396,0.0,0.0,12.4,390627725.0,41480199.0,432107924.0
128.7592734898438,3607.9085901881604,108.84005741953784,825.747791439154,1.3441613600883213,0.0,404913.6,24.34,336687169.0,122242025.0,458929194.0
1233.8233331754445,1593.0515094763034,1514.2647065403653,739.857803268846,0.9823070012938827,0.0,37182.8,30.46,224910363.0,112491321.0,337401685.0
1652.6387061234145,285.1619006889238,1001.0922842570695,645.0818265671943,1.3930133144251367,0.0,0.0,15.92,387236403.0,117265121.0,504501525.0
965.5848047240171,859.7948215614771,981.319230913213,250.2081104371201,1.217235228873689,2.7,0.0,16.35,335410505.0,53321016.0,388731521.0
964.3295617770898,2833.2312760139316,480.1802268850579,199.9851841903395,1.184511203740176,2.6,277121.9,30.63,270608952.0,119341544.0,389950497.0
105.30160142292364,832.5064812208863,707.4098283753838,487.62971256091026,1.0616620267352184,0.0,0.0,9.01,318013312.0,20446044.0,338459356.0
1168.9270914670274,3188.6452391959724,1087.4549227152042,286.8395217364318,0.937188583201389,0.0,714252.0,39.39,187024245.0,173417367.0,360441612.0
284.94924540025477,2037.219047826302,1367.4176762087595,49.66794355407056,1.0113298978280891,0.0,86930.2,22.42,258323262.0,80607301.0,338930563.0
665.2844493606495,1160.7763852362236,1916.8140283559221,203.77059794242257,0.9375122096874654,0.0,186.9,20.69,244820695.0,55401075.0,300221770.0
736.0359191161853,488.0243548377365,253.16393027157824,407.45066111712833,1.0838346835499693,0.0,0.0,12.45,312403135.0,11102197.0,323505332.0
191.25032828392457,2193.621448821641,1003.3995320407001,77.09966895130538,1.4176466844084867,116089.4,11873.9,16.97,384517118.0,77854193.0,462371311.0
593.6267263727137,3489.812249358261,1863.0772651126513,434.09662621875276,1.037140164263001,0.0,687351.3,32.33,231078510.0,167078735.0,398157245.0
1740.6679056255139,1311.4676050894818,327.10138934259646,551.6077158189412,1.1936414656207595,0.0,3534.5,28.01,282954212.0,110944192.0,393898404.0
1772.2872773270992,2647.2914088167754,1752.2789736735074,734.7029123873743,1.2853049763886781,0.0,192958.4,34.92,275648373.0,221398153.0,497046526.0
1042.8693624975715,3584.8184408721045,1918.3296480003446,848.8529815357496,1.3651915282713167,0.0,442899.6,31.28,309876378.0,205481165.0,515357543.0
1204.2116619970977,942.9046987101307,1750.8780541759297,10.816134878957717,1.03646398007636,0.0,0.0,22.69,263802602.0,97573843.0,361376446.0
841.7821480011196,2127.7504734996814,1121.7586407207118,175.8158263852847,0.9628789198881191,0.0,164635.6,30.27,221063193.0,91542414.0,312605608.0
463.5558140153081,1265.8129036942355,28.107375840172423,692.4558205498557,1.048636461442495,0.0,227.5,17.25,285671270.0,3584423.0,289255693.0
732.6782502033356,1215.6931368195553,1023.6596017570437,859.799722094611,0.9896339721033247,0.0,659.8,20.95,257578228.0,33344646.0,290922873.0
710.416031087198,2512.0645720663742,88.46282656087357,829.9786351622237,1.477095084298456,0.0,45300.9,22.28,382193589.0,68648037.0,450841626.0
1266.923567383451,3472.1253868415183,826.1236588634955,415.03173065513687,0.9637493456480625,0.0,853061.9,40.69,188199020.0,188982739.0,377181758.0
73.90685947451982,887.550674828358,956.2573142022954,507.682390862889,1.03054522904486,0.0,0.0,9.46,307169279.0,27638405.0,334807684.0
1277.6998316690765,657.777325663348,652.4222805382003,195.70951518932745,1.3179981599940824,3830.5,0.0,16.33,363633929.0,72603937.0,436237866.0
1077.0536796435201,2672.046989633594,114.49633918329938,425.36208023514143,1.4801751473888523,3137.2,80484.3,25.92,364253762.0,111164272.0,475418034.0
111.79668816276813,1518.7146435963425,80.79643771124113,146.65332097079997,1.177515870943831,349.3,219.5,14.02,333434389.0,17668078.0,351102467.0
328.4154341712497,1883.0821926187505,1845.4633655401392,200.40755819742674,0.9643119058273187,0.0,70353.6,22.65,245599017.0,86768634.0,332367651.0
1720.7016317344548,1670.7795461119315,1765.2221976882756,306.1232946653872,1.2765192031122539,0.0,10219.6,28.77,299646093.0,168513939.0,468160032.0
1925.10876071897,623.2557519958984,1601.4571186108067,631.5167498451273,1.3877680467762321,0.0,0.0,20.71,363510083.0,159749424.0,523259507.0
355.89562422723054,1575.7338873233548,257.67445695390535,960.0821079853646,0.9376150337760807,0.0,24138.1,20.95,244006494.0,25612287.0,269618780.0
136.53288481829958,3260.3069776195794,601.52429627535,597.0200328471501,1.072485317344384,0.0,492598.4,26.35,260058370.0,119217691.0,379276061.0
1352.6612131834033,698.6638104501989,917.7389161029386,533.4921747803944,1.100185734172278,0.0,0.0,20.73,287111021.0,87186603.0,374297624.0
524.795774495765,508.950203646517,1412.2886726158397,168.28271599442323,1.0752758347128868,0.0,0.0,10.44,317020415.0,40818936.0,357839351.0
702.4547742254388,1649.3514730362024,1405.137399100134,427.94513465370545,1.42265617286129,921.9,0.0,17.38,389876013.0,63121007.0,452997020.0
1417.3530732030847,3043.7067795525536,1432.7079226618812,148.6317998370996,1.486756381118454,51605.6,179624.9,30.18,341540097.0,199111852.0,540651949.0
1640.0323641270422,2078.9800201414655,330.4618814762523,172.68064857897448,1.268598704916085,660.8,53432.9,31.01,288332163.0,139878703.0,428210865.0
867.7710223091937,2453.369986869979,744.8554497994053,512.8451714565949,1.0127748227783773,0.0,252143.0,31.25,229247778.0,99218520.0,328466298.0
323.5943858526284,274.5904922255209,1639.2786097971045,555.3862515796612,1.4682846239439975,658.0,0.0,4.45,468584485.0,47379555.0,515964040.0
1562.678896634199,2790.6102717056633,1018.1168683940309,815.4539365256506,1.46523806718829,0.0,127902.7,30.48,337673110.0,187963175.0,525636285.0
1504.8284261193876,383.28785541981483,1302.0397185070126,120.43321224109194,0.9463334534512007,0.0,0.0,22.64,241006441.0,112329557.0,353335999.0
1444.6973446667307,3030.27111788426,317.6829814587332,74.14860796604472,1.4319137365152264,51706.2,211060.8,31.19,323067267.0,168739517.0,491806784.0
275.6564676259616,127.36252028976592,1442.108737532978,847.7155540953429,1.2086840048785357,0.0,0.0,3.72,383456500.0,41680816.0,425137317.0
1125.7441339355476,1222.8036612003843,476.92639773246515,755.2320701755862,1.4095706448726255,0.0,0.0,18.02,382581702.0,54151431.0,436733133.0
669.7953207744351,993.9636410986145,535.5834390901002,50.59541802235612,1.0686450149042286,0.0,0.0,16.64,293270654.0,15479800.0,308750454.0
53.48216188037545,2861.919669560193,511.85365806192,690.1551893513637,1.2259130313243336,0.0,207060.5,21.84,315832840.0,96839378.0,412672218.0
1746.1116685024592,3486.174781031989,734.58322825833,88.34081988963716,1.3497874586315537,13228.4,473874.7,36.72,281012438.0,231234207.0,512246645.0
44.41535012529734,809.356904185074,106.50133694627706,898.1483716198154,0.9031782490209433,0.0,0.0,9.55,268951424.0,3078175.0,272029598.0
1027.3674140567584,1539.116831587098,1305.489329096279,289.7440885692498,1.424217240281675,8237.4,0.0,19.25,380597072.0,84735272.0,465332344.0
1531.1108711972051,1569.2287663518055,716.0524990250827,815.8882474975845,1.3542361791214623,0.0,2052.4,24.8,336180257.0,115658912.0,451839170.0
831.915120980139,1239.1798612747618,77.7759793250843,81.70724544014563,0.9323510733325409,0.0,4573.2,23.68,234265059.0,16326006.0,250591066.0
50.90628903563591,554.9267471710348,1714.2836353611497,798.1593107558651,1.4073443086969184,0.0,0.0,4.37,448096906.0,49547402.0,497644309.0
1300.6237535721089,2265.349057503632,247.86349310603327,698.9653536423867,1.0680158465222838,0.0,172977.1,33.51,233799959.0,115441289.0,349241247.0
1082.6431926042292,3465.643051797112,1741.2307886368546,233.19350729579213,1.341990369420176,2777.5,415482.6,31.53,303102835.0,198112148.0,501214982.0
217.0292136649551,97.07522325083832,56.348549563720375,170.24648421801237,1.3169690412562758,15238.1,0.0,2.66,423140389.0,1628624.0,424769014.0
757.4927878599689,57.87105344909118,1976.0452627536838,533.3784032319932,1.1363281290667906,0.0,0.0,8.3,343035750.0,62877238.0,405912988.0
1081.8020311768134,1887.494402786536,940.4731541859874,612.9489044649707,1.4313759719209838,0.0,3891.9,22.01,370000063.0,96509046.0,466509109.0
629.0730479807254,1767.6961009308427,7.28799239353739,859.8142813182026,1.0835423333478698,0.0,25716.5,22.83,275269948.0,27909579.0,303179527.0
565.6540330146491,3621.059924236056,1168.785877490376,123.04324614099028,1.0593149819361427,0.0,728120.4,32.12,236746178.0,153530490.0,390276668.0
736.4774365352592,3579.397973770474,861.2433558297159,230.13398829280908,1.2418385804476904,222.6,528479.3,30.63,283840746.0,146398276.0,430239022.0
843.9238870488667,199.50620895498966,1721.839224908651,15.687527283303915,1.4390901814472858,175378.2,0.0,8.24,428057941.0,63502249.0,491560190.0
1651.0253970097576,275.23825281695235,1447.2221556261077,770.9416821393189,1.2613842440572107,0.0,0.0,17.48,342976962.0,130010664.0,472987626.0
1204.443618325517,180.36390528014581,118.99274364556511,727.2886498356969,0.9633391073513459,0.0,0.0,16.49,264854478.0,50429369.0,315283848.0
504.2449499730057,1810.7768355787923,328.32734722536316,789.8395605500256,1.3844268142674532,0.0,1159.0,17.35,379123233.0,39328157.0,418451390.0
1755.8685954789598,179.93227841217902,855.7463224672488,846.9176727143358,1.1179316341840193,0.0,0.0,19.97,294535857.0,122585971.0,417121828.0
1450.7854888035017,2138.9626322097347,694.4172334143573,276.40482909042373,1.291645855259644,159.8,51139.7,29.23,301300373.0,135921339.0,437221712.0
278.6063256510402,3122.2447442885637,1152.886882161407,111.50350512583917,1.3221165871160183,18490.5,245811.3,23.85,331582140.0,128296452.0,459878593.0
898.8696665048436,740.8155377683278,1922.1385858497322,719.6477850144256,1.2557961739967975,0.0,0.0,14.27,354802503.0,74359538.0,429162042.0
1769.888072508769,1974.247337272214,882.9412246658077,189.44685986070832,0.9920342550709073,0.0,153685.1,38.9,199564710.0,162622767.0,362187477.0
900.6560246353035,1655.1877218698824,1466.6250104614544,442.0850100368764,1.2558955203392508,0.0,2400.2,21.56,324646955.0,83469757.0,408116712.0
1735.801122698973,3605.8049447032668,645.050630302565,901.9544637283688,1.3836305231121593,0.0,495166.5,36.41,290544399.0,233637086.0,524181485.0
141.7939493162682,1212.9969189996252,438.08591966876673,664.384272422998,1.233179481730613,0.0,0.0,11.19,361036222.0,12810707.0,373846929.0
1031.7644446492193,2771.7364626215062,666.6173916239668,382.75229555326564,1.4193803689352695,1474.0,122820.8,27.0,343097139.0,127895905.0,470993045.0
2027.0547418071137,2818.177146987231,434.14194955445254,112.65163216384732,1.0255230886594813,0.0,515470.8,44.52,187333503.0,215287077.0,402620580.0
881.457446072739,859.2102107239268,1802.0822961440235,670.7229017674402,1.1500375468698085,0.0,0.0,16.44,316359360.0,69283517.0,385642878.0
570.8974630163542,1381.7994486617006,952.1011907334605,713.8223521757286,0.9536049349373273,0.0,7017.8,21.42,246719085.0,36050997.0,282770082.0
1769.8166794599517,463.0429130025534,524.9001639448758,993.5898957725839,1.0141251804265508,0.0,0.0,24.97,250498165.0,114310175.0,364808340.0
210.88146153453067,2317.411245965238,786.2581597024498,91.8354342685087,0.902245457009427,0.0,238167.1,25.25,222061767.0,77726457.0,299788225.0
165.05188675538122,1897.5301509420212,461.78589026188456,777.5521343189499,1.414505179843046,0.0,947.9,14.79,400901842.0,47494220.0,448396063.0
301.97684193638867,1223.3821307661267,293.14825093639496,286.6927035819472,1.0435226512503428,0.0,0.0,15.12,291593525.0,9137418.0,300730943.0
1640.613318454034,1254.0912311910604,991.1295974883527,673.8951054729815,1.393353989491312,0.0,0.0,22.78,355623214.0,118057840.0,473681053.0
628.020953322312,759.4710237655895,1956.9067475117351,320.14754464749694,1.3026408595085253,274.6,0.0,11.47,380607465.0,56559862.0,437167326.0
1413.2985698132218,1865.9268875263338,456.89489096911393,141.45742095417623,1.1922096869486587,101.4,33833.1,29.18,278013839.0,112037790.0,390051629.0
1065.288084043221,2807.3213270925153,1419.666887904387,912.0412788358667,1.482516337132579,0.0,105644.6,26.5,362186934.0,154520602.0,516707537.0
1517.5700151260423,277.7358332538198,810.2366184342052,608.8023698406829,1.2541170428699746,0.0,0.0,16.36,345638193.0,99290388.0,444928581.0
378.3102934567972,2116.089367906663,699.3610157628882,338.9268448437159,1.4004042031807415,4006.0,10622.0,18.2,379869367.0,65215899.0,445085266.0
879.7306358232387,1914.4473132539629,1125.7457220689575,562.9967798516162,1.0278729082700233,0.0,72496.6,27.8,244346943.0,84563883.0,328910826.0
1249.8602621656798,1214.683700467154,1310.0405891923392,145.69759896572708,1.4964693567802017,80251.4,0.0,17.89,403798243.0,89275625.0,493073868.0
1609.7102626803298,1514.6227035480363,602.7037017285659,387.8020348178458,1.332724963664325,6.2,2246.7,25.48,327655060.0,116920590.0,444575650.0
1366.5252621338184,2548.5958185621325,1777.9983909030786,456.2952263104093,1.3017126890685988,0.0,132265.6,30.64,297619652.0,179812871.0,477432523.0
920.5440860913253,2316.2960235751516,949.6472739258943,776.6636273378931,0.9031560739702399,0.0,288714.2,33.71,197114197.0,103197231.0,300311428.0
449.75734282169515,1076.0685793425778,1890.7890125022325,507.0462129669179,1.1186111279988848,0.0,0.0,14.33,315455331.0,54648882.0,370104212.0
842.9907610545058,1640.1148888601067,1735.660780227942,962.3358656801379,1.4064987838441385,0.0,0.0,18.68,378865711.0,85178055.0,464043766.0
1754.8543517285075,722.4248527683242,537.3561435245107,596.0491805580991,1.2936824480647866,0.0,0.0,21.45,335014245.0,113290088.0,448304333.0
422.64070363507955,2709.003198069858,399.9271058391736,263.0106465894142,1.0840773227889664,0.0,267871.1,26.58,262048843.0,86009540.0,348058383.0
1763.892103382311,2657.4645456413064,1061.3708714483628,819.7492981348952,1.3877569484015542,0.0,139642.0,32.81,307975501.0,201159964.0,509135465.0
812.8020050530882,2836.617353579334,412.48554400331506,503.2288499555093,0.9709450382332022,0.0,452767.0,33.38,212975496.0,103576533.0,316552029.0
889.8665024577729,1888.9277442549019,159.83671583214056,462.6127617317499,1.2910023257760799,0.0,12525.2,22.59,329579097.0,56313959.0,385893056.0
1280.3739694427784,197.3046130445369,190.67937181640215,351.35624595514105,1.4056114337496632,2712.2,0.0,12.05,409096182.0,59504984.0,468601166.0
1813.4413708539507,1123.8947170397714,1437.784170482913,577.3905923516431,1.4900533552556596,79.9,0.0,21.78,386762099.0,144718838.0,531480936.0
197.33255712400722,1988.8070943321252,1185.0752977425077,307.6685709511161,0.9281719484948825,0.0,109140.0,22.51,236798701.0,72932654.0,309731355.0
108.63795690911726,1646.6335367483166,1384.9475788878383,700.1757858031275,1.0085819098330946,0.0,15067.7,17.43,274206186.0,61714861.0,335921047.0
1788.8719139970644,1369.099606270174,1928.7358039448357,118.15963442563682,1.401872819181289,26917.7,0.0,24.7,347281727.0,164544372.0,511826098.0
1893.8850495167585,2986.312159901745,1617.682282399368,361.31001540494503,1.3280058640325838,9.1,294640.7,36.49,278068239.0,245561955.0,523630193.0
1207.9375901335613,1540.8592470953229,1986.2233921073596,290.4547181451199,1.1478864133126705,0.0,6441.9,25.67,280925539.0,121152322.0,402077862.0
1882.4652628499748,1049.1000531194752,305.36228425707554,309.9997496694851,1.3555870062610746,412.6,0.0,23.98,340107790.0,118355442.0,458463232.0
1792.7956102292246,415.4353050691708,1243.4253621496532,567.286905594743,1.301278671308019,0.0,0.0,19.3,346234797.0,137197018.0,483431815.0
1399.1525337993696,3482.866917067498,693.0584168534785,299.7669217357788,1.2487351714930952,0.0,536882.9,35.8,264086703.0,197866853.0,461953556.0
895.3374875126098,1719.7280084946592,138.5539870089856,148.24217695359297,1.4612249619557172,63054.9,376.3,18.94,389767785.0,47799869.0,437567654.0
142.38767673220383,2142.2285014306535,1509.1500580357804,11.863528440827498,1.0336488887600308,0.0,98589.8,21.21,268164323.0,89919223.0,358083546.0
786.1951843209714,1839.7473328592666,683.1905895113208,648.99925814905,1.0358385103504277,0.0,51469.1,26.05,252182049.0,59435207.0,311617256.0
53.13192245450461,5.702914470262562,691.0240238992684,361.66279919424716,1.4691624704319264,23662.2,0.0,0.46,488680113.0,19972451.0,508652564.0
93.36778560469268,1924.1361682907072,1155.6266285276927,699.2750118977195,1.2832407600843962,0.0,6187.7,15.81,356740734.0,68869515.0,425610249.0
16.97084441442084,2293.6433544747124,644.7758793994642,772.8689613478019,1.0130192316814195,0.0,147434.6,21.1,263144291.0,72456766.0,335601058.0
1493.2887843724188,2270.548061291291,1304.5817706549499,175.94768708755427,1.3015044007994774,2062.7,72190.7,30.21,299318009.0,164012578.0,463330587.0
1536.5999820183924,1776.5592482932343,680.7313659750904,166.5548492881759,1.0739763150664443,0.0,52665.5,32.69,237991838.0,125441768.0,363433605.0
1592.5821357135062,1486.1246301029084,1405.4264839865152,740.0913249984867,1.3045021344745737,0.0,1606.0,25.66,319700400.0,137126161.0,456826561.0
1404.3276133789475,2217.2337817035673,1036.843957427427,197.81668687026976,1.40568203215311,12830.1,35205.1,27.17,337821996.0,145420672.0,483242668.0
2010.4907996366362,1693.3371581286037,1866.4775117693116,997.9945377232834,1.1917175475514923,0.0,27303.6,33.67,260299621.0,199290482.0,459590102.0
1510.2809542686834,2336.958927849397,474.52963200149446,47.08944375431878,1.1720131867046741,446.8,146341.4,33.51,256550877.0,144887578.0,401438455.0
1641.3224195712276,1180.2388255636,1568.8774423863688,654.8016819629555,1.3173248110905524,0.0,0.0,23.54,332187523.0,132631844.0,464819367.0
595.7697522668581,1706.2719997202603,363.40760005043427,246.5805280797264,0.9539100258554492,0.0,46023.6,24.63,236714111.0,35151658.0,271865769.0
264.3225521275938,764.1639298438865,1160.4684227516739,441.2111195476398,1.0601637075393373,0.0,0.0,10.13,313656070.0,33540655.0,347196725.0
1795.4194517816818,1906.2861195714097,1846.2189472715872,634.9649622775677,0.90947255791723,0.0,189219.4,41.54,175081496.0,189443638.0,364525134.0
1904.5968157677244,3112.5919085213995,1270.5424455617983,534.773555730818,1.171755643991151,0.0,489152.3,40.53,229458591.0,242788616.0,472247206.0
1005.334553423844,2792.2709262577296,1026.2832047173715,176.02469870244065,0.9349065403037956,0.0,487428.5,36.14,196562041.0,136873248.0,333435289.0
263.0983860573785,912.7312250797116,735.4682428794133,892.4160121752087,1.0434523393198007,0.0,0.0,11.71,303307038.0,21257008.0,324564046.0
666.362993435285,809.5427784821891,1091.4836374122667,617.0866962944868,1.2192765191382964,0.0,0.0,13.04,349315853.0,31546809.0,380862662.0
1984.6211177873204,3613.222204084471,1674.7919796111266,805.2961448903022,1.1196316660497652,0.0,819175.8,44.15,205909470.0,286718475.0,492627945.0
1208.8486103477667,1275.8448807844532,1568.7116923474787,171.831139091836,1.0300030285767858,0.0,3673.2,26.08,250692359.0,96006749.0,346699108.0
80.67713776459395,2210.4510142169124,1377.076517577914,3.362286231378797,1.2064714583965503,11990.3,49099.3,18.63,322720863.0,89490331.0,412211194.0
785.7834127511786,2876.3422380021266,77.78149199728679,48.56568881807854,1.272125459235528,11474.6,221792.0,27.74,302329308.0,93383546.0,395712853.0
1233.567011798808,3016.8567834827772,1184.5337783147222,949.3708285915013,1.0886307853406532,0.0,460160.5,35.86,229896617.0,173653307.0,403549924.0
829.6661323540085,3548.959039405587,215.04848674355625,795.9048531962795,0.9069412287962642,0.0,919283.8,37.56,186427356.0,134805264.0,321232620.0
1014.3801250059895,556.8504846482883,1197.72340745613,798.169969707828,0.9198253814104124,0.0,0.0,18.95,245430720.0,64076470.0,309507190.0
341.46613494378886,1243.675683617706,511.59793171134794,383.2198898062551,1.471120979890471,10415.8,0.0,11.18,435429259.0,16459115.0,451888374.0
211.0147757129014,1536.5140544567528,914.1827432151657,280.3420518291627,1.067103934612542,0.0,3512.9,16.69,292693374.0,42639219.0,335332593.0
1490.2582572473336,2242.773148823067,1625.6640394663061,405.07322247805223,1.2640266161878038,0.0,78814.0,30.79,288243724.0,171633698.0,459877422.0
1863.1312733231887,3090.322352330479,1840.046784999918,268.97502252822494,1.4912527107192721,14976.3,214700.9,33.61,327434734.0,254318059.0,581752793.0
1702.1729737579035,2885.152335929931,1335.1572019173186,983.2679733720654,1.1649379368278883,0.0,371600.9,38.01,237799877.0,214688769.0,452488646.0
1546.1094504296263,2536.684975398333,1464.1778128941312,751.4648141692567,1.0144535346727281,0.0,340651.5,38.78,204503949.0,186715562.0,391219511.0
727.7723143295088,1423.882004848035,1495.999627959924,716.2479757193043,1.4000197231414315,0.0,0.0,16.26,388410407.0,56884085.0,445294492.0
1644.062444201351,2163.602982183561,279.89697297488505,635.4552592323652,1.4322355701824874,0.0,30453.9,28.29,339946935.0,142991913.0,482938848.0
1341.0185476675897,3251.1239357372024,1998.1060362737987,359.2022330235329,1.3339738166087105,113.6,352966.2,32.94,295069444.0,218714148.0,513783592.0
1125.8137489720536,1651.547636570641,479.7341573849223,245.91459599593102,1.0109833720559827,0.0,36546.3,28.94,236534001.0,75533311.0,312067312.0
1316.6431110502929,515.6527408144641,862.7729396341015,523.3332392721941,1.162940686313382,0.0,0.0,17.67,315218288.0,82275694.0,397493981.0
1782.528035593116,1608.7047760517128,165.6641859286052,992.1995411726473,1.4069901546361276,0.0,3599.2,26.23,343152019.0,124902121.0,468054140.0
1376.1906670715096,2745.454743535245,256.3813995096882,765.9147941031747,1.024649365027257,0.0,410311.1,37.67,210280078.0,146502909.0,356782987.0
1019.5152301617394,646.0775252471494,1507.5699286643835,245.9338805124469,1.0519250510950156,0.0,0.0,17.48,285781216.0,73505520.0,359286735.0
227.72859837452356,2615.8014387788544,591.6892615617558,518.2800132019673,1.0993461344202236,0.0,211427.3,23.91,275399729.0,86922956.0,362322684.0
1615.2521246443564,822.1356730732246,1881.6690000927833,321.33997488970766,0.9623109727744504,0.0,0.0,28.18,227579014.0,139267683.0,366846697.0
501.03641041913414,268.405572513846,937.4774619848496,250.25122072346895,1.4316276266669257,29058.6,0.0,5.97,446001586.0,27095617.0,473097203.0
1078.2131731590052,847.1274688873093,902.5406598098829,195.9942721404243,1.007237625554951,0.0,0.0,20.93,262182135.0,61432741.0,323614876.0
626.8687402282308,393.13431711127674,377.2950738217813,938.0468729954218,1.3000815808184771,0.0,0.0,8.66,391991111.0,10904841.0,402895952.0
1920.499053308399,932.3543975280551,1714.0266716018475,362.27280685398387,0.9865169886734914,0.0,3486.6,32.18,220309945.0,162577795.0,382887740.0
1677.8143035087505,216.52997866178302,809.7056778699325,819.3146685116435,1.2703109552679055,0.0,0.0,17.15,346885671.0,114055686.0,460941357.0
1080.1669749083603,1283.691135057998,150.11166077604042,990.9719860358988,1.004864236035029,0.0,4636.7,25.3,247121063.0,43525734.0,290646797.0
532.3181703250514,856.3742178554625,1815.8828133714062,763.6883927235303,1.1743978796636019,0.0,0.0,12.6,337984234.0,52483891.0,390468126.0
1992.0570257896263,191.6036722547835,1787.3407624433041,60.42733568815917,1.1346784175607383,0.0,0.0,22.21,290568642.0,171297148.0,461865790.0
112.60017141498103,3626.2574400803974,1828.7790050012034,584.7989552462311,1.0307067443989473,0.0,717443.0,28.05,244176000.0,172864208.0,417040208.0
577.0815570367233,1631.8424187873468,645.5603649846915,21.313905434940715,1.2937536048702807,31323.2,199.5,17.84,348828682.0,39609958.0,388438640.0
1278.9971800345331,3282.647852684392,953.7080802109008,344.70896179838786,1.2069103097506602,0.0,472985.8,34.86,258917896.0,184373192.0,443291088.0
405.93905601782564,2270.7114771239744,1540.0657655803232,153.46171337569214,1.0910299305811975,0.0,116080.6,23.9,273378973.0,97194098.0,370573071.0
1809.3650419789412,1835.0802475407734,1063.6732933550934,722.4081970533516,1.2467356891327959,0.0,29214.6,31.42,281660085.0,164575721.0,446235806.0
145.07381643391295,2918.3810140628198,1845.6720744969355,53.277232990812216,0.9727498538745306,0.0,430153.4,26.41,235692062.0,138194563.0,373886624.0
1463.6182966025967,2194.2403750277276,765.0339979434917,539.2486489403714,1.3220031408006352,0.0,52473.8,29.08,309235825.0,141891493.0,451127318.0
1051.8334230217376,508.8836184274067,178.87205826658038,438.8587351883817,1.4537308547093002,1956.8,0.0,11.96,424880892.0,38083554.0,462964446.0
1162.9695792672096,1300.338850534792,1817.412339042071,388.6321561789381,1.205487888560625,0.0,0.0,22.08,309341487.0,100179602.0,409521089.0
242.9011043608837,2676.7654322353537,1400.6059142874312,794.243992859329,1.095114788056658,0.0,236339.9,24.45,272419109.0,113330702.0,385749810.0
909.17096175301,611.08041284373,1929.0097521929988,86.07734740788264,1.2894079822048843,13859.5,0.0,12.99,369203228.0,75508307.0,444711535.0
1470.4616676684132,572.5833993530562,730.6464116609797,43.12656676248328,1.2339649545519846,6094.2,0.0,18.58,330621827.0,92644828.0,423266655.0
2074.4460277872563,1560.4823932644367,1980.0164407458728,126.22542380896252,1.1354726059606775,0.0,25291.0,34.85,243594499.0,201872716.0,445467215.0
1880.5969625510638,3182.4045984166237,647.1831557395684,678.6105837683316,1.4316961029346744,0.0,291588.9,35.14,307135985.0,226025522.0,533161507.0
1598.9395169294799,2281.36859486649,305.1512291200451,73.00269257056347,1.2687733078899366,4808.5,90877.5,31.87,284545935.0,145408803.0,429954738.0
1043.0747629617904,864.0730748252882,585.5395899180494,392.08717720141004,1.1973125112735035,0.0,0.0,17.41,325662225.0,49029455.0,374691679.0
813.6899505493401,1405.8687696720588,231.46562262270587,865.5904182553433,1.2654924490668567,0.0,0.0,18.64,339413134.0,27365884.0,366779019.0
304.62305489519474,1538.6640824469068,833.431824059091,600.6208784891227,1.265321770709599,0.0,0.0,14.99,354784702.0,40412086.0,395196788.0
1345.2881556028046,2533.388098158021,206.70809225803288,304.9222005728121,0.9104086915036035,0.0,422070.7,39.51,181319963.0,131684171.0,313004134.0
947.9275526875984,1558.831182523943,1468.6538603589574,167.11694660786114,1.2788966742753065,2263.3,0.0,20.87,333472797.0,83102923.0,416575720.0
639.4574026843673,1386.356803559208,1438.5737247429083,71.54804857357533,1.1056697333586976,0.0,0.0,19.32,293719221.0,50337709.0,344056930.0
815.9089348411742,2598.1700020215576,398.4488301414013,947.412993690463,1.498657171676495,0.0,55037.5,23.28,383142554.0,91614514.0,474757069.0
1707.4276436098153,1087.956380312607,1327.7333081457093,83.14803169793305,1.4227675894239065,49861.6,0.0,21.69,365655075.0,131759557.0,497414633.0
1075.8451365776707,640.4741737408223,654.8331191234051,800.7427444879747,1.4221360604562279,0.0,0.0,13.35,408385290.0,54054904.0,462440194.0
1083.6024117582729,1743.5307461277437,1501.4694931065187,826.1896225185549,1.3589080874374924,0.0,2001.8,22.15,349460405.0,105739209.0,455199614.0
801.532484738323,2330.1905146418294,1714.7198165418554,151.7606340474196,1.132882011068978,0.0,128601.0,27.49,270482731.0,115022562.0,385505293.0
118.05037287992691,1484.2245470452617,1544.5641678372979,197.02844342558745,1.2251322906746303,583.3,0.0,13.26,350210572.0,58261887.0,408472459.0
76.28125418450958,3258.4694663559194,1640.0093898009027,524.4091917870659,1.32347219758317,0.0,281543.2,22.74,338164800.0,149141437.0,487306236.0
216.66520375157083,3068.110471922455,1430.5230621435428,119.9673967250805,1.4884135710712665,147913.0,135719.3,21.24,383098294.0,133632212.0,516730506.0
46.97597617044132,2281.494431211768,343.50999348163344,719.2576492195367,0.9422437523812675,0.0,187437.1,22.41,240683897.0,63145976.0,303829873.0
169.0953407278971,1692.63901824417,1988.018930803826,276.5162397706512,1.2675168964539136,361.9,0.0,14.93,355706254.0,81430185.0,437136439.0
1081.279070070281,3056.8941830310882,577.1792154103204,554.9443807114862,1.4703741090631084,231.0,178304.5,27.94,351863358.0,144040890.0,495904248.0
693.44141038068,1595.0422601559571,1777.626629007343,332.49885723445783,1.1284042587802894,0.0,5130.7,21.28,292466879.0,70501971.0,362968850.0
634.0877165100009,2938.5988924300145,1860.7739408755597,631.0988806669056,1.2741780787557915,0.0,231698.9,26.7,307868623.0,139635203.0,447503826.0
813.1575471019701,45.31601094453292,347.8751976471466,147.43835459023447,0.9695292016878221,0.0,0.0,10.27,286402099.0,20953167.0,307355266.0
1363.6886539713291,494.9466971168854,171.26790507343847,382.5815065618582,1.049413597780739,0.0,0.0,19.91,276692527.0,66628737.0,343321263.0
304.11923765081445,530.4441882776018,512.4114135655316,536.8497633760414,1.3548573600547509,0.0,0.0,6.54,419393409.0,14810066.0,434203475.0
1778.0393011807107,2727.646794552026,1256.4265194083414,907.6245775194832,1.2118420816405504,0.0,273869.7,36.94,251661060.0,211588230.0,463249290.0
1320.5490131799465,1494.1825977046822,654.7684017614921,331.7117794612534,0.9889903690273757,0.0,25256.5,30.43,226539516.0,90738495.0,317278011.0
1660.9061016549801,200.98614613076396,1349.37048752904,864.4601928370358,1.1984570081912203,0.0,0.0,17.88,324096910.0,128093867.0,452190776.0
146.3686301396322,1555.155385741914,686.4532057646998,985.5393192994308,1.3147591209713667,0.0,0.0,13.15,377566001.0,36983078.0,414549078.0
1504.035193068298,1872.4517158328986,1418.828508884193,722.5709767221682,0.9398153284476629,0.0,134109.4,36.92,195186895.0,148533705.0,343720600.0
464.1346035351087,47.072226206856385,1019.6148118571438,875.7998548360265,1.2657327208171971,0.0,0.0,4.66,398105282.0,29469607.0,427574889.0
1042.932695479074,3361.256026826623,344.4370220435078,74.60430815768571,1.4503834418458306,76506.3,288741.5,29.19,336103880.0,148893670.0,484997549.0
1882.2999590057257,2479.1901249530065,491.95832419210393,969.7640247043707,1.359207811082296,0.0,112720.1,33.45,298539691.0,186769832.0,485309523.0
1405.0702067740351,809.1681061760754,1026.1783432662312,822.5762412969998,1.4161561348393716,0.0,0.0,17.32,387562940.0,95154905.0,482717845.0
1170.5817914456438,1897.741652700929,1395.367656615281,528.2488443124729,1.1506086228393966,0.0,40246.0,27.98,272840861.0,118354552.0,391195413.0
178.0986388198504,457.5603228475558,1520.5509364013349,24.664064624268068,0.9313830154785652,0.0,0.0,7.15,284690796.0,43948007.0,328638803.0
1886.1818603101806,2555.509521840506,8.425443828292245,312.04337435487275,1.3579910763573269,407.8,133573.7,33.88,296285302.0,176943027.0,473228329.0
870.697667952578,1701.7360969749454,917.5981220921108,202.13440325904065,1.3328348627389566,4884.1,1223.1,20.41,349965727.0,67150005.0,417115732.0
214.76819913705572,1841.321513134416,339.91165491872357,46.532809577156,0.985946330668301,0.0,51196.9,20.62,257676831.0,41180029.0,298856860.0
1812.5633422099816,639.4160231530741,556.738418024701,138.09478822040623,1.3413270609946553,10766.8,0.0,20.57,350937565.0,119173261.0,470110825.0
928.7615137298056,3425.3951902816075,1328.6491644958048,531.3892204867717,1.2939785589769008,0.0,427643.3,30.88,294870093.0,169994683.0,464864776.0
84.28692399214977,3450.8967442671465,1912.859220834496,276.13986855552963,1.2769772896458802,567.1,390066.2,24.12,319735576.0,166584761.0,486320337.0
420.99328403163855,1987.3226143996658,1541.5784782487867,939.8217248053921,1.1035301539594031,0.0,47479.8,21.97,283514544.0,83162824.0,366677368.0
1445.9584734441578,2600.6304250802614,442.29760232948246,629.0321314933922,1.293252773512666,0.0,156517.2,31.74,291011562.0,151118695.0,442130256.0
1593.0986817314815,3629.808544559957,80.46473885296112,202.30504367755807,0.9870470591518444,0.0,958518.4,43.89,182322829.0,205348602.0,387671431.0
321.9949992971647,1648.922638057733,1757.0731132258747,448.72326906775504,1.301088238700648,0.0,0.0,15.58,362669874.0,72583981.0,435253854.0
785.0007121755068,1160.377834579348,1668.4703696580846,655.5475101184196,1.1105371728495217,0.0,0.0,18.73,297131813.0,56524779.0,353656592.0
1906.0241447003389,1809.5969813770503,376.549494598577,483.22186246768115,1.3048196627600854,0.0,21169.0,30.77,297808163.0,152365988.0,450174151.0
765.4297485990984,3062.938592679678,1066.2879612122017,467.7647799344663,1.4152268539582313,343.5,194463.8,26.33,345524052.0,129344282.0,474868333.0
965.183626481929,1504.308814918464,207.43279066699193,362.49187885696523,1.138228980337849,0.0,4621.5,23.1,288196657.0,45533968.0,333730626.0
376.5975355830612,2133.798222218799,287.6841411006954,223.689788603891,1.2366551914350845,324.8,37369.0,20.47,324104272.0,54196872.0,378301144.0
560.8307324510768,2321.995965765923,1381.026265841409,301.2904106066503,0.9524326088980319,0.0,225019.1,28.43,224451864.0,95144561.0,319596425.0
1020.5070735332947,337.22126493329625,1030.4713630477363,726.2178421289601,1.272197874882482,0.0,0.0,12.03,368982938.0,59807575.0,428790513.0
934.6380319270567,3433.4665288680976,203.49446616434096,880.0015069119312,1.3800773235847217,0.0,361663.5,29.65,321063775.0,138417606.0,459481380.0
875.1549400601588,554.9078339995933,311.7335715552825,921.8057607427972,1.040222798566956,0.0,0.0,15.18,290489578.0,25627104.0,316116682.0
1822.5312511546229,1826.9616483469488,923.4692734547332,619.5112675838207,1.0290234497359398,0.0,92314.6,37.39,212118197.0,161334651.0,373452848.0
893.1528554144619,3406.6985128618953,476.5138579574997,921.5835588797518,1.4965258179655072,0.0,264436.5,27.63,360627695.0,141152602.0,501780297.0
108.22648713741076,1928.9062150066786,343.63859938737716,621.7142559566773,1.4937255859289253,369.6,28.0,13.78,431383408.0,45637792.0,477021200.0
1869.996666946959,3357.199915631063,426.6996266241987,542.3195988893015,1.0408986098369704,0.0,764456.5,44.37,190627840.0,227356714.0,417984553.0
1875.3005152994028,693.8889948595149,307.9178248183996,12.162631714018769,1.0091687160519731,0.0,171.9,28.6,237209260.0,117768441.0,354977701.0
395.65553569170095,281.2893807179703,1735.482206826318,779.997808696124,1.052688898408354,0.0,0.0,7.07,322063840.0,50160098.0,372223938.0
1633.0923114038574,1532.4573048723778,1551.040618696369,323.00765183517353,1.2387925358927263,0.0,5586.4,27.74,294869922.0,147372578.0,442242500.0
795.6579799744414,681.263215795193,1171.2657680040015,750.830799977851,1.3518642747564893,0.0,0.0,11.93,393587410.0,43137237.0,436724648.0
742.8634371956227,1882.9237193131557,1527.5571971701727,54.497594522590845,0.9431329999805163,0.0,95168.4,27.97,223669587.0,81987257.0,305656845.0
784.4244128417812,811.2019117351495,749.2920391004408,93.75307985962355,1.2552048184051725,6486.4,0.0,13.78,356353953.0,29904899.0,386258852.0
1400.578954998229,2874.3810436548797,1301.0458761506538,396.3813950060758,1.4609569348907145,2486.5,144375.3,29.71,340322618.0,185349397.0,525672015.0
1514.40225341836,1915.4829223511954,413.7008166711844,648.9749867362157,1.2550323150515736,0.0,30452.4,29.09,293177057.0,122576272.0,415753329.0
1424.7430477847845,2835.4828980691336,1830.099237956448,949.0565913581459,1.2781113012753578,0.0,240677.2,32.96,282370506.0,200937369.0,483307876.0
2014.0183345457208,3308.46330837206,5.2287140304421165,637.6174662460078,1.0070816459004381,0.0,802686.9,46.59,177080422.0,226038783.0,403119205.0
615.4766845459692,1079.9257250401874,966.2592792742148,10.86617799336642,1.0414778448147939,0.0,0.0,17.29,283586542.0,27927489.0,311514031.0
60.71719526125938,2361.5275935608333,1778.5751573856662,997.7886598319321,1.1691341350692586,0.0,92104.6,19.88,308536963.0,108598198.0,417135162.0
542.3942149633085,3096.7660561324133,226.31703508094557,974.2389810561408,1.3289024728309213,0.0,247740.8,25.84,325528953.0,100250652.0,425779604.0
1050.7037772910585,350.84145048696706,36.39187141954281,544.5321974819392,1.1483103044640128,0.0,0.0,13.75,326083960.0,33861297.0,359945258.0
1756.9554707448465,2331.568891287176,863.7926929913901,226.00706010119387,1.1882533252872036,0.0,149292.9,35.41,252743691.0,178623433.0,431367124.0
339.8430712691365,2421.255964777663,1211.45814493152,810.0713681262029,1.1697175633453658,0.0,117109.8,22.91,296980831.0,95173506.0,392154337.0
580.982191362398,3036.1151540257924,1381.9941629197695,706.70916405935,1.2168507428438073,0.0,304912.1,27.52,290543395.0,130640494.0,421183889.0
1826.4154120391302,826.8541321216752,803.3840507058412,796.2325716648237,0.9797765411812087,0.0,1239.4,30.23,225082405.0,127579672.0,352662077.0
1684.9082929388076,1279.9206512529502,251.00739806073392,79.14948553522905,1.4058172312522406,41997.3,31.6,23.13,354813128.0,102034871.0,456848000.0
1623.4134126294502,1045.5900837639447,232.7243784749564,247.23442603771807,1.0277925814162054,0.0,2456.0,28.62,241528570.0,92361537.0,333890107.0
1528.4210337782333,782.4939962156105,432.19704353525026,32.26813249885541,1.2581158129857108,10226.1,0.0,20.43,329264156.0,89364907.0,418629063.0
1436.5223581139837,2372.1704022815447,1137.198312312157,966.0749488408352,1.183643107306253,0.0,146037.5,32.76,262096613.0,158985962.0,421082574.0
1793.3846194327746,2345.01597466974,168.323881375672,810.0884609760892,1.250633125013891,0.0,123366.5,34.34,270500505.0,162550547.0,433051052.0
1362.600999693531,654.2255913145824,874.9801882847148,880.5824743742842,1.0292587158517892,0.0,0.0,21.84,264847823.0,86867589.0,351715411.0
0.26043013004877824,934.7566249864344,975.084898352824,821.2780433019213,1.2859745403440106,0.0,0.0,7.28,394020908.0,28182573.0,422203481.0
1916.2473327757116,1653.6988868092535,781.6304459140746,231.41821659571326,1.0308374907234625,0.0,57951.4,37.11,213444038.0,157273937.0,370717975.0
1534.789135261806,291.7036166544721,485.4271696660173,885.8952595401297,1.2461524908597919,0.0,0.0,16.74,341858772.0,91490783.0,433349555.0
97.13516490747276,2556.445825437121,1013.3647355062327,854.5217274980156,1.3094603235247577,0.0,84661.8,19.63,347856106.0,96162511.0,444018617.0
9.271135933689292,746.8328864449619,515.92740112989,702.23228916165,1.2055885066020566,0.0,0.0,6.29,372307839.0,14911688.0,387219527.0
1558.4280314350751,1861.707931583969,654.769221393202,103.66064670868936,1.0215732592012419,0.0,91102.3,35.0,218629507.0,130933828.0,349563334.0
835.6264675207464,2001.7791386998565,1877.2748063812453,239.72017706650118,1.2996509636680103,952.4,17949.1,22.77,330976055.0,106554489.0,437530544.0
318.058225463534,2590.923832578073,22.681754287958043,655.9199499296157,0.9979305940287146,0.0,280467.3,26.31,242099068.0,69241521.0,311340589.0
375.97647070401666,2028.8347089319154,750.8230918174248,471.30515055083623,1.0853333295337548,0.0,60132.8,22.1,278377849.0,62369639.0,340747487.0
1987.978798266558,1055.0816432972563,1084.0948494709999,854.3555555408452,1.2985084873564927,0.0,0.0,26.03,316598215.0,150595283.0,467193498.0
672.9899344568876,2005.3451606215544,165.98225246545485,545.6864027076922,1.1588334530121251,0.0,43284.1,23.66,291283999.0,44299518.0,335583518.0
1580.291779248131,3077.887320576845,399.2330432948781,81.53590546076306,1.1343341887469014,0.0,477828.3,38.34,230284457.0,185968459.0,416252917.0
1113.7036010981406,1367.7910723835319,1257.1223419961602,505.6512797190751,1.4619756207990537,422.5,0.0,18.27,396663555.0,82791642.0,479455196.0
853.5804921213515,299.45384780335417,603.8700422829542,605.8938623632445,1.0536150591642517,0.0,0.0,12.32,304150434.0,32080645.0,336231078.0
560.8409220147465,1232.6481170011336,1492.2835598181102,940.1332342939614,1.110225980308668,0.0,0.0,17.02,303265923.0,44255861.0,347521784.0
407.5925629006256,1526.912136366584,703.6793859592523,990.0249141231759,1.1783209551107956,0.0,289.0,17.02,322037271.0,36078211.0,358115482.0
1416.3057906127365,3317.050681920817,1258.1231547277669,249.3784749198539,1.2644460571999683,110.2,446834.2,35.07,270503901.0,207545379.0,478049280.0
837.912160695767,1533.1300260628695,1958.64916274081,278.5910135948526,1.1813610878869865,0.0,907.5,21.28,306280608.0,85840991.0,392121598.0
333.3227902828326,648.1154412283242,1206.9688481716678,751.0157081527146,1.2818759241701072,0.0,0.0,8.1,388826303.0,34884642.0,423710945.0
686.5571356276942,216.4139664110218,940.5277242973842,504.269653093964,1.3623909647758912,0.0,0.0,7.48,417101859.0,27183778.0,444285637.0
1335.0037373787256,3162.668818191582,1565.9657573901834,365.8777838109468,1.279332854114819,0.0,360765.7,33.53,280246320.0,201276062.0,481522382.0
1558.092413913939,3473.475740097064,844.7043252444917,648.281992311136,1.1355983011689805,0.0,670744.9,39.49,226235624.0,216443726.0,442679350.0
1538.371752943506,3310.535211857323,1838.4520314391502,157.08751738751005,1.0224579585725273,0.0,718542.0,41.47,197046982.0,235253985.0,432300967.0
1574.0279048967302,2290.5658859709188,1810.2145737099095,313.8005594155354,1.4088124866877578,2571.1,47715.3,28.93,330884198.0,187068174.0,517952372.0
1425.6726618113478,709.5064058684561,252.98873799127853,702.7236020086076,0.9950769076345608,0.0,0.0,23.89,249345276.0,74707981.0,324053257.0
1656.176047864464,2022.2549956621617,953.7341249255795,275.5290359214196,1.490307356954916,17867.3,12056.3,26.48,362600042.0,156564663.0,519164705.0
1505.7184262484477,2824.3710392085036,1537.4218553306764,584.0155771765966,1.4638193051753268,18.0,133909.6,30.23,338528328.0,199395340.0,537923668.0
1217.2678345528811,1887.7654739280624,547.4208848457345,281.7359198416735,1.3421303435892262,1004.3,11578.7,24.58,334079790.0,97657364.0,431737154.0
697.9900741185775,2645.2200048824407,1905.41351762965,439.3074367787588,0.9583953857277852,0.0,365256.4,31.52,216100016.0,126630038.0,342730055.0
1389.7494135718744,34.56860505461283,1574.0070425445936,525.6531170387184,1.1938393224051929,0.0,0.0,13.9,338509163.0,109575463.0,448084626.0
1187.286904804478,1874.5630144830188,647.5545435920453,281.5089096792419,1.1491784763743371,0.0,38320.6,28.01,272403647.0,97130386.0,369534033.0
1865.8858527939567,491.39476902987013,649.5291933731667,192.3004279494044,1.156282186042429,0.0,0.0,23.12,292670306.0,126773536.0,419443842.0
278.3442038718119,2761.6880784651025,206.93478516914942,665.2620936172707,1.0606261949214142,0.0,297088.7,25.74,259307832.0,83048229.0,342356061.0
984.5161434482268,725.9563010346753,1460.4473589514382,948.2759892683243,1.0330471724357975,0.0,0.0,18.18,278279599.0,68915298.0,347194897.0
1987.324438081247,1180.7438976715055,1115.6943341038032,701.5899510855761,1.0195611696391162,0.0,10933.1,34.25,220714674.0,151448236.0,372162910.0
927.3328095470287,246.21375481050183,1394.10755205604,416.61611972447844,1.4349867195837547,2284.0,0.0,9.27,431998950.0,61723412.0,493722362.0
571.2730876749927,3352.672807295855,282.07968936569006,606.9664660138833,1.0846849079233074,0.0,563340.0,30.8,247124932.0,114572391.0,361697323.0
379.0146588376042,340.9919333405707,1311.28511765738,233.16793325924544,1.2436886472426285,441.2,0.0,6.31,384153274.0,37899662.0,422052937.0
2042.0880371115543,1146.9414076146995,69.88855543345763,142.82261439642053,0.9715932056467025,0.0,14728.1,36.2,204061681.0,126272935.0,330334617.0
965.9461542229167,2703.081567868077,592.8887715637168,145.84277084384323,1.2844600597973561,3362.7,167992.5,28.28,303520662.0,116284127.0,419804789.0
627.9607354506705,2087.8683680034046,1867.5731193455038,291.34695492652617,1.207494968691761,0.0,41497.6,22.98,306371796.0,97578723.0,403950519.0
1682.202839921086,2510.93674836639,1502.9563495583716,772.5693748561002,1.2239496122004259,0.0,180246.3,34.82,262763439.0,199110545.0,461873983.0
1117.6894949762227,2609.569177027864,1395.2965402271113,670.0576640296852,1.1292808152855982,0.0,241931.7,32.11,252442878.0,148827945.0,401270823.0
1727.511416086168,857.4164884163281,311.4639327054245,345.16221911570153,1.0522987442429736,0.0,313.4,27.34,251710177.0,104239133.0,355949310.0
1382.735537943581,838.594799674358,1312.9796767017378,513.2227948407884,0.9914700408451558,0.0,0.0,24.77,245561578.0,101384124.0,346945702.0
538.7562106923327,1893.868227020699,1466.2106078473962,398.25164417467596,1.039699585306824,0.0,52902.8,23.68,261263009.0,76342917.0,337605927.0
615.2380659605496,345.27539706243056,50.299002180466125,973.1293119968542,0.9578459606195493,0.0,0.0,11.12,280282852.0,1453776.0,281736629.0
260.3901145557053,3161.599628839103,1327.010471438516,436.0725312453263,1.2894140434355097,0.0,280535.1,24.27,322260428.0,135283720.0,457544148.0
1949.4433570609053,360.73964051161255,487.42205435066444,860.3004034707409,1.368383607180664,0.0,0.0,19.29,364691022.0,129795397.0,494486419.0
2073.0252644467428,1139.4889987120587,1889.7727942770903,343.68883129500415,1.329055914711296,18.0,0.0,26.82,320741494.0,181726073.0,502467566.0
1840.5190457910078,619.9390057878531,411.2773100704006,580.9586480323467,1.4062948620213085,0.0,0.0,19.71,373318323.0,117547628.0,490865951.0
164.60978093810286,3088.69733941393,686.2410590901931,406.2266139725018,1.1039166574125336,0.0,388770.5,25.48,270842500.0,113142945.0,383985444.0
1900.4356011070283,474.78340549570584,1148.5489623526867,148.10808062579173,1.4571567780569048,44159.1,0.0,18.51,390780627.0,144383354.0,535163980.0
1663.6867887217666,848.7639655677126,595.5565361763071,381.51532796267753,1.143250605177262,0.0,0.0,24.44,284374072.0,106563104.0,390937176.0
1704.159860247835,2049.256079772361,855.898629783456,719.4446569363529,1.174718925806284,0.0,78818.0,33.61,256794095.0,159503950.0,416298045.0
267.3804352047881,390.18573889838797,651.9133595903435,602.8702376151721,0.9809047965889407,0.0,0.0,7.17,299779841.0,18842047.0,318621888.0
1147.0297459040944,978.6830106557027,1390.8268312165835,28.26270117637064,1.1814140588883437,1801.3,0.0,19.64,312470809.0,81893039.0,394363849.0
108.97075069467496,1199.7432242494133,31.150288573758232,469.09876057793133,1.360209521086807,131.8,0.0,9.77,406963699.0,900327.0,407864026.0
208.95877870029443,2668.8583719383187,1168.3905341846623,504.6052731360201,1.259689957368145,0.0,136871.6,21.84,324705458.0,106226336.0,430931793.0
700.3455196553728,2578.5325801788904,1559.3316838415444,778.2238655868774,1.061675873636213,0.0,251975.2,29.15,247672303.0,113532460.0,361204764.0
1363.3961152033423,537.5874844553533,990.8392271925342,2.6292600595175797,1.0161520554050048,0.0,0.0,20.98,264347636.0,90289566.0,354637202.0
1317.1656315109828,3173.9322638873596,98.05659717204863,558.5527921743301,1.2820650120630184,0.0,363192.6,33.36,281606993.0,157763608.0,439370601.0
1944.035195766026,2378.171974561192,206.06540494147674,146.74424254448047,1.2814584773321986,1409.4,125104.1,35.13,273831731.0,179183866.0,453015597.0
449.5670260513401,3369.7488738045563,1841.374401571772,948.6558601572134,1.075771564687316,0.0,568855.4,29.83,248559312.0,160488309.0,409047621.0
1494.8405580972599,2406.7404821735036,71.20756267554418,265.5650763462797,1.024060037807681,0.0,272623.2,37.36,211176059.0,135272113.0,346448173.0
773.1359346244388,3459.5849910591664,1691.2032779166766,293.42459136827694,1.218018918659594,0.0,498423.4,30.89,277294486.0,167816943.0,445111430.0
400.87486350819006,1007.0853920342558,130.00649802976903,642.6065009168366,1.2941524646977973,0.0,0.0,11.41,378491817.0,3757537.0,382249354.0
1748.2758793751796,3163.7330827409323,320.1187983874456,743.0409461629872,0.9808245796963995,0.0,718684.9,44.23,180079757.0,203440073.0,383519830.0
779.1957994900157,1871.397754759973,98.93982817415204,156.76371154545433,1.0626696599940229,0.0,49349.7,25.64,260145592.0,43475153.0,303620744.0
265.92575728728474,3390.7694681089893,576.6383761742327,501.1716645089137,1.4979205427554119,3116.3,226216.5,22.91,386075183.0,124978065.0,511053248.0
1181.4499814016435,1493.7296632212674,1859.5848118485703,222.49775536660854,1.0077004445032247,0.0,18402.7,28.33,237815629.0,112708186.0,350523815.0
1116.2347094500337,1551.1053083279462,1593.97215463093,42.01004130436725,1.270635494646732,11117.7,546.6,22.49,323922749.0,101865588.0,425788337.0
1481.7660129420724,3528.057841791,291.52640047967094,246.24321870946764,1.4594659389415452,14153.7,376416.7,32.94,323543291.0,196126103.0,519669394.0
1314.8611428326817,138.11798882990723,154.68800451155795,785.4405606276683,1.2404846990738494,0.0,0.0,13.5,353549247.0,61645772.0,415195019.0
1178.891279175352,3193.9122852199657,482.19583874245654,160.43098182202,1.2682835685732483,1350.6,371767.0,32.52,281938068.0,157104429.0,439042497.0
1839.8521586083468,962.8598401434539,1362.588729582704,152.37903185827417,1.0031452174974893,0.0,2923.5,31.01,227852821.0,144981571.0,372834391.0
1879.6484706438075,428.21293151014254,48.691073310389356,774.9404481107842,1.1175057291151083,0.0,0.0,23.5,281455646.0,110677139.0,392132785.0
827.0330813414429,2903.4828880167497,359.87158315469634,650.3269415210357,1.0881169973025808,0.0,373950.7,31.43,245646186.0,106689489.0,352335675.0
217.39974044867003,2495.610657761419,637.3282691018723,866.6041042800707,1.4514213901391404,0.0,37658.6,18.65,393622953.0,82272564.0,475895517.0
1770.2729236051866,1170.1368431907267,473.16524871931233,892.8006424077997,1.1717681903258768,0.0,1516.8,27.64,279162842.0,112856980.0,392019822.0
1475.6373236184627,3002.6060511206024,555.3733097356451,119.09742793479016,1.2748965380059716,2833.3,311250.0,34.15,276473795.0,177089221.0,453563015.0
1230.5508532663243,980.8262637506302,1169.4134427706845,790.357254478343,1.1100065894064766,0.0,0.0,21.81,285738496.0,83197434.0,368935930.0
505.232443959818,2631.754405402689,1571.7440333635896,954.2894378689202,0.9885514937504827,0.0,317459.2,28.73,231971389.0,116041503.0,348012891.0
1854.115652436886,2777.308684619346,1403.7998158617756,313.05362919037816,0.9133157707128925,0.0,605771.4,46.12,162025446.0,225331402.0,387356848.0
1058.2427802390373,1037.34283664315,579.6420378533824,927.1385771926534,0.9917813352319256,0.0,194.3,22.94,251609768.0,50258070.0,301867838.0
1947.8745114463047,1828.818357338986,1676.5585521218736,283.58757144191037,1.2803523984508411,10.2,25766.4,31.84,287558329.0,194754607.0,482312936.0
1160.486805083324,3354.722904586737,358.5968536848421,204.56988974247957,1.4693786396721267,29156.6,280318.9,29.78,340799833.0,159821427.0,500621260.0
204.25623433902896,2303.897362629707,121.12822643050625,76.99080812060333,1.258289245741033,10715.3,55118.5,19.7,332602612.0,57831225.0,390433838.0
1149.6022010912125,2080.0851014755417,947.3041930998858,742.3593405816048,1.4953131218189393,0.0,8743.7,22.85,383716791.0,112525595.0,496242386.0
575.0038987238914,1174.0859923532628,646.0990846864294,763.2689463058524,1.108809300674237,0.0,0.0,16.67,304199984.0,18673999.0,322873983.0
1410.9967859098265,1618.5718319533016,1215.609334046025,829.0153728048992,1.2084352125325235,0.0,9127.4,26.97,290661376.0,121469049.0,412130425.0
990.7361237653811,969.11773848725,1031.8091636395677,262.41227290960387,1.4061421234307754,9971.0,0.0,15.14,394589373.0,57100223.0,451689596.0
810.7814960064023,468.6607035608826,479.93505585272,534.5814674672562,1.4497725094978513,300.6,0.0,9.77,434720518.0,24550889.0,459271406.0
626.6707245284156,959.721920880501,813.1196696202708,967.7544782921465,1.4071318046768124,0.0,0.0,12.04,410495284.0,23501343.0,433996627.0
312.05767799073186,2227.924432173959,1583.7284066880693,768.0103413702376,1.1933072950527694,0.0,61975.1,21.12,310054109.0,96330973.0,406385082.0
1525.868439130378,2118.4193964525307,402.88996570440537,56.05364063650864,1.1216998080302023,0.0,110428.1,33.62,245152721.0,133400619.0,378553339.0
129.14281906062064,1433.8986562328384,1657.7580031415198,844.2941484035814,0.9204443528040107,0.0,8272.4,17.13,251147419.0,59033971.0,310181391.0
144.98144975729525,2431.617527956218,999.9973898843997,149.35839273039088,1.3833177706392559,40016.4,41682.8,18.46,371932763.0,89576347.0,461509110.0
451.3944992428897,283.6817945454301,1499.014276200017,608.125974631964,1.1366656432387943,0.0,0.0,7.14,347506462.0,43325539.0,390832001.0
1444.3341348886695,3308.311899949066,68.36488553329545,627.6794376753354,1.030900378209336,0.0,695911.8,40.31,202579684.0,175309426.0,377889110.0
988.5772294777853,1539.0514978466315,779.9593356690596,190.35610024746197,1.3815899618669893,13837.0,0.0,19.52,366934452.0,65964862.0,432899314.0
791.300419574255,3220.522427199422,709.3365458929817,839.7133446791534,1.2266797989148128,0.0,387619.9,29.99,282905518.0,129240363.0,412145881.0
804.0286146826667,2555.6369389907254,1573.3092492068445,482.6907902744818,1.155252257030122,0.0,186128.6,28.33,272639236.0,122362839.0,395002075.0
1203.9185532262916,2124.1430639757573,850.9584317093748,757.6628784426376,1.1398328686522847,0.0,89102.4,30.06,262485522.0,116939201.0,379424723.0
944.5015449099974,2197.30515413463,1973.6978038613292,260.686111014103,1.0391716799469148,0.0,146877.4,30.08,239240131.0,129094949.0,368335080.0
368.80995067956894,2502.6824979385246,898.1892748368155,388.6063400742747,1.022454224489321,0.0,230944.3,25.98,249164557.0,90163383.0,339327939.0
1858.0235168859604,1608.7181178572605,1215.386622972658,112.52957829252841,0.9647833300109406,0.0,69515.6,38.33,195892017.0,162206149.0,358098165.0
140.43421936943122,1333.4662734430055,945.7732043838232,244.57814944923683,1.1098065035263858,0.0,0.0,13.51,316004604.0,33467551.0,349472155.0
13.052170939559895,1274.451128898863,238.34266966169503,128.38447837388955,0.902703658536002,0.0,1874.4,14.28,254748144.0,10089820.0,264837964.0
1451.9534802457479,3380.5600997992638,1243.0911217043144,96.20205192790965,1.4937896696355024,77962.2,288596.2,31.68,334231064.0,213553296.0,547784360.0
2034.0950812775302,1699.6913644366841,215.73843681259186,720.7393096472044,1.4768809226900623,0.0,5266.0,27.58,354472524.0,154072497.0,508545020.0
1623.5886746291742,2265.856362092661,1221.6638047421543,977.9181142056289,0.9438716020918617,0.0,293100.8,40.37,185307638.0,173401631.0,358709269.0
311.8243008464555,3015.845544405043,290.226160639518,383.29648692902964,1.0688995536328503,0.0,399320.5,27.13,256455320.0,98078741.0,354534060.0
507.58223377821986,93.37068252358884,1132.5025270696224,401.2395208334609,1.2309541275822067,0.0,0.0,5.58,383075337.0,32732365.0,415807702.0
634.8996105472951,3417.5029038469734,1182.6943844830548,961.2070465322669,1.110003572555195,0.0,573854.8,31.24,251311379.0,143822474.0,395133853.0
4.773685367081558,2835.9940008136596,1654.7577091212843,58.70339720033601,1.2752215370773914,22783.4,168200.0,20.71,332419817.0,128584732.0,461004549.0
1378.2222527786507,529.013937382662,1105.0491057051624,243.19888067994367,0.9098710219227097,0.0,0.0,23.53,229069971.0,94958075.0,324028046.0
1807.5096234342057,1784.8534715520648,1563.3982018214224,722.8930322291087,1.4962231566087174,0.0,3405.8,26.04,367263259.0,176353373.0,543616632.0
913.1328471339879,1552.0087025285547,563.5111341023404,625.1472134032147,1.1916675003331705,0.0,2884.0,21.97,306234790.0,53393616.0,359628406.0
1519.4669396653794,1294.137465342381,261.68948321865184,862.4354521194541,1.3968281651788108,0.0,0.0,21.99,360258206.0,87789703.0,448047909.0
731.8353901363266,2505.9767345685573,984.8058125512235,760.9720971311001,1.1340794211987075,0.0,179302.7,27.75,269785247.0,96228077.0,366013324.0
1116.8078057907137,209.87245775503249,349.81996317616273,781.7656077751029,1.1289392893037264,0.0,0.0,13.42,321781840.0,49017527.0,370799368.0
73.19480951869552,608.5197171343664,823.1960641712291,717.913107016772,1.1180910250843386,0.0,0.0,6.22,345243579.0,23792578.0,369036156.0
1553.7122978799418,3114.7599318811526,682.2732284114252,800.3755708544253,0.9761283995581137,0.0,672062.5,42.19,185777381.0,193528779.0,379306161.0
865.8661497744101,354.1514985021811,105.05597758955143,64.5273774854469,0.9628512162489818,0.0,0.0,14.19,271993423.0,18796785.0,290790209.0
1742.4885503231912,1973.5479587902948,1894.7763755540213,538.0003013125136,1.277226799386232,0.0,37462.2,31.06,290135259.0,189305503.0,479440761.0
384.649058977928,1962.3091049003615,770.6050976066537,931.4353421403702,1.4603527294690752,0.0,1340.2,16.52,406212836.0,59637283.0,465850119.0
413.86960706717247,2251.0750360962684,1276.351605941956,562.5350794580179,0.9745978247970896,0.0,175259.0,25.91,237750184.0,88596772.0,326346957.0
1363.621939783197,2900.6795842748465,690.4520677062602,514.5517019441572,0.9697967678095668,0.0,542897.3,39.59,192899355.0,165598910.0,358498265.0
1940.4859634504528,397.6224070155216,416.7542133364941,298.47847580003497,1.395474143509213,3077.7,0.0,19.11,372892409.0,126926693.0,499819102.0
1460.8675942474101,25.462409951262185,367.1230943188211,750.1511791919017,1.1423006946004874,0.0,0.0,15.17,319027387.0,81253088.0,400280475.0
54.65521519423709,3499.0182683016897,302.46582588112415,510.46664004682765,1.048989658586906,0.0,625766.1,26.76,252924237.0,122430105.0,375354341.0
1537.6235326698747,2819.515739541656,794.4408070497861,658.4496214590318,1.4454441507278912,0.0,144324.2,30.75,331481026.0,180622914.0,512103941.0
1698.8770120570841,1506.0787150510403,882.9521077932758,886.8782740270206,0.9206236802558058,0.0,56763.5,37.2,190345525.0,132820750.0,323166274.0
47.562128274327954,747.0370898810303,1655.2432893706873,153.21318761720082,1.0711675709690116,0.0,0.0,7.5,326178120.0,47840978.0,374019097.0
1311.6082189422664,668.8014005228122,606.2326824871469,466.9127271231922,1.036865570260763,0.0,0.0,21.25,268833900.0,74396582.0,343230482.0
2069.1825310939903,593.3090428762023,1699.8742098405062,470.09983149871914,0.9774742078321131,0.0,0.0,30.82,222643638.0,175883047.0,398526685.0
247.04363768398053,1816.074683464605,707.0403429384204,234.60229911299368,1.4753634822994495,57607.2,0.0,14.28,418938371.0,50537107.0,469475478.0
966.146759220203,3371.5838623815494,327.99945212963763,183.46606723001224,1.257616614565471,675.1,440034.9,31.58,283520185.0,141848933.0,425369118.0
562.6907148560751,671.3244158688753,189.37077082662213,76.27067030716384,1.351901031248056,49672.7,0.0,9.84,400246041.0,5473324.0,405719365.0
588.3101601810675,3551.6615265067144,366.2422549582496,354.4466500238479,1.1249451716894001,0.0,620594.0,31.03,255467032.0,126888033.0,382355064.0
1042.8185728562903,3160.408204395416,1669.5404199283746,9.956330863795326,1.1455530401749576,210.4,453356.2,33.46,250978095.0,177206739.0,428184834.0
1726.2480842196135,0.7180424109580064,1067.2791444364877,259.4756213332019,1.1476611295452603,0.0,0.0,17.59,311377031.0,125967696.0,437344727.0
876.3352992473148,1422.0686198045773,1783.900244422526,536.4636089695346,1.442248034296791,178.0,0.0,16.98,397414795.0,78818303.0,476233097.0
1515.2579192650169,1274.5658576356404,987.1273630979098,389.8585382052917,1.397144566920193,388.4,0.0,21.81,361140629.0,107396516.0,468537145.0
391.1414379594593,3399.1765846094318,1160.8489885038323,611.7579539680839,1.210080840151183,0.0,447662.4,27.41,289360901.0,142280875.0,431641776.0
1156.1251546386532,2423.6617616148624,1310.0705102017193,214.14708886996425,1.2494640965238444,233.7,114322.0,29.13,291734854.0,140676508.0,432411362.0
739.3961288354027,2312.42001006445,1095.6691605358376,179.67993371249258,1.3408403505234217,8025.6,46993.7,23.29,339275029.0,90516387.0,429791416.0
952.8730379947372,2001.7328347986772,1345.285729849626,652.871773917137,1.3493572920540267,0.0,14233.5,22.98,343257540.0,101990888.0,445248428.0
431.0773542208998,400.72017846660566,1338.3591493486888,235.98494666568214,0.968762921129896,0.0,0.0,9.34,289135839.0,38682175.0,327818014.0
273.63017250761567,1135.464449755236,1983.5740960984901,157.260326687085,1.0791219373790808,0.0,0.0,13.5,307292353.0,57330620.0,364622973.0
1919.730706674268,3496.8082692011135,457.6867223030361,880.4526970506575,0.9833507667138082,0.0,933084.2,46.9,171911138.0,239773591.0,411684729.0
1587.803417561575,47.21962314995868,813.2392584819202,247.3352067173882,1.3224048084954736,1593.8,0.0,14.39,373439511.0,105855374.0,479294885.0
33.477033875560075,1687.5931929670649,1393.4580494898705,46.704873250182914,1.4384401092779835,210065.2,0.0,12.02,409566897.0,63995168.0,473562065.0
753.0965944215959,599.9149710393405,450.92899206092164,338.9059287804632,1.0190250610933753,0.0,0.0,14.53,286724081.0,18391784.0,305115866.0
1064.5567019131981,2297.5422034926623,866.8602177666494,427.0321498951223,1.3690197116212215,123.1,46012.9,25.49,337100264.0,113156486.0,450256750.0
627.6198465171905,2260.6508670832886,1785.843170086945,221.5143650960122,1.2719404380146744,691.2,52986.3,23.06,322573020.0,103798047.0,426371068.0
1976.5211614142252,1923.1567754882997,1953.7954473942605,310.0460441847964,1.2385763355997188,0.0,45635.2,33.75,270273699.0,210095293.0,480368992.0
648.5095412539866,13.50151299466432,1994.6162008913166,240.06006803727652,1.483861191142039,60403.4,0.0,5.2,465924958.0,57649766.0,523574725.0
1361.5734435592599,3281.2790004833187,1934.405494107266,567.829206341983,1.4998148065807548,305.4,242732.2,30.55,346055069.0,220266680.0,566321750.0
1599.8828608391464,1901.4468386196716,1309.8865683817717,194.2713573265993,0.9066195728642099,0.0,173590.0,39.3,181191050.0,155665898.0,336856948.0
535.4057897608914,1578.9442280432622,456.105173723508,514.0358979861979,1.2947664853348,0.0,0.0,17.05,354438484.0,31506914.0,385945399.0
1367.3301753735786,3244.3648828352566,1932.6381929664196,890.6950133598884,1.2721049756081557,0.0,403448.2,34.25,275613644.0,218913188.0,494526832.0
429.0182623225041,3424.7277077868343,349.72078953461306,151.42738251046518,1.090541596743261,0.0,579237.0,29.59,252790213.0,120106131.0,372896345.0
1195.9675953903309,2473.7456541084694,26.585354691271988,778.0222717197502,1.0050117294523453,0.0,291717.4,35.03,214960028.0,109742836.0,324702865.0
618.1709154046491,1169.1748146382151,664.891997797485,760.3676022094713,0.9245666173213077,0.0,986.3,20.47,242103138.0,19217165.0,261320303.0
409.7396513479862,81.01880908338683,1556.5989134235326,983.7223383651236,1.2957282955599385,0.0,0.0,4.32,409412471.0,44989890.0,454402361.0
1230.4401922157215,3296.280354600265,509.9079727269655,66.46230513800522,1.2059819429833294,1395.2,476157.2,34.5,260069907.0,167744449.0,427814356.0
542.8270461174329,1637.4262612916743,912.5997011636186,318.8318240680694,1.1917947489498322,0.0,2853.2,19.05,317749172.0,47605443.0,365354615.0
792.616670946545,410.4053925182126,1733.4514148115597,701.273714430226,0.9247853189999043,0.0,0.0,14.46,260425558.0,59105388.0,319530946.0
241.4146966906737,350.34752868464716,123.48709401765534,59.056775840547694,0.9942673997617202,0.0,0.0,6.37,306491683.0,3569109.0,310060792.0
1767.8077167849,3006.486865199378,1566.2929505567704,614.7065065385727,1.3340961319281808,0.0,288405.4,35.43,284081647.0,233449531.0,517531178.0
1539.7333246020382,3228.205719216832,1464.6860592715311,736.4593080209655,1.3824487036280901,0.0,320985.7,33.58,303265351.0,220487697.0,523753048.0
1159.9998746091126,773.2945078546715,169.0849551381166,419.0435603818988,0.9550114030116376,0.0,0.0,22.31,244275511.0,47777758.0,292053270.0
352.99890579078044,86.53924269763904,600.4125820730197,969.9978224020184,1.1273587635986464,0.0,0.0,4.43,354748580.0,17353536.0,372102116.0
502.26108361650455,1464.5216020117805,602.6770404133548,673.8768229283608,1.2806800566954484,0.0,0.0,16.04,354727925.0,30060239.0,384788164.0
57.00996270148457,1856.10305557863,72.39937535087427,677.3632664142749,1.461484998376355,4.2,110.5,13.17,424063123.0,34182356.0,458245479.0
1892.1122271466686,746.7349668900633,1485.2902954427866,793.0659710405652,1.4186205198656305,0.0,0.0,20.86,371299661.0,153348350.0,524648011.0
541.2632286190864,1636.530490878941,443.0088580731808,24.309457211191376,1.2954075767189743,32262.4,334.4,17.53,350597774.0,33988517.0,384586290.0
899.6016433072085,900.6642764457492,1694.207894599224,495.68063997920285,1.4967946063275543,2165.1,0.0,13.05,433444626.0,67839245.0,501283872.0
1654.1510691677463,3155.236655041389,1546.6644975953434,105.92489895062162,0.9390174003922024,0.0,756487.0,44.45,171753552.0,229786646.0,401540198.0
1907.9392409011564,501.65579258448156,782.4523013485205,609.9110115559308,1.0271390099411974,0.0,0.0,26.6,248194356.0,134494299.0,382688655.0
469.7193161307146,1692.4560725176966,721.7901829198543,676.5756670198043,0.9450457173123765,0.0,42580.4,23.2,238971011.0,44823686.0,283794697.0
1019.061825861254,632.5635013073265,1213.4500180014961,116.21329176034311,1.0185791199176482,0.0,0.0,17.91,275266071.0,64962843.0,340228914.0
1676.1085292283085,853.65617383799,1474.1306775876512,273.06269968819095,1.0410165031402987,0.0,0.0,27.03,250096135.0,133102016.0,383198151.0
623.7377223074425,3197.7831034545775,794.3313186734559,243.76052988397367,1.221983684218148,69.2,369361.0,28.5,287831093.0,121684976.0,409516069.0
804.0623435720079,2868.4169967711373,1980.8912366260554,526.5744426658337,1.1710493385917096,0.0,288509.2,29.56,271646621.0,149680924.0,421327545.0
715.2288054844515,3533.2195981406003,966.566552009364,177.99685993604942,1.4815295432308058,56553.1,307670.4,27.0,356623121.0,145188936.0,501812057.0
2003.4392327086593,1581.6819399763278,696.3720260659143,680.4374466886354,1.397354478471366,0.0,4595.2,28.05,332144697.0,159275318.0,491420015.0
1039.4394958111548,1200.8511575225114,602.7880217260268,326.5987272144181,0.9708197640734461,0.0,2935.8,24.87,240151878.0,49192670.0,289344548.0
1623.4236098006102,381.00430457446527,796.6289898677055,834.943337140865,1.14246353741514,0.0,0.0,19.95,301082603.0,108660835.0,409743438.0
614.5783486756106,3442.16101740586,253.08750706602123,884.8539027844743,0.9372460792420828,0.0,788809.3,34.22,202983980.0,118179025.0,321163006.0
862.2088257976084,2293.1474314572574,740.0767682833617,534.6064209614584,1.0224009999523094,0.0,184829.6,30.12,235220611.0,90609627.0,325830238.0
1186.4369689183545,488.4481423442345,1592.1926321791527,583.7899134421298,1.1891592688913115,0.0,0.0,15.78,329803935.0,91347903.0,421151838.0
113.98026931197454,1814.180839377702,1127.1388607224806,265.66751340716456,1.3065542045449332,2016.1,1355.0,14.91,367321854.0,62585022.0,429906876.0
160.0553350676904,757.5413656580396,1475.0970346484705,147.22221892602417,1.0473292917735697,0.0,0.0,9.03,313663551.0,42634267.0,356297818.0
1357.0334003806413,2645.695384834338,102.97850924686402,126.58941325221507,1.1676708035059575,33.0,245446.3,33.72,254824139.0,135347402.0,390171541.0
1235.9774599751292,1647.2258806745672,1294.139985623516,755.992906521959,1.4697263085047414,0.0,0.0,21.05,385198348.0,109018482.0,494216829.0
729.5012868748972,592.0703096712119,528.1680085764078,148.16444505179106,1.1365473851837498,0.0,0.0,12.72,326599245.0,18447811.0,345047056.0
1819.3027494047642,1259.8274259080144,297.6454044451935,522.6328820229693,1.495166289996084,376.8,0.0,22.66,383808959.0,114781172.0,498590131.0
392.35784092436353,2823.6860748769004,1646.7178871486053,401.3383435010018,1.271730863198715,0.0,183601.5,24.09,318341439.0,127741065.0,446082504.0
901.4986448162282,952.2467796400979,852.2376001447205,95.29013663007157,1.3241736681965357,20179.8,0.0,15.16,369684202.0,43679018.0,413363221.0
1728.867470947099,1115.8617581348524,1132.953648759965,232.14853203943642,0.9764762701036871,0.0,7290.5,32.05,218469867.0,128107473.0,346577340.0
1383.6447082588531,486.81057532372193,1563.9581384123346,271.7545487509241,1.3911080358015964,6157.0,0.0,15.13,390059249.0,108721936.0,498781185.0
768.3320376040401,1338.898611294035,1501.1455213449685,510.2657746354712,1.0205864558459243,0.0,2434.5,21.91,262414507.0,56553124.0,318967631.0
1773.101822691412,1234.7561495258071,205.55352167680297,416.0010449228776,1.2443770579018074,0.0,1230.5,26.58,300964016.0,106612771.0,407576787.0
1271.6109212630183,3033.256478452867,1082.8136475869492,223.71048306735008,1.056999798441545,0.0,503998.6,37.01,219229668.0,175036943.0,394266611.0
210.25262659382958,2671.40516992763,211.8830929995159,605.8126322747955,1.258168436427968,0.0,139270.7,21.87,324187894.0,78707192.0,402895086.0
1637.774916293621,270.9058098580786,405.8226870223427,909.5623770231384,1.2433420976772074,0.0,0.0,17.58,337634336.0,98689222.0,436323558.0
954.2840943345137,2714.0648436280826,1805.0609021783166,263.0096369495489,1.440885377286806,13129.0,96465.3,25.79,353849756.0,150788973.0,504638729.0
226.62829529497134,3548.9894632594574,329.7036501992203,266.23636860229396,0.9579563640549847,0.0,777088.4,30.01,220741881.0,125699256.0,346441137.0
1675.665516858562,3572.7623852112943,593.9530171395362,325.61196040179385,1.0673879420280015,0.0,824818.3,42.48,202137738.0,224972312.0,427110050.0
322.81658894811886,2858.422506761454,121.4396800182449,967.7741304742827,1.456389314705429,0.0,104892.8,21.37,381615612.0,85381672.0,466997284.0
246.94549281765376,1922.171579894051,1985.702717288674,852.6192490484264,1.3290802355751357,0.0,3549.9,16.62,366416069.0,92763369.0,459179438.0
46.83107124428054,248.21012668671634,1588.0341968853847,376.4448541909687,1.3010591264754285,175.2,0.0,2.33,420256768.0,45898454.0,466155222.0
1541.1936923849846,1532.5285644160733,286.76350140155904,386.6945030792118,1.4226290653911629,972.1,813.1,23.44,360374029.0,102358550.0,462732578.0
690.3138492816757,227.41747661830019,1918.2628343695633,680.6769089738684,1.2245140511625396,0.0,0.0,8.45,369367979.0,55442949.0,424810928.0
1728.688817830381,1492.513261492458,1970.2315880211906,857.5730693978237,1.0683268449935945,0.0,21039.7,32.66,236863951.0,166322083.0,403186034.0
773.6350532653792,1000.9469600403578,1318.6816856964774,639.3319310674046,1.2135035241076302,0.0,0.0,15.71,336911653.0,45366598.0,382278252.0
2013.7771809843528,1714.3592960850137,1567.4447883931307,658.0951171766698,1.210910964086801,0.0,26742.6,33.35,265803560.0,191994863.0,457798423.0
87.76829853576547,2386.706936467078,1285.1901685524508,124.87399459254812,1.3775489852163996,51923.3,35201.6,17.78,372744475.0,95588622.0,468333097.0
973.6826639829128,1176.6500322894556,1647.9187716919316,343.3709594978237,1.273110474770296,0.0,0.0,18.2,343314327.0,73334465.0,416648792.0
1288.3523610367863,191.68571674095907,845.6672611494319,222.77874993195644,1.0197423971406336,0.0,0.0,16.65,279821315.0,79171806.0,358993121.0
1365.5955377877326,41.41828288728595,1938.1579564289927,395.3910060048211,1.079282117066943,0.0,0.0,15.17,301403454.0,117872493.0,419275947.0
1918.1466238695984,1766.6198758478472,1228.6505029705554,695.8507486369615,1.4228467640906781,0.0,7668.4,28.13,338171334.0,175977620.0,514148953.0
270.51204876856195,296.40104010404576,1987.4215686694783,8.883801626070497,1.3249168521690156,92451.5,0.0,4.63,412421742.0,57441822.0,469863564.0
1274.071279683725,2005.7602088042759,1571.655918360187,992.4729476354587,0.9281314928963564,0.0,172314.6,35.43,197325908.0,138360367.0,335686275.0
1281.2960771610308,2601.902936796754,611.8786123460371,892.8613849209312,1.174195704869827,0.0,219198.1,32.68,260298987.0,140895081.0,401194067.0
342.9375931698089,3101.500372153689,1885.8512408492877,99.5149183687436,1.3510085202927318,31672.3,223355.1,23.95,337994920.0,148450786.0,486445706.0
448.304646959483,24.401650138548778,521.2276457707765,854.9098352207469,0.9847103260702395,0.0,0.0,5.57,306129739.0,15064879.0,321194618.0
272.4446210517903,2682.743173506567,812.7192771292762,148.486072534602,1.038000225889303,0.0,282546.1,25.64,254117143.0,96636093.0,350753236.0
1656.7450135949853,2262.465707910611,1521.857545132997,97.77323898803769,1.1748625697098274,0.0,129758.3,34.43,253683689.0,184967915.0,438651604.0
1661.9665328790775,964.8276856524046,338.37793675205717,381.7838938171921,1.1000279843032685,0.0,314.1,26.44,266405412.0,98971278.0,365376690.0
386.7107439693945,3462.8200790432184,966.1968091108804,608.0763561099246,0.9726641452497571,0.0,728780.0,31.2,220344300.0,139815868.0,360160167.0
1271.9231587542042,2015.8213763467234,1863.8586555460652,412.3168010720437,1.3692372602857303,133.2,17333.4,25.45,337183414.0,147107377.0,484290792.0
634.2173400935244,2101.5534934702064,1853.9407944883958,625.0713107588963,1.326695210259905,0.0,20290.7,21.26,344929180.0,97864407.0,442793587.0
1826.427735047401,3359.2904388109423,416.5497504061342,195.83803162918522,1.2302856761452714,28.6,539739.5,39.37,245692659.0,223148465.0,468841124.0
2075.651644598763,1779.2529336181312,661.8099262068545,537.2612749330885,0.9386374644694211,0.0,146758.0,42.93,176366498.0,174749826.0,351116323.0
369.4761160961708,540.5811149678311,55.83109014210375,722.212303045284,1.095284727517094,0.0,0.0,8.89,328557253.0,1613668.0,330170922.0
351.3982089397572,1859.444887008013,646.8888119441297,393.0177707980791,1.0893190902370866,0.0,30138.3,20.53,285019649.0,50952622.0,335972270.0
8.305627438165036,2498.633777840698,221.38095746811936,219.14239706296945,1.014190226138299,0.0,214763.9,22.19,259790189.0,70400718.0,330190906.0
690.900811114805,581.5175765717727,693.9042483759081,243.26434580773414,0.9367290679034467,0.0,0.0,14.84,262630580.0,20055697.0,282686276.0
1815.123807399094,1109.2594187683226,190.5642927527611,521.526378952123,0.9739653110212819,0.0,8865.8,33.08,214586733.0,108826018.0,323412751.0
1611.8993250375258,223.52793396061762,929.2718998884626,943.8263301157783,0.9953814321950482,0.0,0.0,21.18,258300746.0,111431592.0,369732338.0
419.85369134796326,2179.687628364633,1959.7081431906788,385.83574828559375,1.289187055666324,9.3,31809.3,20.44,338398800.0,104802034.0,443200833.0
317.5810758997067,2328.271593749417,505.3241299097864,613.2876074913306,0.9531967248501657,0.0,212083.7,25.65,233323210.0,70146107.0,303469317.0
1094.5604102556113,861.7801306638626,1363.4174066588266,747.6697870683155,1.4088855183356386,0.0,0.0,15.21,395578645.0,76261156.0,471839801.0
2069.144344196286,1667.4578501412323,1341.1888344146485,18.423716252121693,1.4430522199837266,76085.7,5008.6,28.29,337821359.0,188232984.0,526054344.0
1283.8244584270872,1529.4822747618507,868.6254855213014,757.9956463603957,1.4000820021215366,0.0,0.0,21.66,362821124.0,95285352.0,458106476.0
1684.479165116466,1853.4222905606962,742.2932751360634,945.5393614155355,1.280519714862126,0.0,23325.2,29.65,296863020.0,144678716.0,441541736.0
1133.517357752931,2171.8977232627026,1259.7330163725653,713.072884106904,1.2319108170246995,0.0,63521.5,27.78,293066300.0,124632022.0,417698323.0
1825.1159140438428,3120.7625978135898,884.5154893056748,168.53611212553653,1.2459934282626606,242.2,413589.7,38.17,253754117.0,224706036.0,478460153.0
1294.2419036435147,1899.8678534520589,1781.1556265479326,93.02025702436589,1.0724511029011203,0.0,67788.0,31.08,243376589.0,141016647.0,384393236.0
1805.1718295826597,3410.070326270606,851.8501494051371,192.6439818409379,1.152197697905961,0.0,647238.6,41.13,223346699.0,236291280.0,459637978.0
951.1070387093235,1886.0368427300573,548.7061603659023,312.62740711682244,1.2933525788076552,146.0,12536.3,23.08,328063915.0,73058466.0,401122380.0
1296.4408048279931,2403.4321298686646,754.5699663951622,336.45683849989217,1.1109232037837633,0.0,192156.4,33.2,244312141.0,136558773.0,380870913.0
1983.2029722459586,1434.7397244138917,1212.2647926758511,522.8431871665385,1.4257330895966953,0.0,500.3,26.33,347338365.0,165021310.0,512359676.0
769.6085296252138,1575.9443330128988,1685.5885775644208,160.9576140299058,1.2565767287251801,1576.3,0.0,19.72,332356288.0,73775049.0,406131337.0
833.8086129373313,3578.423358898576,1442.7682336012394,10.556262806128203,1.4036843402679864,86399.5,392215.2,29.08,324414368.0,172135154.0,496549521.0
1466.1295831380348,2036.288123564995,472.2569517686341,149.31665040769028,1.2770397377150509,1801.8,40038.0,29.01,298671984.0,125816116.0,424488100.0
917.2754688166978,3127.6817333990007,524.7471405553425,637.5199808462489,1.0493058219954106,0.0,523142.8,34.01,227974275.0,130913852.0,358888127.0
1326.7211099095064,175.49105124303938,783.414853628769,172.68561586575137,1.2635603977340848,1414.3,0.0,13.66,359480546.0,80911608.0,440392155.0
660.3779908755707,2800.6634021666,229.1887208600365,556.2130669192424,1.256206717764993,0.0,199725.1,26.54,304151682.0,85627204.0,389778885.0
46.087047916337596,130.62813038731,616.4803446560368,609.0754394119122,1.477577997097324,467.9,0.0,1.25,489240736.0,17817938.0,507058674.0
189.28361832636242,2552.4808667552247,1385.4322442455539,669.4742435034768,1.209688404919321,0.0,127872.6,21.67,312172139.0,106719335.0,418891474.0
2015.8321070221498,1821.4437527139135,1676.5941583984156,262.52060287466384,1.383785099584113,2597.7,14049.8,30.09,319284499.0,200657649.0,519942148.0
2077.797855262676,3303.612135618749,608.1434375038908,846.1574758483994,0.957154273817232,0.0,881016.4,48.75,161493549.0,249106604.0,410600153.0
1413.0202617932148,1241.9908257416723,1317.340179191196,412.24900757946534,0.9054198898951935,0.0,14986.3,31.78,203384143.0,105892442.0,309276585.0
482.2116151899778,153.86202527568707,854.5398455997026,840.071286728183,1.342798055385047,0.0,0.0,5.35,420511680.0,24698497.0,445210177.0
1644.8819083188769,2930.134725161167,743.879576086951,506.0257294933985,1.2050707020512408,0.0,351392.4,36.76,250968607.0,194548960.0,445517568.0
236.0397578117109,2171.2559033256352,1440.3595580006709,610.9678191132942,1.3475795608257135,0.0,18260.3,18.02,365663922.0,89372688.0,455036611.0
247.8882940403263,2763.9144751930635,416.2802067369529,876.8268228395328,1.0469587874104773,0.0,306591.9,25.65,256289871.0,89209452.0,345499323.0
1025.8041199945678,1768.7766568635823,537.700640784027,361.7095844195944,1.0113580494453551,0.0,53214.5,28.73,237308869.0,73806372.0,311115240.0
1188.6599542010756,3314.291731960533,633.2151447233008,508.0626097714577,1.4171283671451897,65.4,303786.1,30.62,325432612.0,168349190.0,493781802.0
943.4605128813101,3017.4749923022478,892.7813303397394,440.2424667108733,0.9943439773076053,0.0,529389.7,35.01,212762312.0,138492682.0,351254995.0
260.58084892949023,2219.7331817889904,1654.667049357441,135.40648685019363,1.4460563676641927,91824.2,10993.9,17.39,392447602.0,97974458.0,490422060.0
748.2643868871414,1543.683659670583,1788.906804036258,896.2964503214064,1.2149153261469432,0.0,0.0,19.92,320483863.0,73190196.0,393674059.0
577.0549091852157,624.1402845875783,543.1600948610931,780.6273976251249,1.0947544813281898,0.0,0.0,11.87,317624509.0,15698786.0,333323295.0
1448.160646253823,708.5789848749375,957.0072653777993,352.1062160588222,1.2021673939921385,0.0,0.0,19.98,316777802.0,97130259.0,413908061.0
1188.3359315685682,3597.093921623036,1799.7900943784043,695.8664775241907,0.9922460823182513,0.0,875399.0,39.58,197396810.0,216082310.0,413479120.0
1916.1745399672702,3240.0874366700386,1773.4068601484776,479.0168643530559,1.0024240266366342,0.0,755257.4,45.56,179702822.0,264722941.0,444425763.0
1572.9307032102015,1410.3095915352374,689.1365793844699,390.78201255927735,1.2354423344794874,0.0,2656.9,26.29,299982320.0,110845362.0,410827682.0
695.3867621015715,2504.41181792317,1295.447591487325,508.8626138269004,0.9323839390112972,0.0,326240.3,31.36,210706748.0,101766779.0,312473527.0
1952.6914927438943,1494.4575077270165,898.9063885717745,456.0325122431657,1.1190167749430815,0.0,19713.7,33.56,244794983.0,156116073.0,400911056.0
1406.5157936385503,50.521235840572864,1747.0166586213575,102.43902526956028,1.4998282050628906,125682.1,0.0,11.3,435135623.0,116122407.0,551258030.0
1309.5522818334632,240.47470100000285,1124.874118853682,331.3077924656147,1.4718259338757402,13724.9,0.0,12.04,429253314.0,89197077.0,518450390.0
1575.1570449702297,1840.463247193824,859.554799014949,995.8688657895364,1.3004304509764566,0.0,17506.8,28.17,307953372.0,137340581.0,445293953.0
1071.5435128857373,1444.537146235672,649.1657148811237,705.4194238016294,1.2527313089436163,0.0,343.9,21.54,323862305.0,65143018.0,389005323.0
1768.4653816086993,2009.425425591249,1164.6627802636212,477.3564948431804,1.35757256777464,0.0,28238.8,29.8,314537557.0,172381230.0,486918787.0
865.2586871654105,3092.5407651695914,654.0895223095999,692.6250463809655,1.4357825394597912,0.0,197644.2,26.94,347932379.0,128108923.0,476041302.0
1603.5190058064125,1243.6675573329032,1412.6780059015457,206.98481460997365,0.9348990476710857,0.0,15314.5,33.17,205718173.0,126302499.0,332020672.0
1650.030927159514,2933.0730882909456,45.861877831194995,947.7950138699737,1.1675398961431016,0.0,386715.9,37.65,239675099.0,174995249.0,414670347.0
1887.4924274027865,2861.073528091012,1801.3070556174246,833.3756331170687,1.4843972217520944,0.0,150939.3,32.93,330039967.0,244059368.0,574099335.0
1311.6755876600155,824.9496148005826,779.1262614659751,751.8792486190812,0.9941815672818369,0.0,0.0,23.73,249634576.0,79399885.0,329034461.0
1938.721270933256,745.1624564730213,1751.9494763592206,483.72394483858784,1.4043720890228046,1.8,0.0,21.45,364614911.0,165354651.0,529969562.0
1998.046529241169,1532.395251034881,1393.2090818358072,226.71760340935177,1.380471430007123,4749.2,3346.7,28.0,327879280.0,176470459.0,504349739.0
1709.5449787552789,1071.7419056390497,48.281524941379715,431.2052517798246,1.0020003205471273,0.0,4907.4,30.59,228955132.0,94975263.0,323930394.0
1706.6790023606002,947.783119202277,1887.3855850930543,971.8089610768892,1.4453015544422767,0.0,0.0,20.37,381156498.0,147865958.0,529022456.0
1250.1961860173733,970.7636544688748,1614.5168296660718,701.5953812080144,1.4863010082301575,0.0,0.0,16.37,413112093.0,97874167.0,510986260.0
786.5704352543571,213.32783697882408,1996.7726576778925,838.2636394388755,1.0328938129791294,0.0,0.0,10.97,302746992.0,66158385.0,368905377.0
1512.9341004007783,2.505335485144858,1115.618115767161,362.83824100162843,1.1287998247425761,0.0,0.0,15.69,313305174.0,107689125.0,420994299.0
509.82379586877806,997.688132749039,909.3373277123022,248.14503547777556,1.1798639681216627,0.0,0.0,13.52,336025651.0,26282292.0,362307943.0
1203.7699973893998,2581.3344649546116,1354.291301365636,241.98927310452333,0.9235137542568679,0.0,416305.4,37.75,189290697.0,154180368.0,343471065.0
1736.1416908041774,3166.4956199614735,1957.779039466543,959.7115572361877,1.2802884160157904,0.0,394040.9,36.88,266292907.0,249790824.0,516083730.0
1864.5565027181908,1626.2705621366408,1574.6712794500859,955.3345422567178,1.3777671343245985,0.0,4361.9,27.6,329364793.0,174064804.0,503429596.0
866.8707880095037,1371.266066852357,583.0855083746449,367.0635243138275,1.3923459970753218,1178.3,0.0,17.14,381855908.0,40715345.0,422571254.0
1462.6281697407326,907.0614217364598,1423.0702571655004,379.3954660399921,1.2346635042219871,0.0,0.0,21.2,320454277.0,111935190.0,432389466.0
772.2199337240868,1893.5145509755996,1459.6077901850895,731.130650620499,1.3519095475806568,0.0,5389.6,20.65,354474587.0,83257139.0,437731726.0
815.3158885970588,2506.498457775475,477.42326289416525,477.4284204198656,1.249864150081966,0.0,122528.2,26.52,302642574.0,89289361.0,391931935.0
1431.3153604621732,3310.5454500679293,609.5372730795818,845.2859146449596,1.0866745512055984,0.0,628562.2,38.88,218685366.0,189860867.0,408546233.0
1150.7311386886568,3006.002446152021,1446.2992105393807,862.8696688773297,1.3889287155098242,0.0,211705.7,29.51,323700961.0,173039301.0,496740262.0
576.1840411335098,3604.3601183138744,1873.9968644141454,430.1746212382898,0.9283256854133257,0.0,887974.0,34.51,200174542.0,173083557.0,373258099.0
632.7905635993362,3035.2336860650294,1901.7408389976674,831.6719542598827,1.1380459419627575,0.0,370774.3,29.25,265130335.0,145618789.0,410749124.0
117.87860184600062,1878.8257237546327,752.7650177263148,122.97238717808479,0.9635120078334634,0.0,63594.4,20.16,253286773.0,54975311.0,308262084.0
319.08190242295973,747.1399343862421,1507.572818730944,381.70347050070785,1.1621628781171072,0.0,0.0,9.65,345767249.0,43572904.0,389340153.0
1247.6250834398008,3485.284523078219,1512.938097800677,645.712613881201,1.3462992801646907,0.0,433373.8,32.85,298374871.0,207707035.0,506081905.0
1499.724906532255,2505.604817409225,992.8142389997134,566.8470801399786,1.1768948798693681,0.0,197257.0,34.18,255079802.0,167269813.0,422349614.0
823.4884663429909,982.8881004751983,710.4264025247804,428.5296173096543,1.2476276429906916,0.0,0.0,15.6,347006790.0,32384776.0,379391566.0
1042.239577668284,391.8547040264507,679.9473109145209,376.19346860163006,1.3241555790678554,61.3,0.0,12.16,383969680.0,51681056.0,435650735.0
694.0799958811226,28.87961057223547,168.67324666008332,496.9984179702299,1.0130973025634225,0.0,0.0,8.29,305869770.0,4875110.0,310744880.0
1031.2877275172002,2084.3655006726244,1866.8758051387092,655.5799243488199,0.9186244335800596,0.0,190869.5,33.32,201695047.0,128403165.0,330098212.0
793.8231306239007,2880.248803936985,521.1249119798562,924.973071500241,1.2174064251381826,0.0,259780.1,28.72,285838150.0,107132957.0,392971107.0
192.7534374492991,877.2640608544176,1812.598398177325,991.4597511748098,1.4178095355404121,0.0,0.0,7.79,435050151.0,52388963.0,487439114.0
668.6108874992558,2790.8130154116575,444.4552871925114,384.52228744812766,1.3183008771604185,81.6,162307.6,25.63,323627680.0,91359749.0,414987429.0
2020.1592921998113,1594.2897447165078,991.6728420666732,220.16852895105444,1.141933645649619,0.0,26534.0,34.38,246727537.0,169978721.0,416706257.0
131.39379704541852,3116.6668011254246,46.66917842840079,683.5245845933516,1.0639330208725002,0.0,434646.7,25.82,259850016.0,96046751.0,355896767.0
992.6881657891421,1022.0571375621197,800.1413360538088,546.7778864190459,1.2845360468593168,0.0,0.0,17.0,351561384.0,50584453.0,402145837.0
1960.4966083616578,1205.8892734456017,1169.7150259475038,901.7221472082442,1.0741390847702055,0.0,8076.6,32.49,238772927.0,150535029.0,389307956.0
1803.6292106466278,3475.9249998951523,1694.9874112538275,569.8605013415969,1.333269323995977,0.0,489064.7,37.46,274934671.0,263788709.0,538723380.0
1003.0223359289262,2168.0385701525383,1948.9481339565443,251.12055615554496,1.3755282735243863,4895.7,26071.4,24.08,344929348.0,132323894.0,477253242.0
1055.4961172387648,642.0499099576978,1287.070761408888,792.4269065350767,1.2412534915940217,0.0,0.0,15.12,347144282.0,70451313.0,417595595.0
1746.0473900676093,1328.1030691357641,1827.536597974885,648.3200999863273,1.3818955949589378,0.0,0.0,24.39,345100994.0,155633223.0,500734217.0
569.173985329572,1619.4457722075877,1819.2348234802907,50.895550501881544,1.1423890281379083,55.7,4152.3,19.98,301024872.0,72916602.0,373941474.0
1626.9644020422477,2700.047325346147,1703.2456615387325,739.3903346787432,1.4682552895014038,0.0,106826.0,30.48,338319783.0,209196852.0,547516635.0
1038.8711729048455,2266.1721077774464,1695.411517120453,701.6909498563472,0.9612340313242015,0.0,229760.4,33.34,210989634.0,133176608.0,344166241.0
765.1876036601406,2005.9045979446958,1509.4350877231377,543.5675688185732,1.366529544830275,0.0,10244.5,21.15,356274004.0,89630678.0,445904681.0
1746.4157584251632,962.4156211715072,1232.1963463242269,557.110377480783,1.0363903515929207,0.0,1196.3,28.98,242336454.0,132594476.0,374930930.0
1021.3958160587935,1991.3028729844443,1634.6797504117292,460.98937464228027,0.9485495894855697,0.0,138159.2,31.84,212882970.0,116157548.0,329040518.0
1016.012072914152,3041.7619280864506,1142.5109046550913,318.8652277022179,1.4525825687905551,7696.1,179078.1,27.65,348256443.0,153608815.0,501865258.0
324.53313694533875,1186.565878550687,874.26938125916,737.9778879258764,1.4014480752754566,0.0,0.0,11.19,413263127.0,25268734.0,438531861.0
122.09859297124085,2875.0900282828484,1441.0568305013264,894.6523048118163,1.4402657944953252,0.0,106557.1,20.08,383618518.0,124349974.0,507968492.0
1621.1407898070352,690.4357438771839,627.7430133121013,936.319698848498,1.2589039799123147,0.0,0.0,20.54,329597458.0,103569014.0,433166472.0
1123.316131201665,3324.0252673597142,1748.3971481993292,727.4961533163809,1.4293513824957262,0.0,292873.4,29.98,331462159.0,195037182.0,526499342.0
237.34592745258408,2749.8845987576665,1931.280404393736,48.97679228140439,1.0338273910743805,0.0,309945.1,25.68,252997594.0,132300209.0,385297803.0
1655.4240907843985,1887.771206883268,173.23670908252265,267.95802915602115,1.0944357599535885,0.0,72296.7,34.15,237264165.0,127257463.0,364521628.0
669.4157750488032,3185.9520805718594,1324.0729147160828,734.9172783690119,0.908142053333131,0.0,689262.7,34.53,195777365.0,136408323.0,332185688.0
891.3625261725003,1153.6888798778627,1703.8508044803475,953.8696539198517,1.1540045097522031,0.0,0.0,19.04,307579587.0,67357990.0,374937578.0
2028.8313813811578,52.123910678878254,651.4388084172116,774.93117792995,1.11605977828502,0.0,0.0,21.72,287632039.0,141858530.0,429490569.0
1920.2064588379556,793.0275597682137,1591.3334546562214,201.70225240252438,1.0182629506037026,0.0,199.9,29.84,235232191.0,159004643.0,394236834.0
929.387412229127,3430.1343356391067,1170.9099238046965,635.0328948735802,0.9058396034811698,0.0,863886.9,38.33,183946925.0,165728705.0,349675630.0
118.04270165723038,242.97051314951517,1639.2843493224643,236.85212175833558,1.0973029107832453,0.0,0.0,3.47,348679996.0,47379721.0,396059718.0
1271.7515434414245,2119.7541730815487,821.0589951368808,4.300206034838494,1.1697615450304895,1455.3,79081.5,30.03,269408761.0,122113837.0,391522599.0
1540.5702537762481,853.9187146314031,1416.7160205476362,15.152819817278228,1.444804682588719,113241.5,0.0,18.38,383907801.0,118940772.0,502848574.0
1980.8317479623238,8.935184831150327,915.6368276130247,413.821940238669,1.405130013551704,348.3,0.0,16.54,387737935.0,145067163.0,532805098.0
1127.404517909015,2219.2566558678645,405.01200617284485,77.06466799708089,1.3153986583095751,14411.8,49082.5,26.46,318249581.0,101716615.0,419966195.0
1294.1094432562581,3021.3533043592993,1689.366894884111,631.0352739729366,1.223016829770173,0.0,345221.6,33.68,267180841.0,194051992.0,461232834.0
1905.7072408897095,2908.5888131439115,1764.8499899351561,995.8408982739928,1.1421034726599075,0.0,423036.0,40.51,223732294.0,247045691.0,470777985.0
1494.8087708762152,2497.6861692906296,348.2854266655999,636.5485996930432,1.1568535655273422,0.0,208107.5,34.54,249339091.0,147794450.0,397133541.0
939.5752053870877,653.9009031702267,1489.4786922719375,697.9409896782558,1.219374083401298,0.0,0.0,14.38,343918967.0,65609111.0,409528077.0
326.7595137058377,2021.4191708463702,200.26684429404074,339.37202614225646,1.1234147056756278,0.0,46590.1,20.91,292525843.0,46088779.0,338614622.0
1841.9419434472438,1508.4903338631182,1196.939737251594,874.7789879039839,1.155455663253378,0.0,14035.6,31.56,260374406.0,155211664.0,415586069.0
1842.5218393474763,495.35456447170225,729.6863143199197,94.72724906646457,1.2365577775687708,1795.7,0.0,21.43,319938964.0,126935237.0,446874201.0
1995.933095950268,2384.7351622161927,1252.1512346974973,278.1586322431383,1.4586640551738732,8590.7,62222.2,31.85,328622123.0,214531497.0,543153620.0
983.1500262573231,969.2174525563235,1975.3999608660151,423.123933794739,1.1228993894457264,0.0,0.0,18.88,299872863.0,83672804.0,383545667.0
72.89424231806977,647.2107525151977,1618.3827101445606,482.69510460215025,1.4729248361551162,4298.8,0.0,4.98,468211413.0,46775608.0,514987020.0
174.901899721167,2235.8746959063074,1439.9682950866306,621.1831264646034,1.2179265360755134,0.0,52559.5,19.54,322906811.0,92570783.0,415477594.0
1205.7519979062122,2503.065016696405,1726.5270872750582,336.3446442846858,1.1757924482650006,0.0,178463.3,31.46,265379578.0,161234411.0,426613989.0
1325.8714880968014,1140.6039069450044,357.5657318933907,966.1687567781331,1.0168373332777425,0.0,2376.6,26.45,246238574.0,68525057.0,314763631.0
485.2485039136928,2245.8305447518105,154.73661984300557,34.04765381520658,0.9384081622832092,0.0,202219.3,27.39,224319117.0,55918610.0,280237727.0
257.00470146332697,1557.9846095470994,1658.5212869289826,341.9718930955273,1.156518848788452,0.0,16.0,16.09,319595991.0,65218975.0,384814965.0
1251.5235285627825,1096.7842650142532,865.0757575359609,386.3116868643608,1.105130124990012,0.0,0.0,23.18,279516850.0,76335739.0,355852588.0
809.7997583700482,40.35728879578989,1772.5213362431693,977.3467974486908,1.417497714849683,0.0,0.0,6.96,437583673.0,61819551.0,499403224.0
11.972641403093858,2725.714534501478,1146.200345173427,94.17491100775032,1.4597154809277586,169343.1,66382.1,18.24,388661416.0,108408839.0,497070254.0
1618.4127144291979,527.42551980658,1928.0828593869921,126.19875281064009,1.17280792710557,0.0,0.0,20.63,306440661.0,140900696.0,447341357.0
331.46440259437566,545.1925860601931,1935.6114767492204,572.1227813923401,1.0555049506158016,0.0,0.0,8.84,316759510.0,55944371.0,372703882.0
1618.7926882567222,3177.137169468102,1835.2078735755574,932.9849709668721,1.443349097853177,0.0,261933.9,32.95,320361245.0,235952658.0,556313903.0
1332.1740455068996,1243.1539387996172,1851.1353548777643,122.49652800038602,1.0012798890304906,0.0,5142.3,27.92,237632238.0,113921215.0,351553453.0
904.5304219335217,1029.7037402338492,1231.4656284477428,905.3019229646231,1.1946187958234686,0.0,0.0,17.48,324628003.0,54919373.0,379547375.0
1154.82018727764,1535.9754362013657,1415.1383199518773,100.68877984621383,0.929153931555937,0.0,39443.1,30.57,212421768.0,99504414.0,311926182.0
1337.1907191931446,1941.6091189095714,814.7160580387554,333.99264187917197,0.9310844664258754,0.0,152240.6,35.68,197166794.0,119118620.0,316285414.0
1418.9595986331856,1529.9271550292037,890.5360790392334,893.4448514118918,1.3425287295140873,0.0,914.9,23.76,337820818.0,108405344.0,446226162.0
457.5389650255128,2385.514382374071,264.5106370073154,194.06386785214315,1.3284895444394609,6455.2,55925.8,21.5,344225381.0,66029012.0,410254393.0
262.4815220510364,1017.1040434766498,1796.1205359670787,738.3154782815458,1.4576757105846119,0.0,0.0,9.09,442044591.0,51912708.0,493957300.0
1838.6225179891092,1134.6633017703844,1264.754868962073,378.6956781217733,1.3182625989756658,0.0,0.0,24.92,326371092.0,142040489.0,468411581.0
726.5328901421535,4.782059924614909,187.87643034357095,771.0123262227739,0.9504031468633566,0.0,0.0,8.99,284775246.0,8338670.0,293113917.0
1249.7962945559054,3113.735999863868,1482.2024736842254,413.4387948195407,1.025162529175892,0.0,576462.4,37.83,209840523.0,188565365.0,398405887.0
1923.4906619417106,2056.0308448797673,810.8401185341116,942.0576990232782,1.0290106463231465,0.0,168914.7,39.86,203738692.0,178768795.0,382507487.0
922.1577040658008,394.38392426352806,249.76052179907637,398.5962559968351,1.3197962135910595,14.9,0.0,11.16,387113616.0,28171366.0,415284982.0
706.5938735614724,2503.2406405488978,1610.380938504785,877.5779146533364,0.9268317024322422,0.0,331460.3,31.61,208700955.0,111844754.0,320545709.0
1613.2305006188958,534.1259036731858,1396.5245865986683,371.6624656000017,1.324675978616917,9.7,0.0,18.27,357156994.0,125059236.0,482216229.0
445.82354979917346,2341.3163096106127,251.02817412388112,169.74554765680693,1.268677155098736,2652.5,65083.5,21.97,326313510.0,63444159.0,389757669.0
702.1685600910021,2554.7144054031246,1370.318870805375,621.6339902550784,1.3383243247405907,0.0,92157.2,24.41,334131177.0,107054665.0,441185843.0
1655.3549767837392,3308.466515372721,161.03165896352033,571.5490147784498,1.3492661001722406,0.0,390198.7,35.38,287696480.0,197459606.0,485156085.0
452.32293715669414,956.9447490063138,533.9286886708417,572.3329714745182,1.1197023410793958,0.0,0.0,13.28,319679404.0,15431973.0,335111377.0
1388.807533153534,2215.170045543609,1314.223666206097,252.31761680922637,1.360422825493798,2585.7,43680.5,27.85,323932429.0,151903648.0,475836077.0
1384.5141233527268,474.25809385216684,400.3457048181327,300.9651463064651,1.4616249047032386,14672.9,0.0,14.32,414697204.0,75170604.0,489867808.0
680.4394656148265,72.16107007510882,283.25147531769977,32.17182365081284,1.14170354648593,1167.2,0.0,7.6,347286875.0,8186729.0,355473604.0
1662.0648410218328,1635.0818835380821,1677.9882695862934,47.5293213607374,1.1818337184868584,297.6,16355.7,30.13,271915765.0,158811106.0,430726872.0
1641.0521508898426,2449.241650083841,1705.651074280934,273.8347239095751,1.2005104777728293,0.0,171567.0,34.67,258282792.0,198109108.0,456391900.0
1411.2918358435456,611.6185408563989,1631.613429354074,311.4700507909728,0.9559843823494169,0.0,0.0,23.66,240255463.0,113227477.0,353482939.0
1596.4871910718878,2559.2152664270884,1767.3595065688783,892.0747454371241,1.0671154707489465,0.0,307986.2,38.0,217858998.0,201244085.0,419103084.0
1337.2413863291545,3626.816476104331,487.61309692214417,472.8766685586181,1.446099818784305,379.2,415966.9,32.43,323735797.0,193367862.0,517103659.0
214.92105258295334,3369.5471281289874,976.3111891235525,893.0407885720016,1.272822846496128,0.0,370075.9,24.95,315121808.0,135475639.0,450597447.0
1399.9431155431182,2805.9382776836155,134.27218396833607,627.7683390396395,1.4543623468631153,0.0,132281.5,29.47,340051794.0,148168527.0,488220321.0
1993.5179644565103,3515.0068417321704,1291.665758535874,633.2868481248651,1.2314790400663762,0.0,632379.5,41.27,238233845.0,271587692.0,509821538.0
1266.748753831272,2221.988087290873,84.81653704337732,88.87128593342086,1.2716499430585495,5041.6,66045.9,28.51,299308419.0,105450628.0,404759046.0
655.1412566302419,1094.1745105859397,386.8812786299396,801.0699694340886,1.4785971022323778,0.0,0.0,12.59,430618469.0,11181908.0,441800377.0
1308.8754366649855,3431.874221051312,1767.7683130207752,217.92697843303122,0.9921155407061228,0.0,796656.6,40.3,195011990.0,218069220.0,413081210.0
441.1584478271588,349.2400634320368,1165.7583339739172,282.6500428375629,1.447750016850858,26620.1,0.0,5.98,451841302.0,33693547.0,485534849.0
1278.9552071787864,1305.3863174404948,1969.281263928763,953.1944958918704,1.3671691411855202,0.0,0.0,20.5,359084299.0,115518018.0,474602317.0
1650.6604632916385,3547.490577433898,1200.9124452799208,880.0198493318545,0.9388966333799944,0.0,988429.6,45.6,168187266.0,238953482.0,407140748.0
1155.220353062262,1824.1343122700184,75.447724441698,86.95198532413306,0.9131033544101239,0.0,114203.7,33.27,200587091.0,75132573.0,275719664.0
613.0212843542406,194.24576314408336,846.3193695216031,812.7464113729175,1.2682978850618896,0.0,0.0,7.18,388269851.0,24460903.0,412730754.0
1404.8519671384834,114.36927420797828,1679.0527205117344,146.19037938299073,1.0815905256194922,0.0,0.0,16.24,298247859.0,114004598.0,412252457.0
1077.5152709361107,3375.876154577765,1996.2983367469253,782.6606836214098,1.3375885342364815,0.0,381148.5,31.23,303559308.0,200552867.0,504112175.0
1100.2176595345861,2416.227236936958,288.84835085670744,269.1961205748493,1.4907857180982507,24216.2,37817.5,24.55,372635592.0,105634389.0,478269981.0
2042.4973232584475,1172.3897926260113,482.0971451431186,229.5180748174185,1.1909186301025199,0.0,3097.9,29.87,274997708.0,138224623.0,413222331.0
466.55331886445515,2354.0427761590204,149.63962270787044,103.67722241922672,1.0661605649614803,0.0,157558.0,25.43,261744497.0,61145839.0,322890337.0
1620.9691415940229,1173.5410267225034,941.6335645677032,656.6220460091815,1.3731239531837844,0.0,0.0,22.36,352141967.0,112625461.0,464767429.0
640.3223092534008,2653.418962526126,572.1348087026652,644.4662083666058,1.170528084476815,0.0,201426.6,27.0,281373021.0,88226118.0,369599140.0
1932.0190033460062,3564.9989919826917,1548.2462153805843,915.4643356434318,0.9819025452145147,0.0,977501.7,47.26,170510696.0,275813950.0,446324646.0
1364.5573514874018,720.0756279078419,553.9370099448965,522.8232412156282,1.3451923614263994,0.0,0.0,17.22,367667176.0,77769029.0,445436204.0
1504.3151446975712,3156.137411304067,1118.5497042531742,926.342653389574,1.432733157412196,0.0,255110.2,32.17,321652730.0,203637121.0,525289851.0
1770.2848655668226,833.1579913297879,1062.8959863743933,736.236597043577,1.485661504706754,0.0,0.0,19.54,396652439.0,129902884.0,526555323.0
24.284565741874925,1187.4257582207083,684.700505171697,288.53456978185676,1.3904545798577672,10926.0,0.0,8.76,421131756.0,19789684.0,440921440.0
93.97394540149749,1304.748142530722,1423.3692165520704,406.7397191069835,0.9864381502153496,0.0,0.0,14.36,278147281.0,45845023.0,323992304.0
1273.6274057026974,1897.0751581088364,1963.6776722317375,748.5262191212092,1.4917055927074103,0.0,1955.8,22.7,383211108.0,144251876.0,527462984.0
388.54525672686356,2764.5898836787856,1103.2764393998334,712.5094992012175,1.1805308775047336,0.0,218913.1,25.05,291434098.0,109099033.0,400533131.0
442.83485910143185,166.02408837840196,1676.57651465339,814.8083485866593,0.9975238402718019,0.0,0.0,6.86,305889611.0,48457565.0,354347176.0
1345.2021755489075,2677.973332931746,1115.2499907623812,317.2289030961053,1.4285675413114762,4284.4,107465.5,28.87,336174444.0,165116616.0,501291060.0
1339.4887292738829,2614.389568610277,1304.229059004664,721.288671585088,0.9870402869606665,0.0,382002.6,37.68,202519326.0,166893624.0,369412950.0
1923.6093204790884,1037.4931965893609,1673.1024460599158,893.3842040969141,1.2907341639960248,0.0,0.0,25.47,317050006.0,161681861.0,478731867.0
1247.4570889550337,395.84500655283915,872.4424521592566,611.6443846481418,0.9491215634896637,0.0,0.0,19.54,251414469.0,76173575.0,327588044.0
232.3982939306792,3606.336956039168,664.4683019251892,349.7324872911639,1.0509174903599352,0.0,695899.5,28.9,245992969.0,138223116.0,384216084.0
1346.9512193955675,1717.2654691086723,1580.8619147470085,512.4948318557869,0.9092495881702295,0.0,94620.0,34.96,194708681.0,131020171.0,325728852.0
1006.4032088313689,200.32986485903166,1653.5727609628545,113.65808498470065,1.0301724089794895,0.0,0.0,13.37,293820010.0,76515964.0,370335975.0
959.0275312272182,708.5181211035047,1078.4399203940632,460.6984244467053,1.4715135665503734,2123.6,0.0,12.44,428300518.0,55523233.0,483823752.0
184.25887953181947,2093.537335214838,1440.7992192879674,127.62700905585633,1.2818772766544408,8701.7,19352.5,17.85,347040955.0,85525369.0,432566325.0
1801.9384279440876,2858.8269856442066,1870.341380858116,720.5856967409449,1.1363920978033906,0.0,395581.8,39.5,226389426.0,238051721.0,464441147.0
1919.1411368718407,818.0450664417266,1167.4045570500284,765.6579450946693,1.4233687001972875,0.0,0.0,21.52,369514189.0,146653696.0,516167885.0
1910.9903433308027,308.46160762097816,1452.1183389083903,204.10429344101544,1.3674716648921101,8097.7,0.0,18.59,367103413.0,154130875.0,521234288.0
1460.9380910815744,658.3090617191264,1665.6603448390567,461.7888040185616,1.2263136911406263,0.0,0.0,19.3,325950849.0,118790805.0,444741654.0
2025.376826138128,2383.550882695055,1177.1262900495547,16.762772363767663,1.0195289010563637,0.0,315221.0,42.88,191757712.0,215020092.0,406777803.0
55.38890288912022,1209.9241053496228,689.0167060546477,530.330070391844,1.3138610681955103,0.0,0.0,9.71,392399788.0,19914434.0,412314222.0
373.9346834038129,2184.005547539365,1833.952549057814,185.0078561592079,1.2954528181592184,4158.3,30293.1,19.97,341899556.0,101381816.0,443281372.0
95.0533595102269,1928.0659124767808,1483.0785142115592,34.041781190143006,1.1001992346855207,3.9,31253.1,18.21,296269348.0,78528932.0,374798280.0
1830.5403145422977,818.4916587541402,1445.7491087913927,612.2382739274948,0.998212599575697,0.0,434.5,29.64,231248854.0,146526221.0,377775076.0
1546.4601666521182,1931.4540047068776,224.05160145256642,949.3714032652699,1.1951772174861204,0.0,46163.6,30.84,272201119.0,120845096.0,393046215.0
1553.4935405642616,790.2519638584199,274.3664188087043,741.3067761299187,1.3042945071350291,0.0,0.0,19.99,344144001.0,87115821.0,431259822.0
571.5145288626159,2709.008870922047,1009.9845220370051,348.59725664740625,1.3721350904877962,1203.1,110440.3,23.66,346559643.0,103642120.0,450201763.0
1285.9920286255035,1841.3841684783474,1546.2141935019263,544.8283598060093,1.4631206597601532,173.1,2083.9,22.86,374446069.0,130560562.0,505006631.0
1705.6461194618903,1300.220889046915,929.8385010925169,957.3330686953884,1.43712263687635,0.0,0.0,22.93,366644642.0,124575979.0,491220621.0
398.6218459675394,995.7229131487561,728.8410387239442,879.8490361439038,1.4564503871371586,0.0,0.0,10.05,436572341.0,21065464.0,457637805.0
1672.8794020734194,1000.8216591987515,1774.129613270463,32.881125940698475,1.1536820885343109,1.5,0.0,25.64,282429237.0,141474942.0,423904179.0
787.3556984116728,1942.9197694336028,1121.2811144696577,225.40448684345893,1.0227334216714536,0.0,77703.9,27.1,245479195.0,77328480.0,322807675.0
1675.4363438866435,276.59437615863214,986.5720877240909,191.64640659767895,1.0917403350725867,0.0,0.0,20.48,285828684.0,118948262.0,404776946.0
578.1588639736369,2571.9356801883505,912.0412065890988,299.4418344461037,1.398811198788123,5341.8,71343.8,22.62,358374706.0,94003319.0,452378025.0
178.8828695913222,2781.8891430693143,496.6255158005957,918.0192226267826,0.9033354512217293,0.0,437523.1,27.27,216307608.0,92424390.0,308731998.0
1160.6430583942226,2258.8218920201653,1154.6006652938008,815.0152921990125,0.9672984048502867,0.0,231373.9,34.5,208596756.0,128412679.0,337009435.0
866.4342689500381,3135.3644860625045,1777.470577057982,498.3444032387655,1.2347801363220479,0.0,350206.8,30.18,284018546.0,162813001.0,446831547.0
1592.7490984214428,2829.985731304069,1776.1625990117218,843.8573991830431,1.1486539877185766,0.0,351997.8,37.16,237683456.0,214602004.0,452285461.0
1354.735685693404,1754.1439860380947,235.92293284026346,821.6809200050626,1.261058117820304,0.0,12726.0,26.36,305979916.0,94697482.0,400677399.0
120.94084993532769,2457.03185280257,566.2020717942036,69.26520871668073,1.2639533488101868,14278.5,80688.7,19.81,333538103.0,78300743.0,411838846.0
1526.6550438594727,1877.7419883870161,11.29654714018491,576.8827369426034,0.903965445190776,0.0,161771.4,38.37,183419361.0,110201415.0,293620776.0
1931.5613082044908,970.3177225419389,1742.0132069940485,12.10928861687055,0.9583299062953022,0.0,5886.9,33.62,209449460.0,164407044.0,373856503.0
941.1863150965398,2753.744785961189,1885.1234010012734,521.0948151684298,1.1132764281999576,0.0,298095.4,31.4,251467970.0,153865652.0,405333621.0
92.8962157273225,2118.8653824115236,760.0875289970675,909.1334846750409,1.1880355337040005,0.0,39833.7,18.37,319473819.0,67108934.0,386582753.0
1595.9569598255828,3079.0042174200717,196.55522335550856,440.84630775624476,1.4362304586073873,400.2,233660.0,32.48,320975594.0,181610927.0,502586521.0
884.9892969965568,2051.510025391609,1746.2078945976953,232.5935866897927,1.4367489976940782,19826.0,8145.6,21.43,373279153.0,109789412.0,483068564.0
827.804258180348,2152.710983032406,656.0789641317064,527.11905375959,0.9295714818135016,0.0,195356.8,31.05,211032746.0,78033432.0,289066178.0
136.06704837282163,1505.4436258334354,669.903846867157,615.7918102751082,0.9227461002262838,0.0,14495.2,17.87,249510210.0,34035737.0,283545947.0
349.5891764014184,760.8185756766255,880.9835370596008,246.83476237895275,0.9825976114846384,0.0,0.0,11.91,284954413.0,25462791.0,310417203.0
1245.941109836383,2700.2552794256953,1370.5361335944435,276.1800952275212,1.4126669018201783,5728.6,115629.5,28.46,334077518.0,164446081.0,498523599.0
1275.6492441061337,2231.2401246569484,425.69690343291455,242.21288733615353,1.184850130462863,0.0,99710.8,30.42,271477985.0,116583469.0,388061455.0
495.85684971961865,2497.7221834419165,617.1090245115165,151.91615396134915,0.9909683122640836,0.0,260490.3,27.9,235249833.0,81793046.0,317042879.0
265.26991861276997,1596.292786647939,6.08007269524502,542.3722883025308,1.0789817537517303,0.0,6496.8,17.62,292651934.0,19361626.0,312013560.0
1151.9183625520475,3395.594250792947,1738.0952203669674,576.4298399384555,1.150842187583235,0.0,569713.1,35.23,245436313.0,200932244.0,446368557.0
1456.086169207026,3350.995777427012,979.0941358790994,99.30772408531863,1.359652920254394,16058.7,382585.6,33.78,296246797.0,204835903.0,501082700.0
21.849035869790935,2775.6376810956453,169.83320777313992,106.61657436628691,1.3690241220069157,57817.1,110383.2,19.51,362185668.0,82668724.0,444854392.0
1437.6527547069202,2039.7083594919955,1641.1703854203872,851.3685107437633,1.174507353393772,0.0,66002.9,31.02,266800322.0,157144075.0,423944396.0
2077.2827625087107,1298.0151808899595,343.01553324159653,845.9764431198917,1.1493421677355982,0.0,8908.6,32.34,256023130.0,141784762.0,397807892.0
1823.3317728116608,222.03383050016666,222.10422301328325,40.272661223962444,1.2612065761814462,10392.0,0.0,18.66,337428505.0,110494694.0,447923199.0
1734.4368176279017,1461.6586444994784,181.39089934204745,373.46882743095347,1.1088276794038379,0.0,14717.2,31.32,250707252.0,113617519.0,364324771.0
1341.6389631331792,2367.310412530692,206.04743450270612,420.1767775255274,1.2855087160912593,0.0,93927.9,29.75,297665241.0,123079947.0,420745188.0
539.7256211612224,1477.7014400983737,1227.3898632900377,402.87070124490185,0.9185165829393408,0.0,18909.4,22.73,233686002.0,48770717.0,282456719.0
464.15435047051966,2817.1737195098513,497.0081575000613,817.711446064614,1.1801446954210943,0.0,242667.5,26.0,287598110.0,94187918.0,381786028.0
986.0405710563247,2796.9738616529016,766.5870260317902,238.48059215237095,0.9630194260304599,0.0,458224.2,35.27,205231674.0,127821268.0,333052942.0
1400.9320918118815,1705.8914194481665,1618.8137614002535,457.67470857430635,1.1488864050689045,0.0,21863.4,28.89,268995994.0,136531268.0,405527262.0
623.1065952958272,723.9231787734988,1660.8738892969293,95.21137094676635,1.4412766340109875,108409.3,0.0,10.08,424269306.0,48003717.0,472273023.0
56.10558032987578,1895.7759768929168,116.65712430216857,779.6071213096329,1.026897914435468,0.0,44992.8,18.59,275216910.0,37431948.0,312648858.0
1179.9485714531766,3326.699352405128,1298.5178712248523,178.31996497391543,1.3780066612529405,10464.9,337331.5,31.21,312595879.0,187390950.0,499986828.0
920.4849801954083,47.83156018420674,973.5299402156701,812.4846772633402,1.1579745785001678,0.0,0.0,9.71,344279549.0,48935958.0,393215507.0
1581.3224852507842,2561.058960859891,913.8246346765695,323.28258502544736,1.3359240009372937,216.3,130023.7,31.85,300319011.0,175267440.0,475586451.0
769.1949009844919,617.4161974250056,641.7261230559587,876.8391929280482,1.0700334672824314,0.0,0.0,14.18,302317492.0,25391213.0,327708705.0
489.8927151512748,484.3148567519407,110.35568913544802,976.6923541996315,1.2220660963563663,0.0,0.0,8.65,367860549.0,3189576.0,371050125.0
1521.3087003941544,2805.8936121334,704.633989440945,798.9059101612211,1.4768905466520292,0.0,125547.6,30.03,342808144.0,175845839.0,518653983.0
1546.5734577515138,2583.5912497858876,864.4675731640401,841.3201258087947,0.9533024250740099,0.0,422835.6,40.71,186083529.0,171754805.0,357838335.0
1563.0905400244626,1314.0365579785716,1131.9478315955826,892.9637698970272,1.2630117359726851,0.0,95.5,24.88,312603737.0,117954592.0,430558329.0
53.337490805741886,2623.055589248839,1858.0490124072785,642.0119453105593,1.4168520464757441,0.0,60844.0,18.46,384567789.0,123884444.0,508452233.0
1720.7416498879331,3126.4909872317835,688.2008053845497,474.16352710868114,1.4088201030178389,34.2,276324.0,34.12,306797942.0,209689231.0,516487173.0
1898.181028732084,533.0346423128796,363.06475918296786,346.82960005493436,1.3621786969076148,225.2,0.0,20.21,358847554.0,121472793.0,480320346.0
1824.3357128827108,2106.2717132941434,226.53635078646195,303.74822996716597,1.414213803886579,2984.2,31274.4,29.72,328423469.0,155230273.0,483653741.0
