timestamp_utc,demand_mw,generation_mw,wind_generation_mw,imports_mw,exports_mw
2018-12-31 22:00:00+00:00,839.3318786,857.4458211,225.3055546,0.0,18.0
2018-12-31 23:00:00+00:00,843.7536621,851.6074016,219.1582695,0.0,8.0
2019-01-01 00:00:00+00:00,819.4388682,883.953898,222.9663693,0.0,64.50000000000001
2019-01-01 01:00:00+00:00,791.0565033,866.3484649,217.8522948,0.0,75.19999999999999
2019-01-01 02:00:00+00:00,769.7715301,837.2652996,210.0349331,0.0,67.5
2019-01-01 03:00:00+00:00,763.4961497,822.5314685,188.7411104,0.0,58.9
2019-01-01 04:00:00+00:00,764.9538217,827.512207,184.9711768,0.0,62.500000000000014
2019-01-01 05:00:00+00:00,778.9326934,830.3330741,181.0696253,0.0,51.400000000000006
2019-01-01 06:00:00+00:00,798.6041464,967.5342408,186.681207,0.0,168.79999999999998
2019-01-01 07:00:00+00:00,798.3657278,945.6509247,194.0079878,0.0,147.2
2019-01-01 08:00:00+00:00,827.0138803,834.5467224,179.744225,0.0,7.599999999999994
2019-01-01 09:00:00+00:00,862.5908661,788.9805958,157.5299063,73.70000000000002,0.0
2019-01-01 10:00:00+00:00,875.6680704,772.3797762,149.0581783,103.39999999999998,0.0
2019-01-01 11:00:00+00:00,881.9313814,746.9481913,119.1849323,135.0,0.0
2019-01-01 12:00:00+00:00,894.0642853,749.18957,109.8277328,144.90000000000003,0.0
2019-01-01 13:00:00+00:00,898.2611238,745.3740184,118.5095276,152.79999999999995,0.0
2019-01-01 14:00:00+00:00,967.2640178,760.4866639,121.8224487,206.89999999999998,0.0
2019-01-01 15:00:00+00:00,981.7775116,777.4194896,142.3692497,204.29999999999995,0.0
2019-01-01 16:00:00+00:00,990.5658111,785.3116557,117.7084557,205.29999999999995,0.0
2019-01-01 17:00:00+00:00,973.4756164,876.0929413,135.9648408,97.39999999999998,0.0
2019-01-01 18:00:00+00:00,964.643331,883.1601358,129.40788,81.5,0.0
2019-01-01 19:00:00+00:00,938.5084382,858.4297588,104.5078236,80.10000000000002,0.0
2019-01-01 20:00:00+00:00,882.9233348,869.0308074,107.4572565,13.800000000000011,0.0
2019-01-01 21:00:00+00:00,848.6108601,812.9654745,116.0071614,35.7,0.0
2019-01-01 22:00:00+00:00,797.8390708,783.6903433,145.632996,14.099999999999994,0.0
2019-01-01 23:00:00+00:00,759.3913727,765.7370045,140.0742084,0.0,6.300000000000011
2019-01-02 00:00:00+00:00,734.6094107,758.9716797,130.5691345,0.0,24.200000000000017
2019-01-02 01:00:00+00:00,716.0558776,762.0369264,138.8010449,0.0,45.900000000000006
2019-01-02 02:00:00+00:00,717.4471282,757.0145416,129.7422982,0.0,39.70000000000002
2019-01-02 03:00:00+00:00,747.8122559,770.6304372,139.5275891,0.0,22.900000000000006
2019-01-02 04:00:00+00:00,847.1767883,951.9544575,146.0979918,0.0,104.69999999999999
2019-01-02 05:00:00+00:00,972.4705558,1010.805954,137.8493674,0.0,38.30000000000001
2019-01-02 06:00:00+00:00,1089.378479,1019.845449,127.9891052,69.49999999999994,0.0
2019-01-02 07:00:00+00:00,1132.851095,1062.195709,139.3538942,70.59999999999997,0.0
2019-01-02 08:00:00+00:00,1162.822754,1013.15681,161.2100943,149.60000000000002,0.0
2019-01-02 09:00:00+00:00,1178.216044,985.3849335,168.1790477,192.90000000000003,0.0
2019-01-02 10:00:00+00:00,1186.590973,1020.185623,172.8633665,166.39999999999992,0.0
2019-01-02 11:00:00+00:00,1202.43748,1043.178548,190.7745013,159.19999999999993,0.0
2019-01-02 12:00:00+00:00,1205.647837,1043.749288,192.8866372,161.89999999999998,0.0
2019-01-02 13:00:00+00:00,1216.91981,1026.904775,196.6120169,190.10000000000002,0.0
2019-01-02 14:00:00+00:00,1267.697856,1102.898865,194.9484842,164.89999999999998,0.0
2019-01-02 15:00:00+00:00,1253.373891,1098.740631,199.1340003,154.59999999999997,0.0
2019-01-02 16:00:00+00:00,1228.056152,1108.020111,200.5112239,120.20000000000005,0.0
2019-01-02 17:00:00+00:00,1181.55778,1105.735331,199.3774537,75.80000000000007,0.0
2019-01-02 18:00:00+00:00,1152.693237,1112.04834,205.4975019,40.700000000000045,0.0
2019-01-02 19:00:00+00:00,1101.917053,1110.292714,203.5659315,0.0,8.400000000000034
2019-01-02 20:00:00+00:00,1037.630483,1105.042674,201.0369713,0.0,67.39999999999998
2019-01-02 21:00:00+00:00,980.2249503,1115.390574,205.9368239,0.0,135.19999999999996
2019-01-02 22:00:00+00:00,925.9018605,1051.824651,209.4140664,0.0,125.89999999999995
2019-01-02 23:00:00+00:00,885.8182576,1046.215958,200.3171139,0.0,160.40000000000003
2019-01-03 00:00:00+00:00,864.9888612,1059.315074,204.3866697,0.0,194.30000000000007
2019-01-03 01:00:00+00:00,857.0957643,1071.630148,208.2882205,0.0,214.59999999999997
2019-01-03 02:00:00+00:00,859.2405446,1081.500936,204.4527519,0.0,222.3
2019-01-03 03:00:00+00:00,890.3323263,1083.301412,202.0595638,0.0,192.90000000000006
2019-01-03 04:00:00+00:00,981.6077577,1098.278249,201.6812333,0.0,116.6
2019-01-03 05:00:00+00:00,1102.635417,1093.806234,190.8352263,8.900000000000006,0.0
2019-01-03 06:00:00+00:00,1220.751536,1094.473562,186.0040342,126.19999999999999,0.0
2019-01-03 07:00:00+00:00,1254.109833,1077.327372,177.0868918,176.90000000000003,0.0
2019-01-03 08:00:00+00:00,1272.280009,1075.456889,170.8885191,196.79999999999995,0.0
2019-01-03 09:00:00+00:00,1273.789215,1070.631073,176.8179167,203.2,0.0
2019-01-03 10:00:00+00:00,1264.217753,1072.68632,171.6966701,191.8,0.0
2019-01-03 11:00:00+00:00,1284.298157,1068.44477,168.0253303,215.40000000000003,0.0
2019-01-03 12:00:00+00:00,1263.348236,1052.890981,151.4254315,210.39999999999998,0.0
2019-01-03 13:00:00+00:00,1277.83551,1029.975286,131.5233908,248.0,0.0
2019-01-03 14:00:00+00:00,1325.391825,1018.306559,119.1381964,307.2,0.0
2019-01-03 15:00:00+00:00,1333.340841,994.8015085,99.20867442,338.59999999999997,0.0
2019-01-03 16:00:00+00:00,1316.310577,975.8011628,79.62501483,340.50000000000006,0.0
2019-01-03 17:00:00+00:00,1282.022797,959.3186595,65.59297058,322.79999999999995,0.0
2019-01-03 18:00:00+00:00,1258.557811,960.2582552,43.07834317,298.4,0.0
2019-01-03 19:00:00+00:00,1208.6238,963.2242279,31.36832908,245.39999999999998,0.0
2019-01-03 20:00:00+00:00,1140.324982,966.4592795,19.3466185,173.89999999999998,0.0
2019-01-03 21:00:00+00:00,1062.001668,963.4987998,9.75392125,98.50000000000011,0.0
2019-01-03 22:00:00+00:00,992.7805379,939.5119833,11.24014483,53.200000000000045,0.0
2019-01-03 23:00:00+00:00,949.9649048,977.5104828,24.11788933,0.0,27.700000000000045
2019-01-04 00:00:00+00:00,917.2593128,968.2018686,31.12070267,0.0,50.89999999999998
2019-01-04 01:00:00+00:00,901.0661672,964.0205179,45.97034258,0.0,63.00000000000006
2019-01-04 02:00:00+00:00,901.1404063,981.5465038,63.78024683,0.0,80.40000000000003
2019-01-04 03:00:00+00:00,922.6235301,1005.712514,85.83208808,0.0,83.10000000000002
2019-01-04 04:00:00+00:00,1021.300456,1035.20992,120.1198276,0.0,13.900000000000034
2019-01-04 05:00:00+00:00,1144.804311,1109.771719,135.2778722,35.200000000000045,0.0
2019-01-04 06:00:00+00:00,1277.641927,1193.407054,125.5634207,84.29999999999995,0.0
2019-01-04 07:00:00+00:00,1315.892843,1175.356303,105.5718026,140.5999999999999,0.0
2019-01-04 08:00:00+00:00,1333.624664,1154.589498,86.43269683,179.10000000000002,0.0
2019-01-04 09:00:00+00:00,1343.442657,1138.929708,71.35898283,204.5,0.0
2019-01-04 10:00:00+00:00,1327.867615,1101.089467,68.46788558,226.69999999999993,0.0
2019-01-04 11:00:00+00:00,1342.302287,1130.263448,70.22595708,212.10000000000014,0.0
2019-01-04 12:00:00+00:00,1323.106547,1130.047302,62.19358242,193.0999999999999,0.0
2019-01-04 13:00:00+00:00,1318.921834,1137.35026,65.33805025,181.60000000000002,0.0
2019-01-04 14:00:00+00:00,1345.022034,1131.826416,61.94564217,213.60000000000002,0.0
2019-01-04 15:00:00+00:00,1330.670654,1128.492737,61.78478125,202.29999999999995,0.0
2019-01-04 16:00:00+00:00,1306.227061,1134.502207,66.03636667,171.60000000000002,0.0
2019-01-04 17:00:00+00:00,1252.758097,1123.093628,60.51707233,129.70000000000005,0.0
2019-01-04 18:00:00+00:00,1209.883667,1127.392324,59.50122125,82.5,0.0
2019-01-04 19:00:00+00:00,1159.541494,1034.943008,50.35523092,124.60000000000008,0.0
2019-01-04 20:00:00+00:00,1080.924723,952.5721028,58.43998675,128.4999999999999,0.0
2019-01-04 21:00:00+00:00,1016.413056,929.9486187,60.92176567,86.60000000000002,0.0
2019-01-04 22:00:00+00:00,953.6608683,914.0819449,68.71701175,39.5,0.0
2019-01-04 23:00:00+00:00,910.755615,911.3761748,86.63440075,0.0,0.6000000000000227
2019-01-05 00:00:00+00:00,879.9925588,920.7314301,98.70721842,0.0,40.799999999999955
2019-01-05 01:00:00+00:00,856.3945617,928.0629679,109.4983982,0.0,71.69999999999999
2019-01-05 02:00:00+00:00,851.1657971,904.0503031,103.7441829,0.0,52.89999999999998
2019-01-05 03:00:00+00:00,865.4752858,900.3630728,110.3336842,0.0,34.900000000000034
2019-01-05 04:00:00+00:00,902.7099508,907.3822887,120.5451431,0.0,4.600000000000023
2019-01-05 05:00:00+00:00,949.8894449,892.0554199,112.5682685,57.900000000000034,0.0
2019-01-05 06:00:00+00:00,1014.75355,895.621999,121.4133509,119.20000000000005,0.0
2019-01-05 07:00:00+00:00,1058.136149,943.9569093,127.3098844,114.10000000000002,0.0
2019-01-05 08:00:00+00:00,1110.567261,1003.67452,118.8325936,106.80000000000001,0.0
2019-01-05 09:00:00+00:00,1136.212138,996.1042989,101.7284828,140.19999999999993,0.0
2019-01-05 10:00:00+00:00,1142.298706,978.2061463,76.09835775,164.19999999999993,0.0
2019-01-05 11:00:00+00:00,1151.929474,973.6235302,69.80280017,178.5,0.0
2019-01-05 12:00:00+00:00,1146.9587,972.5707651,71.51608175,174.60000000000002,0.0
2019-01-05 13:00:00+00:00,1159.659597,969.5254822,68.85233683,190.30000000000007,0.0
2019-01-05 14:00:00+00:00,1210.773234,967.3051299,65.47460467,243.39999999999998,0.0
2019-01-05 15:00:00+00:00,1221.430827,950.9641266,61.63093225,270.49999999999994,0.0
2019-01-05 16:00:00+00:00,1220.710958,952.5930431,51.91108233,267.9999999999999,0.0
2019-01-05 17:00:00+00:00,1201.034475,945.9515839,43.92205425,255.5,0.0
2019-01-05 18:00:00+00:00,1171.660634,939.5350138,36.79001025,232.39999999999998,0.0
2019-01-05 19:00:00+00:00,1113.85317,927.0578409,36.37708292,187.0,0.0
2019-01-05 20:00:00+00:00,1055.352641,926.0437723,32.40267675,129.4,0.0
2019-01-05 21:00:00+00:00,997.1446127,915.0587056,20.3926935,82.1,0.0
2019-01-05 22:00:00+00:00,945.9491118,911.483724,17.59001075,34.50000000000006,0.0
2019-01-05 23:00:00+00:00,912.7339325,830.8725585,16.79763942,82.0,0.0
2019-01-06 00:00:00+00:00,887.226766,848.3688303,18.46706842,38.89999999999998,0.0
2019-01-06 01:00:00+00:00,873.9725494,824.4951323,14.50488867,49.30000000000001,0.0
2019-01-06 02:00:00+00:00,872.2964224,804.537923,9.63393925,67.80000000000001,0.0
2019-01-06 03:00:00+00:00,882.8251191,812.8997192,9.3303385,70.0,0.0
2019-01-06 04:00:00+00:00,914.2349702,808.5277405,8.219120083,105.5,0.0
2019-01-06 05:00:00+00:00,948.2093253,813.6224723,8.1042815,134.7,0.0
2019-01-06 06:00:00+00:00,997.0285339,816.2621461,8.66976525,180.89999999999998,0.0
2019-01-06 07:00:00+00:00,1036.7143,831.0797883,7.06390475,205.60000000000002,0.0
2019-01-06 08:00:00+00:00,1093.219421,905.2097423,6.68417,188.20000000000005,0.0
2019-01-06 09:00:00+00:00,1115.207937,942.6618348,6.695912833,172.7,0.0
2019-01-06 10:00:00+00:00,1118.939484,942.9119568,7.227378583,176.20000000000005,0.0
2019-01-06 11:00:00+00:00,1120.910797,960.5111543,12.39447017,160.39999999999998,0.0
2019-01-06 12:00:00+00:00,1117.212789,1050.391871,18.39257367,67.0,0.0
2019-01-06 13:00:00+00:00,1135.60852,1040.127553,23.25353292,95.19999999999999,0.0
2019-01-06 14:00:00+00:00,1198.795329,1111.75765,32.27567508,87.0,0.0
2019-01-06 15:00:00+00:00,1231.14799,1222.226552,40.94354283,9.000000000000114,0.0
2019-01-06 16:00:00+00:00,1223.434855,1205.985057,49.73346867,17.5,0.0
2019-01-06 17:00:00+00:00,1201.863169,1214.289398,63.21059667,0.0,12.399999999999977
2019-01-06 18:00:00+00:00,1169.455495,1228.675975,74.77088683,0.0,59.200000000000045
2019-01-06 19:00:00+00:00,1121.487518,1272.41508,104.4139612,0.0,150.99999999999994
2019-01-06 20:00:00+00:00,1030.152013,1272.525869,117.3944128,0.0,242.3
2019-01-06 21:00:00+00:00,962.1835023,1175.166992,114.9842813,0.0,212.89999999999998
2019-01-06 22:00:00+00:00,908.6708832,1052.25415,105.9199613,0.0,144.20000000000002
2019-01-06 23:00:00+00:00,879.7107442,1209.323995,118.8713163,0.0,329.8
2019-01-07 00:00:00+00:00,865.6162618,1273.352204,128.4193756,0.0,407.8
2019-01-07 01:00:00+00:00,857.7243398,1287.712697,149.2473869,0.0,430.09999999999997
2019-01-07 02:00:00+00:00,864.5163573,1301.782155,154.9461908,0.0,437.4
2019-01-07 03:00:00+00:00,898.2835489,1331.673004,158.7665411,0.0,433.29999999999995
2019-01-07 04:00:00+00:00,1024.367533,1389.862193,154.6540957,0.0,365.09999999999997
2019-01-07 05:00:00+00:00,1183.103353,1398.054169,149.0167337,0.0,214.89999999999992
2019-01-07 06:00:00+00:00,1301.375987,1386.856405,142.4996857,0.0,85.60000000000002
2019-01-07 07:00:00+00:00,1318.889445,1378.291077,131.3279277,0.0,58.700000000000045
2019-01-07 08:00:00+00:00,1324.76299,1354.433431,115.1102378,0.0,29.5
2019-01-07 09:00:00+00:00,1328.835531,1342.225139,98.98273633,0.0,13.400000000000091
2019-01-07 10:00:00+00:00,1300.686127,1313.174886,86.56345792,0.0,12.399999999999977
2019-01-07 11:00:00+00:00,1324.426249,1299.046153,74.89466117,25.499999999999886,0.0
2019-01-07 12:00:00+00:00,1312.441864,1309.336182,67.32916208,3.199999999999932,0.0
2019-01-07 13:00:00+00:00,1314.398783,1056.765747,58.46373767,257.5999999999999,0.0
2019-01-07 14:00:00+00:00,1343.129903,998.9506378,45.66183933,344.20000000000005,0.0
2019-01-07 15:00:00+00:00,1328.15091,981.7377624,29.97450475,346.29999999999995,0.0
2019-01-07 16:00:00+00:00,1300.596995,1047.707021,22.41817192,252.89999999999998,0.0
2019-01-07 17:00:00+00:00,1261.173248,1200.671071,19.61015783,60.499999999999886,0.0
2019-01-07 18:00:00+00:00,1217.744141,1265.936991,17.5350695,0.0,48.100000000000136
2019-01-07 19:00:00+00:00,1164.464966,1263.118276,19.7536615,0.0,98.59999999999991
2019-01-07 20:00:00+00:00,1073.050105,1275.478953,30.50001267,0.0,202.3
2019-01-07 21:00:00+00:00,974.4433033,1240.778015,45.44331125,0.0,266.1
2019-01-07 22:00:00+00:00,915.480072,1225.276683,54.89779442,0.0,310.00000000000006
2019-01-07 23:00:00+00:00,886.9833426,1047.637828,64.29347058,0.0,160.40000000000003
2019-01-08 00:00:00+00:00,864.5338899,1040.728078,72.55875192,0.0,176.3
2019-01-08 01:00:00+00:00,853.9886018,1069.248423,82.72265725,0.0,215.00000000000003
2019-01-08 02:00:00+00:00,859.1077168,1076.833028,92.21525292,0.0,217.6
2019-01-08 03:00:00+00:00,887.3285879,1080.237233,99.7866435,0.0,192.89999999999995
2019-01-08 04:00:00+00:00,1005.693507,1063.107707,90.36761242,0.0,57.29999999999998
2019-01-08 05:00:00+00:00,1151.963908,1144.9216,91.16899442,6.899999999999977,0.0
2019-01-08 06:00:00+00:00,1278.233002,1317.067668,95.46427583,0.0,38.700000000000045
2019-01-08 07:00:00+00:00,1291.19105,1319.438283,83.98956842,0.0,28.299999999999955
2019-01-08 08:00:00+00:00,1286.874145,1286.946899,73.58081767,0.0,0.0
2019-01-08 09:00:00+00:00,1280.044545,1298.425456,71.04263567,0.0,18.299999999999955
2019-01-08 10:00:00+00:00,1268.456228,1311.876505,72.94747417,0.0,43.5
2019-01-08 11:00:00+00:00,1282.623494,1298.803518,65.86805675,0.0,16.200000000000045
2019-01-08 12:00:00+00:00,1274.697652,1292.654297,59.6500095,0.0,18.0
2019-01-08 13:00:00+00:00,1287.252736,1287.636007,57.62740567,0.0,0.10000000000013642
2019-01-08 14:00:00+00:00,1318.706339,1288.121236,55.70243583,30.500000000000114,0.0
2019-01-08 15:00:00+00:00,1317.762868,1287.98645,55.35650483,29.700000000000045,0.0
2019-01-08 16:00:00+00:00,1294.262014,1286.153992,51.8118,8.200000000000045,0.0
2019-01-08 17:00:00+00:00,1256.675232,1281.05839,50.29891717,0.0,24.299999999999955
2019-01-08 18:00:00+00:00,1220.296977,1272.641256,41.37700742,0.0,52.40000000000009
2019-01-08 19:00:00+00:00,1167.499674,1186.312866,36.751141,0.0,18.700000000000045
2019-01-08 20:00:00+00:00,1081.856283,1006.980128,30.26080617,74.69999999999999,0.0
2019-01-08 21:00:00+00:00,986.1512554,998.09847,25.74272825,0.0,11.899999999999977
2019-01-08 22:00:00+00:00,923.1587575,1002.909119,24.51202267,0.0,79.9
2019-01-08 23:00:00+00:00,890.4560293,1045.819987,23.57143767,0.0,155.3
2019-01-09 00:00:00+00:00,878.9756775,1045.31661,22.62137725,0.0,166.29999999999998
2019-01-09 01:00:00+00:00,884.0215198,1025.356847,18.28534625,0.0,141.2
2019-01-09 02:00:00+00:00,897.4651235,1014.019638,15.61330842,0.0,116.5
2019-01-09 03:00:00+00:00,934.1322275,1032.863495,13.87183158,0.0,98.80000000000001
2019-01-09 04:00:00+00:00,1052.915919,1128.870565,11.02890258,0.0,76.0
2019-01-09 05:00:00+00:00,1222.354869,1283.246877,9.685724583,0.0,60.599999999999966
2019-01-09 06:00:00+00:00,1328.55776,1287.291778,9.105996417,41.19999999999999,0.0
2019-01-09 07:00:00+00:00,1339.125071,1304.026062,7.669941083,35.19999999999993,0.0
2019-01-09 08:00:00+00:00,1326.979696,1275.871501,7.45720825,51.09999999999991,0.0
2019-01-09 09:00:00+00:00,1324.935537,1296.793132,7.0584455,28.09999999999991,0.0
2019-01-09 10:00:00+00:00,1305.06542,1275.622203,6.742840667,29.5,0.0
2019-01-09 11:00:00+00:00,1337.247487,1259.452891,7.566048167,77.89999999999986,0.0
2019-01-09 12:00:00+00:00,1322.752401,1270.223328,12.02658542,52.60000000000002,0.0
2019-01-09 13:00:00+00:00,1322.781494,1267.927613,15.39472375,55.00000000000006,0.0
2019-01-09 14:00:00+00:00,1356.497864,1274.749451,21.36671925,81.80000000000001,0.0
2019-01-09 15:00:00+00:00,1352.992808,1282.666667,27.40497133,70.10000000000002,0.0
2019-01-09 16:00:00+00:00,1325.881256,1322.367656,35.62480358,3.1999999999999886,0.0
2019-01-09 17:00:00+00:00,1302.114705,1337.013102,36.31024633,0.0,34.700000000000045
2019-01-09 18:00:00+00:00,1259.709229,1334.590688,33.9422905,0.0,74.80000000000001
2019-01-09 19:00:00+00:00,1223.243683,1321.91449,29.43892742,0.0,98.70000000000005
2019-01-09 20:00:00+00:00,1130.62029,1319.874837,24.59667075,0.0,189.2
2019-01-09 21:00:00+00:00,1018.664759,1344.105031,30.90752933,0.0,325.5
2019-01-09 22:00:00+00:00,947.8488209,1361.822072,33.6745125,0.0,414.0
2019-01-09 23:00:00+00:00,920.4735209,1380.967092,34.87096025,0.0,460.5
2019-01-10 00:00:00+00:00,906.0482329,1376.101532,28.73403775,0.0,470.00000000000006
2019-01-10 01:00:00+00:00,899.5995536,1471.595347,22.50360025,0.0,572.1
2019-01-10 02:00:00+00:00,901.6953328,1522.99291,22.72288458,0.0,621.0999999999999
2019-01-10 03:00:00+00:00,938.9757081,1557.076406,20.20544217,0.0,618.0999999999999
2019-01-10 04:00:00+00:00,1059.937358,1589.662842,17.53166408,0.0,529.6
2019-01-10 05:00:00+00:00,1214.17982,1579.202688,14.88033333,0.0,365.09999999999997
2019-01-10 06:00:00+00:00,1337.649587,1574.953918,10.35851775,0.0,237.20000000000005
2019-01-10 07:00:00+00:00,1354.280162,1570.763916,9.263928167,0.0,216.39999999999998
2019-01-10 08:00:00+00:00,1357.669393,1572.890269,7.450543833,0.0,214.89999999999998
2019-01-10 09:00:00+00:00,1351.523661,1565.475352,7.139563917,0.0,213.89999999999998
2019-01-10 10:00:00+00:00,1332.776103,1564.860321,6.682297083,0.0,231.99999999999994
2019-01-10 11:00:00+00:00,1355.948171,1564.277262,6.554231333,0.0,208.2
2019-01-10 12:00:00+00:00,1341.471863,1561.037201,6.883679417,0.0,219.39999999999998
2019-01-10 13:00:00+00:00,1350.713979,1555.260498,9.310319667,0.0,204.5
2019-01-10 14:00:00+00:00,1378.074555,1566.596344,12.60546508,0.0,188.29999999999995
2019-01-10 15:00:00+00:00,1372.57254,1480.445394,17.647443,0.0,107.79999999999995
2019-01-10 16:00:00+00:00,1346.118113,1516.573181,23.96039225,0.0,170.39999999999998
2019-01-10 17:00:00+00:00,1307.563192,1593.770986,37.22582042,0.0,286.1
2019-01-10 18:00:00+00:00,1265.316111,1618.99054,50.4215005,0.0,353.6
2019-01-10 19:00:00+00:00,1198.725566,1633.886556,76.13987483,0.0,435.2
2019-01-10 20:00:00+00:00,1117.575928,1658.325053,99.48975967,0.0,540.7
2019-01-10 21:00:00+00:00,1019.167816,1666.34257,136.6579207,0.0,647.0999999999999
2019-01-10 22:00:00+00:00,952.5701753,1690.503286,157.3360821,0.0,738.0
2019-01-10 23:00:00+00:00,911.1719106,1470.27299,178.0866971,0.0,559.0999999999999
2019-01-11 00:00:00+00:00,890.7051848,1384.163157,190.2778755,0.0,493.5
2019-01-11 01:00:00+00:00,884.5641531,1385.595367,193.4360976,0.0,501.0
2019-01-11 02:00:00+00:00,889.6690978,1392.345184,194.6732866,0.0,502.7
2019-01-11 03:00:00+00:00,929.6634267,1445.706574,198.0565978,0.0,516.0
2019-01-11 04:00:00+00:00,1049.398595,1470.639943,183.9387308,0.0,421.20000000000005
2019-01-11 05:00:00+00:00,1212.739288,1526.92038,159.4119354,0.0,314.30000000000007
2019-01-11 06:00:00+00:00,1333.419973,1515.025106,140.8413515,0.0,181.50000000000006
2019-01-11 07:00:00+00:00,1348.121511,1509.544078,137.1497538,0.0,161.4000000000001
2019-01-11 08:00:00+00:00,1350.406281,1472.778005,143.4026778,0.0,122.39999999999998
2019-01-11 09:00:00+00:00,1338.61436,1469.490916,147.6295716,0.0,130.69999999999993
2019-01-11 10:00:00+00:00,1310.149078,1491.766795,124.8243527,0.0,181.39999999999998
2019-01-11 11:00:00+00:00,1326.473246,1486.926544,119.9859932,0.0,160.40000000000003
2019-01-11 12:00:00+00:00,1284.74172,1494.054993,127.8175094,0.0,209.30000000000007
2019-01-11 13:00:00+00:00,1283.464773,1499.832316,133.0183609,0.0,216.5
2019-01-11 14:00:00+00:00,1300.537404,1506.899607,146.8334658,0.0,206.29999999999995
2019-01-11 15:00:00+00:00,1312.434102,1517.446096,155.4025386,0.0,204.89999999999998
2019-01-11 16:00:00+00:00,1274.231547,1526.184987,146.6809769,0.0,251.59999999999997
2019-01-11 17:00:00+00:00,1231.016764,1515.685496,138.3667606,0.0,284.59999999999997
2019-01-11 18:00:00+00:00,1192.688192,1530.136668,147.76121,0.0,337.29999999999995
2019-01-11 19:00:00+00:00,1125.703013,1543.654043,165.9038203,0.0,417.80000000000007
2019-01-11 20:00:00+00:00,1039.603867,1536.868245,163.6417805,0.0,497.2
2019-01-11 21:00:00+00:00,974.7621815,1532.935618,161.1230133,0.0,558.2
2019-01-11 22:00:00+00:00,918.2512563,1482.187877,148.276393,0.0,563.8
2019-01-11 23:00:00+00:00,882.4178977,1353.692423,142.5314137,0.0,471.2
2019-01-12 00:00:00+00:00,857.1004486,1262.854686,147.9328702,0.0,405.99999999999994
2019-01-12 01:00:00+00:00,841.7309519,1132.764821,152.4308266,0.0,290.79999999999995
2019-01-12 02:00:00+00:00,842.8682098,1097.374776,156.4613177,0.0,254.39999999999998
2019-01-12 03:00:00+00:00,855.2257996,1089.492198,143.6770534,0.0,234.2
2019-01-12 04:00:00+00:00,890.925471,1134.774292,138.7887956,0.0,243.89999999999998
2019-01-12 05:00:00+00:00,939.7674916,1106.011088,118.3988016,0.0,166.0
2019-01-12 06:00:00+00:00,1009.999227,1298.818095,98.17697067,0.0,288.90000000000003
2019-01-12 07:00:00+00:00,1061.713389,1278.15389,96.12787467,0.0,216.39999999999998
2019-01-12 08:00:00+00:00,1104.348785,1281.07075,82.19770108,0.0,176.70000000000005
2019-01-12 09:00:00+00:00,1108.897573,1286.463328,76.06869683,0.0,177.4999999999999
2019-01-12 10:00:00+00:00,1096.523132,1257.120789,56.82277683,0.0,160.5
2019-01-12 11:00:00+00:00,1096.805155,1252.141205,54.33336325,0.0,155.20000000000005
2019-01-12 12:00:00+00:00,1089.677653,1249.0383,54.60856917,0.0,159.10000000000002
2019-01-12 13:00:00+00:00,1104.651093,1262.457092,62.87968008,0.0,157.79999999999995
2019-01-12 14:00:00+00:00,1164.122426,1266.266469,67.87510908,0.0,102.00000000000011
2019-01-12 15:00:00+00:00,1202.388855,1248.840413,79.07128183,0.0,46.39999999999998
2019-01-12 16:00:00+00:00,1189.325948,1252.311503,80.06381575,0.0,62.999999999999886
2019-01-12 17:00:00+00:00,1160.554321,1249.318837,54.21757358,0.0,88.79999999999995
2019-01-12 18:00:00+00:00,1128.202454,1216.014537,46.4181945,0.0,87.79999999999995
2019-01-12 19:00:00+00:00,1086.606008,1182.315155,42.86296292,0.0,95.70000000000005
2019-01-12 20:00:00+00:00,1031.519302,1177.036865,42.71662425,0.0,145.39999999999998
2019-01-12 21:00:00+00:00,975.5886536,1198.971049,31.77924008,0.0,223.39999999999998
2019-01-12 22:00:00+00:00,929.4760793,1193.344971,22.58608058,0.0,263.80000000000007
2019-01-12 23:00:00+00:00,900.5859018,1069.098979,26.45711925,0.0,168.5
2019-01-13 00:00:00+00:00,884.2314047,1040.466909,30.37626833,0.0,156.3
2019-01-13 01:00:00+00:00,875.5837199,1040.68163,30.07445192,0.0,164.99999999999997
2019-01-13 02:00:00+00:00,876.0844878,1043.230637,30.82973992,0.0,166.99999999999997
2019-01-13 03:00:00+00:00,886.3454744,1049.196365,32.47109692,0.0,163.0
2019-01-13 04:00:00+00:00,912.0571543,1066.894908,37.6814925,0.0,154.80000000000004
2019-01-13 05:00:00+00:00,950.2042234,1055.544891,38.18571017,0.0,105.39999999999998
2019-01-13 06:00:00+00:00,1014.09259,1056.399414,40.67837767,0.0,42.30000000000001
2019-01-13 07:00:00+00:00,1052.176025,1058.988932,45.81634808,0.0,6.7000000000000455
2019-01-13 08:00:00+00:00,1096.476481,1048.363617,55.428362,48.19999999999999,0.0
2019-01-13 09:00:00+00:00,1116.592814,1077.542236,55.9325225,39.0,0.0
2019-01-13 10:00:00+00:00,1117.60554,1066.684224,46.87394642,50.89999999999998,0.0
2019-01-13 11:00:00+00:00,1106.40389,1064.937368,47.44551208,41.5,0.0
2019-01-13 12:00:00+00:00,1100.476481,1053.698385,48.59934792,46.80000000000001,0.0
2019-01-13 13:00:00+00:00,1111.05953,1022.889415,49.17441342,88.19999999999999,0.0
2019-01-13 14:00:00+00:00,1164.427307,1023.618673,51.53658158,140.79999999999995,0.0
2019-01-13 15:00:00+00:00,1204.763051,1072.618012,54.21354333,132.3,0.0
2019-01-13 16:00:00+00:00,1200.746307,1087.144491,59.40773617,113.60000000000002,0.0
2019-01-13 17:00:00+00:00,1191.70579,1032.144918,51.63815933,159.60000000000002,0.0
2019-01-13 18:00:00+00:00,1166.562632,1023.309876,45.32422717,143.2,0.0
2019-01-13 19:00:00+00:00,1127.78183,1021.611888,43.23436358,106.09999999999997,0.0
2019-01-13 20:00:00+00:00,1059.27715,881.829544,44.71768975,177.60000000000002,0.0
2019-01-13 21:00:00+00:00,987.8672231,858.1916248,41.80129567,129.70000000000002,0.0
2019-01-13 22:00:00+00:00,944.0520376,849.8088328,36.61972633,94.30000000000007,0.0
2019-01-13 23:00:00+00:00,916.0353291,800.6584879,33.32306042,115.40000000000003,0.0
2019-01-14 00:00:00+00:00,896.5787252,785.2865042,27.72489917,111.20000000000005,0.0
2019-01-14 01:00:00+00:00,888.2694703,765.3827362,25.52287425,122.80000000000001,0.0
2019-01-14 02:00:00+00:00,888.8638255,754.8577577,27.55709933,134.0,0.0
2019-01-14 03:00:00+00:00,917.7037098,943.7439322,27.90257433,0.0,26.100000000000023
2019-01-14 04:00:00+00:00,1045.49205,1153.498627,29.7762765,0.0,108.1
2019-01-14 05:00:00+00:00,1200.018748,1223.347229,28.845564,0.0,23.200000000000017
2019-01-14 06:00:00+00:00,1314.407125,1241.46993,29.832341,72.89999999999998,0.0
2019-01-14 07:00:00+00:00,1329.295746,1242.391052,47.31721492,87.10000000000002,0.0
2019-01-14 08:00:00+00:00,1298.242594,1311.115926,144.730323,0.0,12.800000000000011
2019-01-14 09:00:00+00:00,1283.949911,1302.553874,145.8136384,0.0,18.599999999999966
2019-01-14 10:00:00+00:00,1276.680603,1285.327891,135.4402659,0.0,8.399999999999977
2019-01-14 11:00:00+00:00,1300.324239,1289.265717,138.4878276,11.100000000000023,0.0
2019-01-14 12:00:00+00:00,1286.595317,1302.252828,122.2344054,0.0,15.499999999999943
2019-01-14 13:00:00+00:00,1297.995443,1298.765167,114.5112633,0.0,0.8999999999999773
2019-01-14 14:00:00+00:00,1326.59612,1303.769552,99.62544733,22.900000000000034,0.0
2019-01-14 15:00:00+00:00,1339.731435,1323.827474,97.38031533,16.100000000000023,0.0
2019-01-14 16:00:00+00:00,1317.923126,1356.197825,102.6347456,0.0,38.30000000000001
2019-01-14 17:00:00+00:00,1279.274618,1308.413869,95.73384783,0.0,29.100000000000023
2019-01-14 18:00:00+00:00,1244.521769,1393.580109,107.8078504,0.0,148.9
2019-01-14 19:00:00+00:00,1191.362793,1373.055929,85.30384175,0.0,181.39999999999998
2019-01-14 20:00:00+00:00,1095.97938,1160.133565,99.36413083,0.0,64.20000000000005
2019-01-14 21:00:00+00:00,1008.413106,1110.566701,82.762684,0.0,102.1
2019-01-14 22:00:00+00:00,945.7846477,1061.785818,78.75777033,0.0,115.90000000000003
2019-01-14 23:00:00+00:00,915.5825348,1043.776794,66.81784208,0.0,128.10000000000002
2019-01-15 00:00:00+00:00,903.3941802,1008.004567,39.15913025,0.0,104.40000000000003
2019-01-15 01:00:00+00:00,900.6334025,1024.199636,38.09357792,0.0,123.69999999999999
2019-01-15 02:00:00+00:00,911.6194203,1016.739334,31.71494817,0.0,105.09999999999997
2019-01-15 03:00:00+00:00,949.3731843,1065.846583,28.89420375,0.0,116.4
2019-01-15 04:00:00+00:00,1072.073288,1241.841746,29.05331558,0.0,169.8
2019-01-15 05:00:00+00:00,1236.189168,1406.641581,30.97282383,0.0,170.49999999999997
2019-01-15 06:00:00+00:00,1349.401764,1414.268911,36.33819033,0.0,64.69999999999996
2019-01-15 07:00:00+00:00,1365.329834,1418.936412,52.64723092,0.0,53.599999999999966
2019-01-15 08:00:00+00:00,1360.518433,1421.233388,51.33270458,0.0,60.799999999999955
2019-01-15 09:00:00+00:00,1351.275604,1426.688294,52.26182942,0.0,75.69999999999993
2019-01-15 10:00:00+00:00,1331.189494,1404.230784,38.24719392,0.0,72.90000000000003
2019-01-15 11:00:00+00:00,1345.611786,1401.396962,42.243438,0.0,55.799999999999955
2019-01-15 12:00:00+00:00,1330.820536,1419.09432,51.016277,0.0,88.29999999999995
2019-01-15 13:00:00+00:00,1338.873505,1423.854065,63.4275835,0.0,85.0
2019-01-15 14:00:00+00:00,1355.274729,1447.588165,70.94358825,0.0,92.40000000000003
2019-01-15 15:00:00+00:00,1355.67392,1455.362498,67.75754408,0.0,99.5
2019-01-15 16:00:00+00:00,1327.296611,1459.911438,70.90469342,0.0,132.60000000000002
2019-01-15 17:00:00+00:00,1284.768229,1444.585195,55.665279,0.0,159.8
2019-01-15 18:00:00+00:00,1256.070099,1444.509125,58.26445108,0.0,188.2
2019-01-15 19:00:00+00:00,1189.424957,1443.345083,59.47397233,0.0,253.8
2019-01-15 20:00:00+00:00,1105.635356,1444.284322,54.24424492,0.0,338.6
2019-01-15 21:00:00+00:00,1019.412196,1439.734355,53.61852975,0.0,420.2
2019-01-15 22:00:00+00:00,954.175949,1471.170613,80.82111067,0.0,516.9
2019-01-15 23:00:00+00:00,923.9730377,1472.907532,86.65947258,0.0,548.9000000000001
2019-01-16 00:00:00+00:00,906.4512431,1427.808095,73.07472242,0.0,521.2
2019-01-16 01:00:00+00:00,901.0581562,1413.476674,78.82180775,0.0,512.4
2019-01-16 02:00:00+00:00,907.7110698,1421.782878,87.77424142,0.0,514.0
2019-01-16 03:00:00+00:00,943.0046388,1432.029073,97.03145083,0.0,489.0
2019-01-16 04:00:00+00:00,1070.622243,1457.996073,105.6317375,0.0,387.4
2019-01-16 05:00:00+00:00,1220.045349,1481.634674,98.39729883,0.0,261.4
2019-01-16 06:00:00+00:00,1333.42803,1465.002981,77.66126658,0.0,131.4
2019-01-16 07:00:00+00:00,1348.455465,1447.969737,68.09626792,0.0,99.5
2019-01-16 08:00:00+00:00,1356.261169,1433.812917,51.68340333,0.0,77.69999999999999
2019-01-16 09:00:00+00:00,1350.767304,1433.356761,48.13283825,0.0,82.80000000000001
2019-01-16 10:00:00+00:00,1325.88624,1453.454783,43.95264217,0.0,127.70000000000002
2019-01-16 11:00:00+00:00,1342.89208,1454.743652,28.68755583,0.0,111.89999999999998
2019-01-16 12:00:00+00:00,1319.906647,1466.55069,30.8268055,0.0,146.6
2019-01-16 13:00:00+00:00,1328.64799,1478.410055,37.28388208,0.0,149.7
2019-01-16 14:00:00+00:00,1354.161743,1482.094452,38.99819225,0.0,127.79999999999998
2019-01-16 15:00:00+00:00,1376.815104,1492.673381,45.68645342,0.0,115.69999999999999
2019-01-16 16:00:00+00:00,1351.998393,1488.957713,42.2262245,0.0,136.9
2019-01-16 17:00:00+00:00,1312.737325,1498.41571,53.91395992,0.0,185.49999999999997
2019-01-16 18:00:00+00:00,1266.156993,1494.246277,67.452598,0.0,227.90000000000003
2019-01-16 19:00:00+00:00,1210.841014,1506.392232,83.54744742,0.0,295.5
2019-01-16 20:00:00+00:00,1131.505961,1481.777506,121.4059746,0.0,350.20000000000005
2019-01-16 21:00:00+00:00,1046.538432,1477.24118,144.5042295,0.0,430.90000000000003
2019-01-16 22:00:00+00:00,986.9085388,1455.683706,145.1500371,0.0,468.8
2019-01-16 23:00:00+00:00,955.1166838,1352.232178,162.0350712,0.0,397.09999999999997
2019-01-17 00:00:00+00:00,935.3259479,1288.704854,164.6099015,0.0,353.4
2019-01-17 01:00:00+00:00,933.4708506,1298.39974,189.0694273,0.0,365.0
2019-01-17 02:00:00+00:00,918.2257792,1297.601888,193.5027899,0.0,379.29999999999995
2019-01-17 03:00:00+00:00,947.6005605,1333.998464,189.0018508,0.0,386.3
2019-01-17 04:00:00+00:00,1060.988551,1552.189423,148.6912163,0.0,491.1
2019-01-17 05:00:00+00:00,1205.590332,1631.921285,129.0251938,0.0,426.1
2019-01-17 06:00:00+00:00,1312.663493,1696.272176,126.1611286,0.0,383.5
2019-01-17 07:00:00+00:00,1329.957611,1682.815297,132.2842983,0.0,352.8
2019-01-17 08:00:00+00:00,1334.021027,1666.942424,127.754411,0.0,333.0
2019-01-17 09:00:00+00:00,1334.559519,1678.686554,109.6772233,0.0,344.2
2019-01-17 10:00:00+00:00,1312.530029,1719.130585,144.2584605,0.0,406.5
2019-01-17 11:00:00+00:00,1331.808645,1716.739817,139.3940731,0.0,384.90000000000003
2019-01-17 12:00:00+00:00,1324.856944,1691.414856,118.0594643,0.0,366.6
2019-01-17 13:00:00+00:00,1334.54124,1696.080027,130.7493528,0.0,361.4
2019-01-17 14:00:00+00:00,1354.503652,1690.856985,125.3297228,0.0,336.5
2019-01-17 15:00:00+00:00,1368.723785,1683.638936,113.8562382,0.0,314.9
2019-01-17 16:00:00+00:00,1346.640666,1684.238068,127.339359,0.0,337.5
2019-01-17 17:00:00+00:00,1311.33669,1680.268778,130.8771274,0.0,368.9
2019-01-17 18:00:00+00:00,1279.724945,1674.454346,135.6964603,0.0,394.4
2019-01-17 19:00:00+00:00,1220.839539,1653.153615,110.8360441,0.0,432.3
2019-01-17 20:00:00+00:00,1140.953176,1639.985789,90.40166933,0.0,498.9
2019-01-17 21:00:00+00:00,1047.717305,1642.070903,87.07959642,0.0,594.3
2019-01-17 22:00:00+00:00,991.1052449,1556.442271,77.01852417,0.0,565.2
2019-01-17 23:00:00+00:00,967.0115408,1611.749268,69.90714483,0.0,644.8
2019-01-18 00:00:00+00:00,954.9908397,1601.438731,53.416797,0.0,646.4000000000001
2019-01-18 01:00:00+00:00,947.0506491,1592.286784,41.5135125,0.0,645.2
2019-01-18 02:00:00+00:00,946.7819213,1588.466777,36.5571505,0.0,641.6
2019-01-18 03:00:00+00:00,975.9453176,1602.996857,44.89553208,0.0,627.0
2019-01-18 04:00:00+00:00,1090.155248,1634.11971,70.70538617,0.0,544.0
2019-01-18 05:00:00+00:00,1245.284109,1641.978658,82.63417433,0.0,396.79999999999995
2019-01-18 06:00:00+00:00,1350.240713,1647.158051,91.53815017,0.0,297.0
2019-01-18 07:00:00+00:00,1377.76413,1615.792847,76.00698675,0.0,238.2
2019-01-18 08:00:00+00:00,1371.518138,1616.241882,71.42261392,0.0,244.6
2019-01-18 09:00:00+00:00,1355.155375,1627.138377,73.82168183,0.0,271.9
2019-01-18 10:00:00+00:00,1327.451274,1613.848094,74.01687967,0.0,286.6
2019-01-18 11:00:00+00:00,1340.286448,1622.402384,89.05776733,0.0,282.1
2019-01-18 12:00:00+00:00,1328.297923,1486.355957,83.80035267,0.0,157.8
2019-01-18 13:00:00+00:00,1330.658376,1478.318319,89.92206767,0.0,147.7
2019-01-18 14:00:00+00:00,1335.300537,1469.986247,88.31398225,0.0,134.79999999999998
2019-01-18 15:00:00+00:00,1349.005686,1487.65622,106.3308145,0.0,138.60000000000005
2019-01-18 16:00:00+00:00,1319.818665,1463.332591,86.58948967,0.0,143.49999999999994
2019-01-18 17:00:00+00:00,1289.88741,1421.716563,56.39615425,0.0,131.6
2019-01-18 18:00:00+00:00,1248.838135,1414.015544,46.33752492,0.0,165.2
2019-01-18 19:00:00+00:00,1194.432871,1400.96758,37.28672733,0.0,206.39999999999998
2019-01-18 20:00:00+00:00,1124.424093,1402.79538,36.002355,0.0,278.5
2019-01-18 21:00:00+00:00,1051.09021,1391.228658,29.67869942,0.0,340.2
2019-01-18 22:00:00+00:00,995.2884777,1387.93454,26.68488067,0.0,392.79999999999995
2019-01-18 23:00:00+00:00,958.8891398,1220.654643,31.74449542,0.0,261.70000000000005
2019-01-19 00:00:00+00:00,937.9888815,1211.998566,30.02845608,0.0,273.9
2019-01-19 01:00:00+00:00,934.3111472,1211.490143,34.3025375,0.0,277.0
2019-01-19 02:00:00+00:00,933.1901653,1173.918732,34.04966583,0.0,240.79999999999998
2019-01-19 03:00:00+00:00,945.3105318,1198.923391,40.65751575,0.0,253.6
2019-01-19 04:00:00+00:00,981.7629954,1207.670756,36.89300825,0.0,225.89999999999998
2019-01-19 05:00:00+00:00,1032.117243,1181.082601,58.8428315,0.0,149.0
2019-01-19 06:00:00+00:00,1095.020752,1191.757029,57.37880508,0.0,96.70000000000005
2019-01-19 07:00:00+00:00,1137.289876,1211.292002,60.35323583,0.0,73.89999999999998
2019-01-19 08:00:00+00:00,1165.530487,1256.023153,84.3815305,0.0,90.39999999999992
2019-01-19 09:00:00+00:00,1158.680634,1240.748159,80.90347483,0.0,82.0
2019-01-19 10:00:00+00:00,1143.837891,1273.289083,79.60682775,0.0,129.5
2019-01-19 11:00:00+00:00,1132.031413,1248.105174,66.198879,0.0,116.0
2019-01-19 12:00:00+00:00,1120.528361,1187.001119,71.11928158,0.0,66.30000000000007
2019-01-19 13:00:00+00:00,1121.482697,1179.608144,76.97239725,0.0,58.19999999999999
2019-01-19 14:00:00+00:00,1159.57371,1284.15565,114.3048524,0.0,124.40000000000003
2019-01-19 15:00:00+00:00,1212.960195,1329.426188,156.6843979,0.0,116.19999999999993
2019-01-19 16:00:00+00:00,1198.473857,1397.275279,167.9770246,0.0,198.7999999999999
2019-01-19 17:00:00+00:00,1181.810079,1384.365529,141.9256944,0.0,202.5
2019-01-19 18:00:00+00:00,1143.156454,1407.924744,179.6266363,0.0,264.7
2019-01-19 19:00:00+00:00,1103.414998,1408.268931,180.2795528,0.0,304.8
2019-01-19 20:00:00+00:00,1034.372101,1346.861877,168.4771438,0.0,312.5
2019-01-19 21:00:00+00:00,964.1207785,1313.030029,178.7345494,0.0,348.8
2019-01-19 22:00:00+00:00,912.9661613,1246.574392,172.9632313,0.0,333.59999999999997
2019-01-19 23:00:00+00:00,882.5427603,1256.964762,181.563307,0.0,374.4
2019-01-20 00:00:00+00:00,859.9363914,1314.492198,197.7096048,0.0,454.5999999999999
2019-01-20 01:00:00+00:00,855.7720388,1274.94931,181.841867,0.0,419.20000000000005
2019-01-20 02:00:00+00:00,856.1992287,1277.568909,185.1045018,0.0,421.40000000000003
2019-01-20 03:00:00+00:00,869.3358153,1275.242493,180.8722031,0.0,405.9
2019-01-20 04:00:00+00:00,897.2018839,1254.960398,169.7724059,0.0,357.80000000000007
2019-01-20 05:00:00+00:00,939.308197,1332.958384,177.9869464,0.0,393.4
2019-01-20 06:00:00+00:00,1001.008133,1363.109172,160.7875661,0.0,361.9
2019-01-20 07:00:00+00:00,1057.114888,1370.976064,155.6017047,0.0,313.80000000000007
2019-01-20 08:00:00+00:00,1101.083394,1386.105754,142.3672683,0.0,285.1
2019-01-20 09:00:00+00:00,1120.996124,1400.477814,128.7472198,0.0,279.20000000000005
2019-01-20 10:00:00+00:00,1125.022827,1366.878581,89.23590683,0.0,241.60000000000002
2019-01-20 11:00:00+00:00,1124.046183,1354.29248,72.09742275,0.0,230.3
2019-01-20 12:00:00+00:00,1124.333069,1330.515767,56.88093658,0.0,206.10000000000002
2019-01-20 13:00:00+00:00,1137.658732,1327.410156,58.06361267,0.0,189.70000000000005
2019-01-20 14:00:00+00:00,1192.467672,1318.275401,49.06277792,0.0,126.39999999999998
2019-01-20 15:00:00+00:00,1263.560069,1321.697866,56.23377933,0.0,58.0
2019-01-20 16:00:00+00:00,1267.017507,1333.717438,67.97338867,0.0,66.60000000000002
2019-01-20 17:00:00+00:00,1257.387716,1315.831116,59.63480833,0.0,58.69999999999999
2019-01-20 18:00:00+00:00,1231.07373,1308.658132,57.79787133,0.0,77.5
2019-01-20 19:00:00+00:00,1176.51594,1327.00471,69.76539425,0.0,150.5
2019-01-20 20:00:00+00:00,1099.729472,1307.720195,77.80722642,0.0,207.99999999999997
2019-01-20 21:00:00+00:00,1014.647787,1312.92214,68.25251425,0.0,298.3
2019-01-20 22:00:00+00:00,969.0850728,1281.458405,68.1239785,0.0,312.4
2019-01-20 23:00:00+00:00,952.0140329,1470.486633,69.22786817,0.0,518.4
2019-01-21 00:00:00+00:00,944.1335907,1576.127492,60.91309608,0.0,631.8999999999999
2019-01-21 01:00:00+00:00,944.3347269,1591.764954,55.72914975,0.0,647.3
2019-01-21 02:00:00+00:00,954.1937002,1615.308553,51.122575,0.0,661.2
2019-01-21 03:00:00+00:00,1000.67834,1647.673971,49.08076758,0.0,647.0
2019-01-21 04:00:00+00:00,1132.607819,1818.218618,42.17613875,0.0,685.7
2019-01-21 05:00:00+00:00,1293.827199,2010.820079,37.29550858,0.0,716.9
2019-01-21 06:00:00+00:00,1408.270681,2005.257833,27.95193242,0.0,596.8000000000001
2019-01-21 07:00:00+00:00,1438.2907,2017.944255,23.71284183,0.0,579.5
2019-01-21 08:00:00+00:00,1434.561157,2019.140523,20.81697583,0.0,584.5
2019-01-21 09:00:00+00:00,1419.260396,2030.464498,21.7575335,0.0,611.2
2019-01-21 10:00:00+00:00,1385.076345,2021.284892,17.88846233,0.0,636.5
2019-01-21 11:00:00+00:00,1393.552063,2024.502401,15.4643965,0.0,631.0
2019-01-21 12:00:00+00:00,1375.134939,2031.399414,15.23215958,0.0,656.4
2019-01-21 13:00:00+00:00,1384.931519,2027.152649,13.27198625,0.0,642.1
2019-01-21 14:00:00+00:00,1404.158376,2019.413656,10.45924658,0.0,615.2
2019-01-21 15:00:00+00:00,1451.741527,2031.568217,14.00714775,0.0,579.9000000000001
2019-01-21 16:00:00+00:00,1435.743805,2043.59199,18.66658592,0.0,607.8
2019-01-21 17:00:00+00:00,1403.249257,2040.495707,21.73423117,0.0,637.3
2019-01-21 18:00:00+00:00,1377.352315,2025.657603,20.39047433,0.0,648.1000000000001
2019-01-21 19:00:00+00:00,1324.663828,2025.648193,21.22273992,0.0,700.8
2019-01-21 20:00:00+00:00,1248.767263,2021.057556,14.71140025,0.0,772.0999999999999
2019-01-21 21:00:00+00:00,1162.637624,1869.595784,10.10791275,0.0,706.9
2019-01-21 22:00:00+00:00,1100.355123,1835.055796,8.790403583,0.0,734.8
2019-01-21 23:00:00+00:00,1078.257904,1730.303609,8.976319833,0.0,652.1
2019-01-22 00:00:00+00:00,1076.707133,1735.173401,13.41985392,0.0,658.7
2019-01-22 01:00:00+00:00,1074.282237,1728.070882,17.89865792,0.0,653.9000000000001
2019-01-22 02:00:00+00:00,1081.529724,1732.835724,21.33001483,0.0,651.5
2019-01-22 03:00:00+00:00,1126.777913,1742.775025,23.52239208,0.0,616.0
2019-01-22 04:00:00+00:00,1246.922343,1743.808889,23.88752833,0.0,496.90000000000003
2019-01-22 05:00:00+00:00,1398.442729,1760.318776,28.39211,0.0,361.8
2019-01-22 06:00:00+00:00,1503.660594,1795.102468,33.5709405,0.0,291.5
2019-01-22 07:00:00+00:00,1541.467753,1827.199036,39.88909283,0.0,285.6
2019-01-22 08:00:00+00:00,1534.20757,1850.428426,46.76460633,0.0,316.0
2019-01-22 09:00:00+00:00,1527.456309,1943.83253,47.61593067,0.0,416.29999999999995
2019-01-22 10:00:00+00:00,1492.625061,1950.081848,42.63170492,0.0,457.09999999999997
2019-01-22 11:00:00+00:00,1494.496592,1950.952301,39.74595033,0.0,456.5
2019-01-22 12:00:00+00:00,1468.336619,1950.99938,38.69062742,0.0,482.6
2019-01-22 13:00:00+00:00,1473.028921,1934.705129,33.92759483,0.0,461.70000000000005
2019-01-22 14:00:00+00:00,1486.721273,1927.806722,23.91630117,0.0,441.09999999999997
2019-01-22 15:00:00+00:00,1529.733032,1942.132263,34.68360433,0.0,412.4
2019-01-22 16:00:00+00:00,1508.727926,1950.540446,41.8096515,0.0,441.9
2019-01-22 17:00:00+00:00,1472.661967,1946.555481,36.7906345,0.0,474.0
2019-01-22 18:00:00+00:00,1425.017568,1949.552622,37.85272742,0.0,524.6
2019-01-22 19:00:00+00:00,1366.487925,1936.524668,43.45074417,0.0,570.1
2019-01-22 20:00:00+00:00,1276.745606,1913.612356,49.12103875,0.0,636.9
2019-01-22 21:00:00+00:00,1174.778758,1926.625773,55.62198108,0.0,751.9000000000001
2019-01-22 22:00:00+00:00,1102.739227,1922.683411,58.46785083,0.0,819.8
2019-01-22 23:00:00+00:00,1066.532155,1857.871785,81.08592767,0.0,791.4
2019-01-23 00:00:00+00:00,1042.412628,1846.013662,91.30313267,0.0,803.7
2019-01-23 01:00:00+00:00,1030.652598,1801.657267,76.88620783,0.0,771.0
2019-01-23 02:00:00+00:00,1032.405436,1763.952779,65.44046583,0.0,731.5999999999999
2019-01-23 03:00:00+00:00,1067.768656,1859.982442,60.25122275,0.0,792.1
2019-01-23 04:00:00+00:00,1187.667318,1881.341075,59.190778,0.0,693.8
2019-01-23 05:00:00+00:00,1338.355825,1951.249003,66.11178317,0.0,612.7
2019-01-23 06:00:00+00:00,1442.744537,1988.983246,71.78562083,0.0,546.0
2019-01-23 07:00:00+00:00,1465.254394,2005.087942,84.01463108,0.0,539.8
2019-01-23 08:00:00+00:00,1458.033874,2013.505168,84.42294642,0.0,555.3
2019-01-23 09:00:00+00:00,1448.858551,1997.129517,76.1962355,0.0,548.2
2019-01-23 10:00:00+00:00,1421.515727,1991.602793,74.35550042,0.0,570.0
2019-01-23 11:00:00+00:00,1432.263509,1983.277974,69.6796385,0.0,551.0
2019-01-23 12:00:00+00:00,1414.296468,1995.854757,64.68526683,0.0,581.6
2019-01-23 13:00:00+00:00,1412.956533,1993.433787,66.29993883,0.0,580.3
2019-01-23 14:00:00+00:00,1416.290497,1985.823059,62.59530375,0.0,569.5999999999999
2019-01-23 15:00:00+00:00,1444.718954,1977.40862,50.81992792,0.0,532.6
2019-01-23 16:00:00+00:00,1420.737661,1966.263926,39.21884358,0.0,545.5
2019-01-23 17:00:00+00:00,1382.87796,1973.304179,36.33126183,0.0,590.3
2019-01-23 18:00:00+00:00,1333.593282,1952.029816,35.22526317,0.0,618.5
2019-01-23 19:00:00+00:00,1279.297943,1910.640635,32.32762283,0.0,631.4000000000001
2019-01-23 20:00:00+00:00,1186.769267,1904.750437,31.64980275,0.0,718.0
2019-01-23 21:00:00+00:00,1090.261068,1905.709534,27.30513217,0.0,815.6
2019-01-23 22:00:00+00:00,1026.042145,1891.686564,21.17193183,0.0,865.8
2019-01-23 23:00:00+00:00,991.9948985,1926.38264,18.22684175,0.0,934.3
2019-01-24 00:00:00+00:00,973.1075388,1890.164612,14.75061542,0.0,916.8000000000001
2019-01-24 01:00:00+00:00,965.1601563,1877.550008,12.72280125,0.0,912.6
2019-01-24 02:00:00+00:00,975.56634,1886.079478,20.89033525,0.0,910.6
2019-01-24 03:00:00+00:00,1017.147949,1902.244253,27.70104,0.0,885.1
2019-01-24 04:00:00+00:00,1131.145569,1918.721944,22.79487908,0.0,787.6
2019-01-24 05:00:00+00:00,1285.641571,1944.873494,22.86430925,0.0,659.1
2019-01-24 06:00:00+00:00,1391.242127,1920.310669,24.1378675,0.0,529.1
2019-01-24 07:00:00+00:00,1420.555562,1953.150085,20.39478308,0.0,532.6
2019-01-24 08:00:00+00:00,1421.61617,1970.026825,23.00462858,0.0,548.5
2019-01-24 09:00:00+00:00,1415.630961,1956.971029,18.35460767,0.0,541.3000000000001
2019-01-24 10:00:00+00:00,1389.546346,1928.224508,11.09877617,0.0,538.4
2019-01-24 11:00:00+00:00,1411.330678,1934.510071,9.2248095,0.0,523.0
2019-01-24 12:00:00+00:00,1398.122945,1925.122965,9.54736175,0.0,527.0
2019-01-24 13:00:00+00:00,1403.801178,1923.101888,10.54897742,0.0,519.3
2019-01-24 14:00:00+00:00,1417.703664,1915.381561,12.66713217,0.0,497.6
2019-01-24 15:00:00+00:00,1460.134857,1889.224762,14.85077558,0.0,429.1
2019-01-24 16:00:00+00:00,1442.394328,1823.286937,18.1602235,0.0,381.0
2019-01-24 17:00:00+00:00,1404.235891,1811.071432,19.26559875,0.0,407.0
2019-01-24 18:00:00+00:00,1366.696238,1643.635122,22.60841408,0.0,276.8
2019-01-24 19:00:00+00:00,1299.851044,1576.479624,24.61601758,0.0,276.9
2019-01-24 20:00:00+00:00,1211.216288,1587.984049,30.03934167,0.0,376.59999999999997
2019-01-24 21:00:00+00:00,1126.36437,1588.267527,33.22811083,0.0,461.8
2019-01-24 22:00:00+00:00,1059.335754,1596.72168,41.34066917,0.0,537.3
2019-01-24 23:00:00+00:00,1024.079483,1518.604736,51.99587875,0.0,494.6
2019-01-25 00:00:00+00:00,1010.777954,1504.933421,54.38789725,0.0,493.9
2019-01-25 01:00:00+00:00,1002.143077,1502.553701,59.18802,0.0,500.5
2019-01-25 02:00:00+00:00,1010.537898,1513.05013,63.87797517,0.0,502.5
2019-01-25 03:00:00+00:00,1048.001343,1508.920512,72.99518042,0.0,461.0
2019-01-25 04:00:00+00:00,1173.051707,1504.694611,57.12092208,0.0,331.7
2019-01-25 05:00:00+00:00,1328.625132,1587.22227,53.45172708,0.0,258.6
2019-01-25 06:00:00+00:00,1434.513784,1597.983633,49.65881342,0.0,163.5
2019-01-25 07:00:00+00:00,1458.448507,1588.16391,42.23707275,0.0,129.59999999999997
2019-01-25 08:00:00+00:00,1455.446086,1625.373006,44.49543492,0.0,170.00000000000003
2019-01-25 09:00:00+00:00,1447.860942,1686.162048,38.36347692,0.0,238.2
2019-01-25 10:00:00+00:00,1428.999034,1585.025574,35.75871208,0.0,156.00000000000006
2019-01-25 11:00:00+00:00,1430.740001,1615.316477,33.71123842,0.0,184.59999999999997
2019-01-25 12:00:00+00:00,1411.021932,1588.333913,28.86825242,0.0,177.09999999999997
2019-01-25 13:00:00+00:00,1404.999603,1602.895416,25.7570575,0.0,197.80000000000007
2019-01-25 14:00:00+00:00,1408.588867,1619.487905,27.45121317,0.0,210.79999999999995
2019-01-25 15:00:00+00:00,1446.913066,1639.719594,39.24995967,0.0,192.89999999999998
2019-01-25 16:00:00+00:00,1425.717468,1645.755117,42.81750892,0.0,220.0
2019-01-25 17:00:00+00:00,1390.906881,1630.446432,37.66107183,0.0,239.49999999999994
2019-01-25 18:00:00+00:00,1348.5448,1571.878621,36.60623375,0.0,223.20000000000005
2019-01-25 19:00:00+00:00,1290.796356,1538.539215,34.67697867,0.0,247.60000000000008
2019-01-25 20:00:00+00:00,1215.153554,1537.164317,31.94300942,0.0,322.1
2019-01-25 21:00:00+00:00,1137.400614,1518.097494,31.63529325,0.0,380.70000000000005
2019-01-25 22:00:00+00:00,1080.004232,1518.017212,30.19589142,0.0,438.29999999999995
2019-01-25 23:00:00+00:00,1048.392568,1233.791524,27.87040792,0.0,185.30000000000004
2019-01-26 00:00:00+00:00,1030.331813,1172.184062,28.92201217,0.0,141.59999999999997
2019-01-26 01:00:00+00:00,1017.275584,1152.835459,27.08611792,0.0,135.59999999999997
2019-01-26 02:00:00+00:00,1019.687826,1144.439667,26.05684433,0.0,124.60000000000002
2019-01-26 03:00:00+00:00,1038.90862,1141.057068,28.49572958,0.0,102.19999999999999
2019-01-26 04:00:00+00:00,1076.978923,1174.867493,28.55337517,0.0,97.90000000000003
2019-01-26 05:00:00+00:00,1123.138184,1257.408,27.46439217,0.0,134.30000000000007
2019-01-26 06:00:00+00:00,1174.800954,1289.674734,30.24968358,0.0,114.99999999999994
2019-01-26 07:00:00+00:00,1242.194173,1271.245778,23.18580458,0.0,29.100000000000023
2019-01-26 08:00:00+00:00,1274.545898,1264.929606,15.84873475,9.599999999999966,0.0
2019-01-26 09:00:00+00:00,1275.62086,1320.129771,10.1892765,0.0,44.299999999999955
2019-01-26 10:00:00+00:00,1266.498433,1222.179189,8.512345417,44.19999999999993,0.0
2019-01-26 11:00:00+00:00,1246.955973,1260.883484,7.574702,0.0,13.899999999999977
2019-01-26 12:00:00+00:00,1231.814392,1235.923096,7.525924333,0.0,4.099999999999966
2019-01-26 13:00:00+00:00,1233.034933,1224.104421,6.580690667,9.0,0.0
2019-01-26 14:00:00+00:00,1267.516591,1231.733256,6.6457085,35.799999999999955,0.0
2019-01-26 15:00:00+00:00,1355.949921,1254.175761,7.196043583,101.80000000000001,0.0
2019-01-26 16:00:00+00:00,1354.676575,1252.771037,6.929671083,101.7999999999999,0.0
2019-01-26 17:00:00+00:00,1333.793905,1252.499725,6.983084833,81.30000000000007,0.0
2019-01-26 18:00:00+00:00,1288.032227,1245.775635,8.020431833,42.30000000000001,0.0
2019-01-26 19:00:00+00:00,1249.225667,1236.162506,8.540159333,13.099999999999966,0.0
2019-01-26 20:00:00+00:00,1194.936025,1233.682577,9.471763083,0.0,38.69999999999999
2019-01-26 21:00:00+00:00,1135.234121,1233.454234,11.93988242,0.0,98.10000000000002
2019-01-26 22:00:00+00:00,1086.353526,1106.188466,14.43225558,0.0,19.700000000000017
2019-01-26 23:00:00+00:00,1057.292765,1049.650909,15.95669433,7.500000000000028,0.0
2019-01-27 00:00:00+00:00,1036.997172,927.7476707,13.90275142,109.30000000000001,0.0
2019-01-27 01:00:00+00:00,1029.76594,858.5908916,12.18314275,171.2,0.0
2019-01-27 02:00:00+00:00,1031.061849,842.9491679,13.5241675,188.20000000000005,0.0
2019-01-27 03:00:00+00:00,1042.261414,861.5805103,10.77785517,180.60000000000005,0.0
2019-01-27 04:00:00+00:00,1074.047699,982.5064748,8.661015167,91.60000000000002,0.0
2019-01-27 05:00:00+00:00,1113.247345,1108.165003,14.95234475,5.0,0.0
2019-01-27 06:00:00+00:00,1164.585256,1176.763448,22.68799008,0.0,12.299999999999983
2019-01-27 07:00:00+00:00,1226.185893,1178.472148,27.74573825,47.69999999999999,0.0
2019-01-27 08:00:00+00:00,1270.325124,1186.562215,27.954003,83.80000000000003,0.0
2019-01-27 09:00:00+00:00,1263.606801,1237.724966,29.73530558,26.00000000000003,0.0
2019-01-27 10:00:00+00:00,1239.333221,1247.1751,24.98835325,0.0,7.799999999999997
2019-01-27 11:00:00+00:00,1225.465485,1282.900177,21.25138342,0.0,57.40000000000002
2019-01-27 12:00:00+00:00,1213.361186,1266.908406,16.46561658,0.0,53.600000000000044
2019-01-27 13:00:00+00:00,1222.576141,1272.124196,19.99375375,0.0,49.39999999999998
2019-01-27 14:00:00+00:00,1261.237091,1274.145457,20.0044175,0.0,12.999999999999929
2019-01-27 15:00:00+00:00,1347.811595,1340.875112,20.96965192,7.199999999999974,0.0
2019-01-27 16:00:00+00:00,1357.11913,1362.153707,24.79871783,0.0,5.0
2019-01-27 17:00:00+00:00,1339.508931,1363.416006,31.71649458,0.0,23.900000000000013
2019-01-27 18:00:00+00:00,1309.207052,1364.713562,36.27745742,0.0,55.50000000000004
2019-01-27 19:00:00+00:00,1260.58371,1352.920024,42.78739517,0.0,92.39999999999996
2019-01-27 20:00:00+00:00,1189.916819,1335.787018,52.22994567,0.0,145.90000000000003
2019-01-27 21:00:00+00:00,1118.612854,1351.371613,65.00193217,0.0,232.7
2019-01-27 22:00:00+00:00,1072.757141,1340.691264,74.50026508,0.0,267.80000000000007
2019-01-27 23:00:00+00:00,1042.094157,1273.972687,84.26714742,0.0,231.80000000000007
2019-01-28 00:00:00+00:00,1022.004496,1209.144979,108.5883256,0.0,187.0
2019-01-28 01:00:00+00:00,1020.587957,1161.308635,116.9113063,0.0,140.99999999999997
2019-01-28 02:00:00+00:00,1023.165756,1201.356211,140.4777411,0.0,178.10000000000002
2019-01-28 03:00:00+00:00,1066.746602,1377.127065,135.9549057,0.0,310.4000000000001
2019-01-28 04:00:00+00:00,1190.05425,1628.903534,140.6111329,0.0,438.9
2019-01-28 05:00:00+00:00,1346.337982,1647.815552,129.2208911,0.0,301.4000000000001
2019-01-28 06:00:00+00:00,1445.310476,1727.008718,127.5468062,0.0,281.7
2019-01-28 07:00:00+00:00,1476.01178,1741.11912,131.3931993,0.0,264.59999999999997
2019-01-28 08:00:00+00:00,1471.885274,1744.648397,135.8759489,0.0,272.6
2019-01-28 09:00:00+00:00,1463.064829,1736.653107,125.2296222,0.0,273.79999999999995
2019-01-28 10:00:00+00:00,1441.015208,1720.959168,115.9856583,0.0,279.90000000000003
2019-01-28 11:00:00+00:00,1457.083547,1726.648529,108.9335808,0.0,269.5
2019-01-28 12:00:00+00:00,1445.416921,1714.352376,105.2052697,0.0,268.8
2019-01-28 13:00:00+00:00,1441.414449,1718.21229,114.1015124,0.0,276.8
2019-01-28 14:00:00+00:00,1435.294779,1737.617737,127.8529067,0.0,302.20000000000005
2019-01-28 15:00:00+00:00,1461.364706,1725.094513,119.024512,0.0,263.9
2019-01-28 16:00:00+00:00,1448.031097,1718.651133,107.2044728,0.0,270.7
2019-01-28 17:00:00+00:00,1410.93512,1718.405223,116.83823,0.0,307.5
2019-01-28 18:00:00+00:00,1366.417348,1721.779388,119.8476238,0.0,355.3
2019-01-28 19:00:00+00:00,1301.665405,1734.45222,124.1933847,0.0,432.8
2019-01-28 20:00:00+00:00,1210.605733,1709.948598,121.5399919,0.0,499.2
2019-01-28 21:00:00+00:00,1114.438009,1694.417236,107.7931269,0.0,579.9
2019-01-28 22:00:00+00:00,1049.299388,1682.167775,91.94238817,0.0,632.9000000000001
2019-01-28 23:00:00+00:00,1016.47522,1562.279429,89.48271217,0.0,545.6
2019-01-29 00:00:00+00:00,1005.485489,1477.31133,78.52857792,0.0,471.9000000000001
2019-01-29 01:00:00+00:00,1001.191727,1470.88147,71.62479042,0.0,469.69999999999993
2019-01-29 02:00:00+00:00,1004.992981,1470.744466,72.270102,0.0,465.70000000000005
2019-01-29 03:00:00+00:00,1042.439001,1473.911886,63.92824683,0.0,431.5
2019-01-29 04:00:00+00:00,1172.486786,1630.539032,50.21852125,0.0,457.9
2019-01-29 05:00:00+00:00,1323.563304,1651.023956,46.42749017,0.0,327.6
2019-01-29 06:00:00+00:00,1421.318156,1647.620483,42.67593342,0.0,226.2
2019-01-29 07:00:00+00:00,1452.36497,1657.40683,47.11716583,0.0,205.10000000000002
2019-01-29 08:00:00+00:00,1453.784353,1669.747772,52.05273908,0.0,215.79999999999998
2019-01-29 09:00:00+00:00,1448.27301,1674.142314,56.26307083,0.0,225.60000000000002
2019-01-29 10:00:00+00:00,1426.486643,1662.518433,46.63590733,0.0,235.9
2019-01-29 11:00:00+00:00,1456.693553,1663.286814,43.0406785,0.0,206.29999999999995
2019-01-29 12:00:00+00:00,1437.959981,1649.594279,37.24664775,0.0,211.60000000000002
2019-01-29 13:00:00+00:00,1436.107747,1643.304606,38.99151508,0.0,207.4
2019-01-29 14:00:00+00:00,1425.442586,1644.028046,43.12851142,0.0,218.6
2019-01-29 15:00:00+00:00,1458.953369,1656.025787,44.38446025,0.0,197.0
2019-01-29 16:00:00+00:00,1439.501384,1648.255666,43.12299933,0.0,208.79999999999998
2019-01-29 17:00:00+00:00,1395.900584,1644.521932,41.01250742,0.0,248.59999999999997
2019-01-29 18:00:00+00:00,1353.524038,1640.073486,39.16250192,0.0,286.5
2019-01-29 19:00:00+00:00,1296.941538,1655.133891,42.22273483,0.0,358.1
2019-01-29 20:00:00+00:00,1206.69871,1655.003398,44.055341,0.0,448.5
2019-01-29 21:00:00+00:00,1109.909932,1649.296509,44.17787475,0.0,539.4
2019-01-29 22:00:00+00:00,1041.735296,1650.720754,48.40836383,0.0,609.0
2019-01-29 23:00:00+00:00,1018.669027,1657.08429,57.63945358,0.0,638.5
2019-01-30 00:00:00+00:00,1001.985143,1672.193502,64.58707892,0.0,670.2
2019-01-30 01:00:00+00:00,989.7642518,1683.309896,73.60785825,0.0,693.5
2019-01-30 02:00:00+00:00,986.6877442,1692.637075,79.03774075,0.0,706.0
2019-01-30 03:00:00+00:00,1010.369787,1707.826131,88.26405908,0.0,697.4
2019-01-30 04:00:00+00:00,1129.886658,1701.429291,86.985163,0.0,571.5
2019-01-30 05:00:00+00:00,1279.766693,1691.638987,77.92302625,0.0,411.8
2019-01-30 06:00:00+00:00,1372.811005,1698.419383,81.80186325,0.0,325.5
2019-01-30 07:00:00+00:00,1392.844645,1697.918955,77.903419,0.0,305.1
2019-01-30 08:00:00+00:00,1382.447368,1690.974569,67.87290033,0.0,308.6
2019-01-30 09:00:00+00:00,1365.222463,1697.934245,75.70170408,0.0,332.5
2019-01-30 10:00:00+00:00,1328.928172,1706.987091,86.461234,0.0,378.2
2019-01-30 11:00:00+00:00,1349.687988,1701.057709,79.30756783,0.0,351.3
2019-01-30 12:00:00+00:00,1334.172496,1677.444132,73.78355825,0.0,343.4
2019-01-30 13:00:00+00:00,1330.707469,1673.021291,60.18396325,0.0,342.40000000000003
2019-01-30 14:00:00+00:00,1323.855235,1672.44634,64.2941215,0.0,348.59999999999997
2019-01-30 15:00:00+00:00,1373.45166,1673.254944,64.39631425,0.0,299.7
2019-01-30 16:00:00+00:00,1371.19102,1697.200938,64.05945383,0.0,326.0
2019-01-30 17:00:00+00:00,1334.364095,1658.450511,40.94343558,0.0,324.0
2019-01-30 18:00:00+00:00,1294.330119,1652.179708,35.92028575,0.0,357.8
2019-01-30 19:00:00+00:00,1239.140198,1646.491537,43.34188033,0.0,407.4
2019-01-30 20:00:00+00:00,1156.709696,1648.506399,38.3167745,0.0,491.79999999999995
2019-01-30 21:00:00+00:00,1061.950043,1652.924225,36.30978908,0.0,590.9000000000001
2019-01-30 22:00:00+00:00,999.7223308,1644.486023,28.809113,0.0,644.7
2019-01-30 23:00:00+00:00,963.2650908,1406.215403,27.53146333,0.0,442.99999999999994
2019-01-31 00:00:00+00:00,948.630773,1352.968689,29.91393875,0.0,404.3
2019-01-31 01:00:00+00:00,948.0648548,1381.261953,28.94561767,0.0,433.1
2019-01-31 02:00:00+00:00,957.6930441,1383.668152,24.23092692,0.0,426.1
2019-01-31 03:00:00+00:00,1001.448354,1388.137817,17.79763692,0.0,386.8999999999999
2019-01-31 04:00:00+00:00,1129.083812,1420.296316,14.28810992,0.0,291.2
2019-01-31 05:00:00+00:00,1286.859049,1581.882813,10.5814445,0.0,294.9
2019-01-31 06:00:00+00:00,1378.099508,1624.331116,9.695046167,0.0,246.20000000000002
2019-01-31 07:00:00+00:00,1415.612183,1625.079122,8.112880667,0.0,209.3
2019-01-31 08:00:00+00:00,1411.625448,1610.648132,7.126876083,0.0,199.20000000000002
2019-01-31 09:00:00+00:00,1399.834452,1612.550751,7.079833417,0.0,212.5
2019-01-31 10:00:00+00:00,1372.062897,1613.681997,7.258955833,0.0,241.5
2019-01-31 11:00:00+00:00,1379.479889,1616.124919,7.556143917,0.0,236.7
2019-01-31 12:00:00+00:00,1351.004069,1611.385722,7.660913917,0.0,260.40000000000003
2019-01-31 13:00:00+00:00,1349.034688,1606.341706,7.804010417,0.0,257.3
2019-01-31 14:00:00+00:00,1346.702159,1605.851786,8.142774083,0.0,259.2
2019-01-31 15:00:00+00:00,1395.753347,1598.598501,8.8883635,0.0,202.89999999999998
2019-01-31 16:00:00+00:00,1394.679372,1604.18809,11.96173208,0.0,209.7
2019-01-31 17:00:00+00:00,1359.763082,1622.163493,15.46113867,0.0,262.4
2019-01-31 18:00:00+00:00,1317.412354,1622.386424,22.8511215,0.0,305.0
2019-01-31 19:00:00+00:00,1268.145864,1606.430359,26.9271755,0.0,338.20000000000005
2019-01-31 20:00:00+00:00,1183.930359,1583.274618,30.03664233,0.0,399.5
2019-01-31 21:00:00+00:00,1093.312053,1610.291372,32.69122958,0.0,517.1
2019-01-31 22:00:00+00:00,1030.5,1606.3,34.9,0.0,575.9571861
2019-01-31 23:00:00+00:00,996.0,1575.5,38.4,0.0,579.5315350999999
2019-02-01 00:00:00+00:00,978.0,1583.6,47.1,0.0,605.5841023
2019-02-01 01:00:00+00:00,975.5,1591.8,51.6,0.0,616.4002896
2019-02-01 02:00:00+00:00,967.9,1586.4,55.4,0.0,618.5425078
2019-02-01 03:00:00+00:00,998.1,1628.2,73.5,0.0,630.0798437999999
2019-02-01 04:00:00+00:00,1111.5,1688.8,87.8,0.0,577.2760726
2019-02-01 05:00:00+00:00,1249.0,1702.1,94.6,0.0,453.1015148
2019-02-01 06:00:00+00:00,1338.4,1699.8,96.5,0.0,361.2850178
2019-02-01 07:00:00+00:00,1371.1,1702.8,110.9,0.0,331.6832767
2019-02-01 08:00:00+00:00,1381.6,1707.5,106.6,0.0,325.92107409
2019-02-01 09:00:00+00:00,1362.5,1713.3,114.6,0.0,350.75006344999997
2019-02-01 10:00:00+00:00,1335.0,1703.7,107.4,0.0,368.6769983699999
2019-02-01 11:00:00+00:00,1345.5,1705.7,106.2,0.0,360.16215526999997
2019-02-01 12:00:00+00:00,1322.1,1708.6,114.1,0.0,386.396147117
2019-02-01 13:00:00+00:00,1316.4,1705.3,113.7,0.0,388.73804355
2019-02-01 14:00:00+00:00,1303.6,1701.6,113.6,0.0,398.05393004999996
2019-02-01 15:00:00+00:00,1339.2,1699.6,112.4,0.0,360.451551
2019-02-01 16:00:00+00:00,1318.1,1687.2,105.1,0.0,369.044481
2019-02-01 17:00:00+00:00,1279.0,1679.9,103.5,0.0,400.8733995
2019-02-01 18:00:00+00:00,1232.7,1696.6,97.5,0.0,463.80414642999995
2019-02-01 19:00:00+00:00,1173.9,1683.2,87.9,0.0,509.381202
2019-02-01 20:00:00+00:00,1108.0,1662.4,77.3,0.0,554.46098322
2019-02-01 21:00:00+00:00,1027.1,1660.5,71.4,0.0,633.5981801
2019-02-01 22:00:00+00:00,970.8,1482.9,66.5,0.0,512.0490792
2019-02-01 23:00:00+00:00,938.7,1256.7,64.6,0.0,318.0669704
2019-02-02 00:00:00+00:00,918.3,1220.1,61.6,0.0,301.74164469999994
2019-02-02 01:00:00+00:00,907.5,1218.1,53.3,0.0,310.7095257
2019-02-02 02:00:00+00:00,905.1,1210.2,47.9,0.0,305.1175438
2019-02-02 03:00:00+00:00,913.2,1183.9,50.4,0.0,270.61231100000003
2019-02-02 04:00:00+00:00,951.7,1180.1,46.4,0.0,228.41200139999998
2019-02-02 05:00:00+00:00,1003.9,1232.0,43.8,0.0,228.16889270000001
2019-02-02 06:00:00+00:00,1056.5,1432.4,44.8,0.0,376.0265936
2019-02-02 07:00:00+00:00,1118.2,1468.5,45.1,0.0,350.2372996000001
2019-02-02 08:00:00+00:00,1155.0,1491.1,51.2,0.0,336.09674922
2019-02-02 09:00:00+00:00,1163.2,1502.9,54.6,0.0,339.39740718
2019-02-02 10:00:00+00:00,1148.4,1506.3,63.8,0.0,357.85236865
2019-02-02 11:00:00+00:00,1146.1,1516.4,72.0,0.0,370.28992304999997
2019-02-02 12:00:00+00:00,1130.6,1527.0,80.2,0.0,396.39704595
2019-02-02 13:00:00+00:00,1125.9,1538.3,89.4,0.0,412.298906
2019-02-02 14:00:00+00:00,1133.7,1549.5,100.5,0.0,415.94173697
2019-02-02 15:00:00+00:00,1199.3,1548.0,99.9,0.0,348.61059327
2019-02-02 16:00:00+00:00,1197.3,1558.2,100.6,0.0,360.98498203300005
2019-02-02 17:00:00+00:00,1157.9,1553.5,104.6,0.0,395.40834513000004
2019-02-02 18:00:00+00:00,1126.8,1564.0,108.5,0.0,437.26878592
2019-02-02 19:00:00+00:00,1093.7,1561.5,112.0,0.0,467.70610980000004
2019-02-02 20:00:00+00:00,1033.8,1535.8,122.3,0.0,501.99630909999996
2019-02-02 21:00:00+00:00,974.9,1513.3,126.7,0.0,538.4062363
2019-02-02 22:00:00+00:00,931.3,1194.8,124.2,0.0,263.4926904
2019-02-02 23:00:00+00:00,899.9,971.3,122.6,0.0,71.38542710000002
2019-02-03 00:00:00+00:00,873.2,897.8,114.1,0.0,24.697069200000016
2019-02-03 01:00:00+00:00,856.9,821.2,115.4,35.73536489999992,0.0
2019-02-03 02:00:00+00:00,852.7,805.7,123.6,46.99283379999997,0.0
2019-02-03 03:00:00+00:00,861.0,823.5,136.0,37.54936563000001,0.0
2019-02-03 04:00:00+00:00,882.7,817.9,129.0,65.01357867000002,0.0
2019-02-03 05:00:00+00:00,919.8,833.8,128.2,85.87860369999993,0.0
2019-02-03 06:00:00+00:00,962.8,993.1,133.5,0.0,30.239111570000034
2019-02-03 07:00:00+00:00,1024.0,1154.6,124.2,0.0,130.52096372
2019-02-03 08:00:00+00:00,1068.1,1163.8,126.0,0.0,95.7938527
2019-02-03 09:00:00+00:00,1079.6,1204.6,139.3,0.0,125.0304152
2019-02-03 10:00:00+00:00,1080.9,1245.7,147.4,0.0,164.88150109999998
2019-02-03 11:00:00+00:00,1080.5,1272.2,156.7,0.0,191.52716192000003
2019-02-03 12:00:00+00:00,1067.9,1317.8,159.3,0.0,249.80201907
2019-02-03 13:00:00+00:00,1067.5,1331.1,168.0,0.0,263.63429139999994
2019-02-03 14:00:00+00:00,1097.7,1375.5,156.8,0.0,277.623808417
2019-02-03 15:00:00+00:00,1181.6,1395.9,132.0,0.0,214.04873419999996
2019-02-03 16:00:00+00:00,1200.7,1391.2,119.9,0.0,190.57478649999996
2019-02-03 17:00:00+00:00,1187.8,1381.5,110.7,0.0,193.7214578
2019-02-03 18:00:00+00:00,1160.0,1355.6,95.1,0.0,195.5044636
2019-02-03 19:00:00+00:00,1113.7,1305.5,90.0,0.0,191.6737491
2019-02-03 20:00:00+00:00,1039.9,1312.6,88.8,0.0,272.6600598
2019-02-03 21:00:00+00:00,972.1,1309.3,79.4,0.0,337.2124108
2019-02-03 22:00:00+00:00,925.9,1265.5,61.8,0.0,339.6568923
2019-02-03 23:00:00+00:00,905.9,1339.9,40.6,0.0,434.0259572
2019-02-04 00:00:00+00:00,896.0,1378.3,41.3,0.0,482.3984615
2019-02-04 01:00:00+00:00,894.5,1404.3,50.0,0.0,509.76868460000003
2019-02-04 02:00:00+00:00,898.9,1397.2,54.7,0.0,498.2883471999999
2019-02-04 03:00:00+00:00,935.8,1391.5,42.9,0.0,455.6558609
2019-02-04 04:00:00+00:00,1058.0,1415.8,43.1,0.0,357.79884059999995
2019-02-04 05:00:00+00:00,1221.1,1501.3,44.9,0.0,280.0945362
2019-02-04 06:00:00+00:00,1312.1,1513.2,42.1,0.0,201.20806783000003
2019-02-04 07:00:00+00:00,1352.2,1520.7,47.0,0.0,168.56055768000004
2019-02-04 08:00:00+00:00,1357.6,1517.1,46.2,0.0,159.33119078
2019-02-04 09:00:00+00:00,1358.4,1513.2,57.7,0.0,154.84455117
2019-02-04 10:00:00+00:00,1334.2,1476.7,73.0,0.0,142.58795712
2019-02-04 11:00:00+00:00,1348.2,1459.3,88.7,0.0,111.0145162
2019-02-04 12:00:00+00:00,1338.3,1464.7,89.2,0.0,126.29202809999998
2019-02-04 13:00:00+00:00,1340.9,1458.2,87.4,0.0,117.31734293
2019-02-04 14:00:00+00:00,1323.7,1477.9,101.9,0.0,154.11296978
2019-02-04 15:00:00+00:00,1353.0,1494.4,108.6,0.0,141.41800031999998
2019-02-04 16:00:00+00:00,1350.5,1508.0,89.9,0.0,157.47046302
2019-02-04 17:00:00+00:00,1308.7,1531.0,84.0,0.0,222.30138799699998
2019-02-04 18:00:00+00:00,1263.2,1609.0,71.9,0.0,345.6746121
2019-02-04 19:00:00+00:00,1215.1,1630.6,66.9,0.0,415.42929953
2019-02-04 20:00:00+00:00,1130.1,1681.9,79.5,0.0,551.8265679000001
2019-02-04 21:00:00+00:00,1021.0,1715.5,92.1,0.0,694.4954218
2019-02-04 22:00:00+00:00,943.7,1691.3,106.1,0.0,748.3406697
2019-02-04 23:00:00+00:00,910.7,1383.8,108.9,0.0,473.02576609999994
2019-02-05 00:00:00+00:00,894.7,1213.5,115.0,0.0,318.87045288
2019-02-05 01:00:00+00:00,880.9,1194.9,137.3,0.0,314.0632289800001
2019-02-05 02:00:00+00:00,888.1,1194.9,149.7,0.0,306.71215808300013
2019-02-05 03:00:00+00:00,924.0,1230.0,164.9,0.0,305.9273987800001
2019-02-05 04:00:00+00:00,1052.4,1502.9,171.2,0.0,450.49346125
2019-02-05 05:00:00+00:00,1205.1,1612.7,186.0,0.0,407.45490483000003
2019-02-05 06:00:00+00:00,1283.8,1634.2,190.4,0.0,350.366139
2019-02-05 07:00:00+00:00,1329.8,1644.1,189.5,0.0,314.370265
2019-02-05 08:00:00+00:00,1322.2,1628.3,198.1,0.0,306.13047267999997
2019-02-05 09:00:00+00:00,1320.4,1626.4,202.4,0.0,305.97109587
2019-02-05 10:00:00+00:00,1297.9,1644.9,203.8,0.0,347.04154570000003
2019-02-05 11:00:00+00:00,1324.2,1649.7,204.6,0.0,325.37317155
2019-02-05 12:00:00+00:00,1285.1,1650.4,208.2,0.0,365.18269856999996
2019-02-05 13:00:00+00:00,1298.4,1650.6,204.7,0.0,352.15534051000003
2019-02-05 14:00:00+00:00,1294.2,1646.8,195.4,0.0,352.62061555
2019-02-05 15:00:00+00:00,1332.3,1645.9,194.9,0.0,313.54571840000006
2019-02-05 16:00:00+00:00,1333.0,1640.3,188.8,0.0,307.1286923
2019-02-05 17:00:00+00:00,1303.6,1628.5,183.9,0.0,324.78457360000004
2019-02-05 18:00:00+00:00,1261.9,1562.1,172.6,0.0,300.189584717
2019-02-05 19:00:00+00:00,1214.7,1538.0,159.3,0.0,323.22392687
2019-02-05 20:00:00+00:00,1120.1,1527.4,157.9,0.0,407.1782958
2019-02-05 21:00:00+00:00,1031.4,1509.8,150.7,0.0,478.36721209999996
2019-02-05 22:00:00+00:00,973.6,1418.3,133.9,0.0,444.5238712
2019-02-05 23:00:00+00:00,950.7,1157.7,115.8,0.0,206.97450289999995
2019-02-06 00:00:00+00:00,940.6,1003.6,92.8,0.0,62.91663847000004
2019-02-06 01:00:00+00:00,944.0,962.5,58.5,0.0,18.444861599999953
2019-02-06 02:00:00+00:00,949.7,961.0,36.5,0.0,11.260987999999983
2019-02-06 03:00:00+00:00,987.8,1014.5,40.2,0.0,26.635279500000024
2019-02-06 04:00:00+00:00,1103.6,1392.1,64.6,0.0,288.541566
2019-02-06 05:00:00+00:00,1237.6,1525.7,100.3,0.0,287.9901261
2019-02-06 06:00:00+00:00,1295.0,1542.5,110.0,0.0,247.4434539
2019-02-06 07:00:00+00:00,1327.7,1541.4,102.0,0.0,213.6883269
2019-02-06 08:00:00+00:00,1313.5,1525.5,84.5,0.0,211.94540315
2019-02-06 09:00:00+00:00,1331.0,1510.7,68.4,0.0,179.81554832
2019-02-06 10:00:00+00:00,1321.5,1489.9,55.9,0.0,168.64978914999995
2019-02-06 11:00:00+00:00,1338.7,1499.2,58.2,0.0,160.39985449999995
2019-02-06 12:00:00+00:00,1315.8,1490.5,58.8,0.0,174.71728329999996
2019-02-06 13:00:00+00:00,1299.3,1490.8,54.6,0.0,191.527359
2019-02-06 14:00:00+00:00,1284.7,1497.4,50.4,0.0,212.73290475
2019-02-06 15:00:00+00:00,1329.7,1439.9,43.0,0.0,110.47864079999997
2019-02-06 16:00:00+00:00,1342.9,1486.8,35.5,0.0,143.75201350000003
2019-02-06 17:00:00+00:00,1314.4,1474.9,28.4,0.0,160.4335516
2019-02-06 18:00:00+00:00,1279.2,1469.7,18.7,0.0,190.41564179999995
2019-02-06 19:00:00+00:00,1227.7,1442.3,19.2,0.0,214.74953590000007
2019-02-06 20:00:00+00:00,1136.4,1471.3,25.7,0.0,335.06515013
2019-02-06 21:00:00+00:00,1039.3,1237.7,46.4,0.0,198.33250267
2019-02-06 22:00:00+00:00,976.5,1070.3,58.9,0.0,93.73261790000001
2019-02-06 23:00:00+00:00,948.8,919.5,76.4,29.218432899999968,0.0
2019-02-07 00:00:00+00:00,930.3,877.6,111.8,52.78110263000002,0.0
2019-02-07 01:00:00+00:00,920.8,883.5,110.5,37.35913757999998,0.0
2019-02-07 02:00:00+00:00,927.4,880.3,114.7,46.94656972000002,0.0
2019-02-07 03:00:00+00:00,963.9,878.2,126.0,85.59747107999996,0.0
2019-02-07 04:00:00+00:00,1088.0,952.5,138.6,135.61183179999998,0.0
2019-02-07 05:00:00+00:00,1243.4,1092.8,145.8,150.593987917,0.0
2019-02-07 06:00:00+00:00,1323.4,1115.2,135.9,208.16362310000005,0.0
2019-02-07 07:00:00+00:00,1354.5,1119.9,136.0,234.5977638500001,0.0
2019-02-07 08:00:00+00:00,1347.6,1122.5,134.9,225.07619800000003,0.0
2019-02-07 09:00:00+00:00,1344.4,1113.2,131.5,231.1191631000001,0.0
2019-02-07 10:00:00+00:00,1319.7,1086.6,109.0,233.13029819999997,0.0
2019-02-07 11:00:00+00:00,1341.3,1060.3,95.5,281.07385519999997,0.0
2019-02-07 12:00:00+00:00,1327.6,1063.6,89.4,264.0258234,0.0
2019-02-07 13:00:00+00:00,1323.5,1051.4,80.3,272.0139223,0.0
2019-02-07 14:00:00+00:00,1305.1,1042.5,72.0,262.65735639999997,0.0
2019-02-07 15:00:00+00:00,1340.4,1037.6,64.9,302.90724307,0.0
2019-02-07 16:00:00+00:00,1335.7,1042.9,66.9,292.8638769,0.0
2019-02-07 17:00:00+00:00,1298.6,1038.3,67.7,260.416450597,0.0
2019-02-07 18:00:00+00:00,1255.0,1041.5,66.2,213.75687429999996,0.0
2019-02-07 19:00:00+00:00,1197.4,955.7,68.6,241.69869920000008,0.0
2019-02-07 20:00:00+00:00,1109.0,930.6,70.2,178.31114167000004,0.0
2019-02-07 21:00:00+00:00,1020.8,908.9,75.3,111.91331689999998,0.0
2019-02-07 22:00:00+00:00,953.7,881.6,84.7,72.03432409999999,0.0
2019-02-07 23:00:00+00:00,920.2,793.8,92.1,126.23468642,0.0
2019-02-08 00:00:00+00:00,895.7,772.3,114.4,123.40804585000004,0.0
2019-02-08 01:00:00+00:00,890.8,827.6,129.8,63.144247899999954,0.0
2019-02-08 02:00:00+00:00,885.2,818.1,151.7,66.99181230000002,0.0
2019-02-08 03:00:00+00:00,923.6,826.3,154.1,97.34308248000008,0.0
2019-02-08 04:00:00+00:00,1043.0,856.2,174.8,187.11252781700003,0.0
2019-02-08 05:00:00+00:00,1195.4,907.8,178.4,287.583359137,0.0
2019-02-08 06:00:00+00:00,1265.3,951.9,178.8,313.37635550000005,0.0
2019-02-08 07:00:00+00:00,1312.8,990.1,178.8,322.57482849999997,0.0
2019-02-08 08:00:00+00:00,1312.8,984.4,170.7,328.28797125,0.0
2019-02-08 09:00:00+00:00,1304.9,997.4,177.7,307.62589484999995,0.0
2019-02-08 10:00:00+00:00,1281.9,919.0,196.3,362.82949940000003,0.0
2019-02-08 11:00:00+00:00,1294.4,874.4,190.5,420.0492216,0.0
2019-02-08 12:00:00+00:00,1271.3,873.6,185.5,397.6379480999999,0.0
2019-02-08 13:00:00+00:00,1262.9,973.4,193.5,289.489675,0.0
2019-02-08 14:00:00+00:00,1244.5,1002.0,201.5,242.4980999,0.0
2019-02-08 15:00:00+00:00,1273.4,1002.0,195.3,271.46862267000006,0.0
2019-02-08 16:00:00+00:00,1274.2,1007.9,197.7,266.23099202000003,0.0
2019-02-08 17:00:00+00:00,1235.2,1013.4,202.8,221.82945078000006,0.0
2019-02-08 18:00:00+00:00,1188.0,924.4,207.0,263.7496806000001,0.0
2019-02-08 19:00:00+00:00,1125.6,905.0,214.3,220.61944479999994,0.0
2019-02-08 20:00:00+00:00,1050.0,890.3,206.3,159.80049660000003,0.0
2019-02-08 21:00:00+00:00,971.5,880.1,204.2,91.33382031999997,0.0
2019-02-08 22:00:00+00:00,920.3,899.8,205.2,20.60734400000004,0.0
2019-02-08 23:00:00+00:00,887.5,886.3,187.3,1.1917915799999577,0.0
2019-02-09 00:00:00+00:00,866.1,889.7,171.4,0.0,23.568268899999936
2019-02-09 01:00:00+00:00,851.1,879.1,141.8,0.0,27.873471600000002
2019-02-09 02:00:00+00:00,852.4,908.9,166.6,0.0,56.50284219999995
2019-02-09 03:00:00+00:00,849.6,915.1,171.5,0.0,65.50246520000005
2019-02-09 04:00:00+00:00,875.9,914.7,173.8,0.0,38.82118899999995
2019-02-09 05:00:00+00:00,915.8,952.1,173.6,0.0,36.23400580000009
2019-02-09 06:00:00+00:00,961.8,956.7,180.1,5.157909200000063,0.0
2019-02-09 07:00:00+00:00,1036.2,967.6,191.2,68.59447377999999,0.0
2019-02-09 08:00:00+00:00,1066.9,964.3,199.4,102.61408769999997,0.0
2019-02-09 09:00:00+00:00,1068.1,959.9,209.4,108.1372316,0.0
2019-02-09 10:00:00+00:00,1060.9,954.9,207.1,106.00673590000008,0.0
2019-02-09 11:00:00+00:00,1055.1,942.7,202.9,112.4821159,0.0
2019-02-09 12:00:00+00:00,1048.3,939.8,207.5,108.38593860000003,0.0
2019-02-09 13:00:00+00:00,1037.3,936.1,210.8,101.31737320000002,0.0
2019-02-09 14:00:00+00:00,1050.1,932.8,199.7,117.32745169999998,0.0
2019-02-09 15:00:00+00:00,1115.7,947.2,212.4,168.4693932,0.0
2019-02-09 16:00:00+00:00,1137.5,974.8,223.2,162.8741769,0.0
2019-02-09 17:00:00+00:00,1105.7,969.4,222.8,136.29670280000005,0.0
2019-02-09 18:00:00+00:00,1060.9,971.7,224.2,89.3487637,0.0
2019-02-09 19:00:00+00:00,1024.2,975.1,222.4,49.1514866,0.0
2019-02-09 20:00:00+00:00,972.8,965.9,221.2,6.986926999999923,0.0
2019-02-09 21:00:00+00:00,934.9,904.7,209.0,30.266357799999994,0.0
2019-02-09 22:00:00+00:00,898.8,879.6,208.9,19.313384520000042,0.0
2019-02-09 23:00:00+00:00,875.2,859.0,196.7,16.226469349999967,0.0
2019-02-10 00:00:00+00:00,846.7,890.4,199.2,0.0,43.89695739999998
2019-02-10 01:00:00+00:00,831.3,905.3,216.7,0.0,74.11857834999991
2019-02-10 02:00:00+00:00,822.6,903.3,219.4,0.0,80.66257428000007
2019-02-10 03:00:00+00:00,833.8,890.1,216.8,0.0,56.21991592999996
2019-02-10 04:00:00+00:00,861.1,897.2,222.6,0.0,36.29463882999994
2019-02-10 05:00:00+00:00,902.6,907.9,228.7,0.0,5.3247111999999674
2019-02-10 06:00:00+00:00,942.9,909.2,235.3,33.62318989999997,0.0
2019-02-10 07:00:00+00:00,1000.7,913.7,229.6,86.95109160000001,0.0
2019-02-10 08:00:00+00:00,1039.3,901.9,225.7,137.431591,0.0
2019-02-10 09:00:00+00:00,1053.3,883.5,216.1,169.87338868000003,0.0
2019-02-10 10:00:00+00:00,1045.9,882.2,216.2,163.78109208,0.0
2019-02-10 11:00:00+00:00,1043.4,889.6,220.0,153.75204899999994,0.0
2019-02-10 12:00:00+00:00,1031.9,878.9,215.2,152.9453962,0.0
2019-02-10 13:00:00+00:00,1034.6,861.5,198.4,173.06455089999997,0.0
2019-02-10 14:00:00+00:00,1052.7,839.2,176.7,213.39790510000006,0.0
2019-02-10 15:00:00+00:00,1128.8,825.5,159.8,303.45763980000004,0.0
2019-02-10 16:00:00+00:00,1164.2,835.1,152.9,329.123882,0.0
2019-02-10 17:00:00+00:00,1153.4,866.0,154.2,287.3034147000001,0.0
2019-02-10 18:00:00+00:00,1117.7,884.8,166.2,232.90171380000004,0.0
2019-02-10 19:00:00+00:00,1070.2,864.5,154.2,205.69101799999999,0.0
2019-02-10 20:00:00+00:00,999.9,840.2,132.5,159.73380490000002,0.0
2019-02-10 21:00:00+00:00,925.9,807.2,97.2,118.75457612000002,0.0
2019-02-10 22:00:00+00:00,873.3,812.6,101.9,60.71290883,0.0
2019-02-10 23:00:00+00:00,851.6,818.1,106.4,33.50174866999998,0.0
2019-02-11 00:00:00+00:00,838.9,812.9,104.8,26.038573030000038,0.0
2019-02-11 01:00:00+00:00,842.5,807.5,98.0,35.12123864999999,0.0
2019-02-11 02:00:00+00:00,858.2,774.7,78.0,83.5859259,0.0
2019-02-11 03:00:00+00:00,894.5,787.5,74.3,107.01971900000005,0.0
2019-02-11 04:00:00+00:00,1020.4,882.3,88.3,138.08559119999998,0.0
2019-02-11 05:00:00+00:00,1173.8,881.5,94.3,292.26639068000003,0.0
2019-02-11 06:00:00+00:00,1259.3,886.2,91.0,373.10763435,0.0
2019-02-11 07:00:00+00:00,1307.1,887.5,84.5,419.7300481,0.0
2019-02-11 08:00:00+00:00,1311.5,879.8,72.7,431.774534,0.0
2019-02-11 09:00:00+00:00,1308.4,864.1,67.2,444.3916027,0.0
2019-02-11 10:00:00+00:00,1287.8,868.6,62.5,419.40549210000006,0.0
2019-02-11 11:00:00+00:00,1312.6,836.3,54.1,476.70124480000004,0.0
2019-02-11 12:00:00+00:00,1289.4,825.3,45.0,464.2332911000001,0.0
2019-02-11 13:00:00+00:00,1289.0,818.5,35.6,470.47308009999995,0.0
2019-02-11 14:00:00+00:00,1280.0,799.9,30.5,479.84803239999997,0.0
2019-02-11 15:00:00+00:00,1289.9,796.8,31.7,493.1768142,0.0
2019-02-11 16:00:00+00:00,1279.3,788.6,26.6,490.8110366,0.0
2019-02-11 17:00:00+00:00,1249.5,794.6,22.5,454.7351863,0.0
2019-02-11 18:00:00+00:00,1215.4,783.6,22.6,431.90471009999993,0.0
2019-02-11 19:00:00+00:00,1165.8,736.9,30.3,429.01988780000005,0.0
2019-02-11 20:00:00+00:00,1078.7,724.0,37.1,354.63932375,0.0
2019-02-11 21:00:00+00:00,989.3,734.7,51.0,254.58115165000004,0.0
2019-02-11 22:00:00+00:00,918.4,764.0,72.3,154.44141672,0.0
2019-02-11 23:00:00+00:00,886.1,805.2,85.9,80.98762209999998,0.0
2019-02-12 00:00:00+00:00,860.0,834.7,107.1,25.351153299999993,0.0
2019-02-12 01:00:00+00:00,849.2,818.6,123.3,30.67435930000002,0.0
2019-02-12 02:00:00+00:00,854.9,815.9,123.4,39.14692169999998,0.0
2019-02-12 03:00:00+00:00,884.7,812.6,122.4,72.03643009999996,0.0
2019-02-12 04:00:00+00:00,1002.7,829.8,128.9,172.78677247999997,0.0
2019-02-12 05:00:00+00:00,1147.9,860.6,140.3,287.59839413000003,0.0
2019-02-12 06:00:00+00:00,1224.1,938.7,158.9,285.61593599999986,0.0
2019-02-12 07:00:00+00:00,1268.2,959.9,175.3,308.27776348,0.0
2019-02-12 08:00:00+00:00,1257.6,952.9,183.6,304.80689323,0.0
2019-02-12 09:00:00+00:00,1244.0,960.1,178.1,284.04798286999994,0.0
2019-02-12 10:00:00+00:00,1226.0,921.6,157.8,304.42402330000004,0.0
2019-02-12 11:00:00+00:00,1244.7,888.8,152.9,355.99851290000004,0.0
2019-02-12 12:00:00+00:00,1226.5,844.8,145.0,381.4861277,0.0
2019-02-12 13:00:00+00:00,1219.6,891.9,149.2,327.87580865000007,0.0
2019-02-12 14:00:00+00:00,1215.1,901.4,165.9,313.71080755,0.0
2019-02-12 15:00:00+00:00,1246.0,851.6,164.7,394.45011073300003,0.0
2019-02-12 16:00:00+00:00,1281.6,882.6,145.6,399.29856138,0.0
2019-02-12 17:00:00+00:00,1249.3,916.6,166.0,332.76210953,0.0
2019-02-12 18:00:00+00:00,1221.6,834.5,160.8,387.1729984,0.0
2019-02-12 19:00:00+00:00,1170.5,761.1,131.9,409.29541040000004,0.0
2019-02-12 20:00:00+00:00,1091.3,775.8,113.9,315.4958151000001,0.0
2019-02-12 21:00:00+00:00,1004.6,738.3,76.0,266.2551287,0.0
2019-02-12 22:00:00+00:00,936.7,700.9,47.0,235.81323362,0.0
2019-02-12 23:00:00+00:00,908.6,714.3,41.6,194.29175024999998,0.0
2019-02-13 00:00:00+00:00,895.8,747.6,53.9,148.05534670000003,0.0
2019-02-13 01:00:00+00:00,888.1,767.0,67.5,121.32234797999999,0.0
2019-02-13 02:00:00+00:00,889.5,763.9,83.3,125.64070770000001,0.0
2019-02-13 03:00:00+00:00,923.4,779.5,95.9,143.94348483,0.0
2019-02-13 04:00:00+00:00,1049.4,783.3,98.8,266.01345622,0.0
2019-02-13 05:00:00+00:00,1190.6,866.0,120.4,324.65189228,0.0
2019-02-13 06:00:00+00:00,1273.4,924.7,139.7,348.84530732,0.0
2019-02-13 07:00:00+00:00,1321.4,876.8,125.3,444.7370321000001,0.0
2019-02-13 08:00:00+00:00,1312.5,864.1,110.6,448.4750262,0.0
2019-02-13 09:00:00+00:00,1296.6,822.8,77.4,473.79339530000004,0.0
2019-02-13 10:00:00+00:00,1266.2,702.2,36.3,563.8816398,0.0
2019-02-13 11:00:00+00:00,1289.4,769.0,35.5,520.5149395999999,0.0
2019-02-13 12:00:00+00:00,1272.4,793.3,39.6,479.19085679999995,0.0
2019-02-13 13:00:00+00:00,1277.0,795.0,58.1,481.94330479999996,0.0
2019-02-13 14:00:00+00:00,1237.5,707.2,46.0,530.3001156,0.0
2019-02-13 15:00:00+00:00,1267.4,811.2,43.6,456.1900357,0.0
2019-02-13 16:00:00+00:00,1305.8,841.1,32.9,464.804366,0.0
2019-02-13 17:00:00+00:00,1266.7,856.4,50.9,410.32574249999993,0.0
2019-02-13 18:00:00+00:00,1229.2,785.8,52.8,443.3786134,0.0
2019-02-13 19:00:00+00:00,1177.0,763.0,64.7,413.93836239999996,0.0
2019-02-13 20:00:00+00:00,1076.9,818.6,94.4,258.3816776,0.0
2019-02-13 21:00:00+00:00,973.6,847.0,115.0,126.5028623,0.0
2019-02-13 22:00:00+00:00,902.0,839.2,130.9,62.58223552000004,0.0
2019-02-13 23:00:00+00:00,871.5,837.2,136.4,34.17821170000002,0.0
2019-02-14 00:00:00+00:00,855.0,814.4,149.2,40.56208305000001,0.0
2019-02-14 01:00:00+00:00,852.2,809.5,146.3,42.770350500000035,0.0
2019-02-14 02:00:00+00:00,854.9,820.2,152.5,34.63133633000001,0.0
2019-02-14 03:00:00+00:00,890.4,827.7,153.3,62.455343649999975,0.0
2019-02-14 04:00:00+00:00,1013.6,826.6,148.5,187.29505228,0.0
2019-02-14 05:00:00+00:00,1160.5,890.0,131.7,270.57346322,0.0
2019-02-14 06:00:00+00:00,1253.7,889.2,95.0,364.6084063,0.0
2019-02-14 07:00:00+00:00,1279.3,854.3,58.6,425.07475559999995,0.0
2019-02-14 08:00:00+00:00,1246.3,814.1,44.0,432.31870775000004,0.0
2019-02-14 09:00:00+00:00,1234.8,796.7,36.6,438.05008948,0.0
2019-02-14 10:00:00+00:00,1223.5,763.1,47.9,460.4089258,0.0
2019-02-14 11:00:00+00:00,1230.9,728.7,48.7,502.23709629999996,0.0
2019-02-14 12:00:00+00:00,1227.7,760.1,78.0,467.64677919999997,0.0
2019-02-14 13:00:00+00:00,1234.4,883.4,129.3,351.02106290000006,0.0
2019-02-14 14:00:00+00:00,1215.9,869.5,129.1,346.4499251,0.0
2019-02-14 15:00:00+00:00,1241.3,930.8,124.0,310.49949319999996,0.0
2019-02-14 16:00:00+00:00,1265.2,977.1,152.8,288.04822407000006,0.0
2019-02-14 17:00:00+00:00,1227.9,998.8,183.4,229.11193836999996,0.0
2019-02-14 18:00:00+00:00,1188.4,871.3,178.6,317.17559195,0.0
2019-02-14 19:00:00+00:00,1131.3,835.6,158.1,295.58824147999997,0.0
2019-02-14 20:00:00+00:00,1050.7,853.5,175.5,197.12657490000004,0.0
2019-02-14 21:00:00+00:00,963.7,878.7,182.0,84.89616230000001,0.0
2019-02-14 22:00:00+00:00,888.1,867.7,166.2,20.33525350000002,0.0
2019-02-14 23:00:00+00:00,861.6,868.8,166.9,0.0,7.3163079699999685
2019-02-15 00:00:00+00:00,850.1,820.5,148.7,29.704572779999978,0.0
2019-02-15 01:00:00+00:00,840.9,839.2,146.1,1.7930877499999838,0.0
2019-02-15 02:00:00+00:00,844.8,874.2,148.6,0.0,29.499001299999975
2019-02-15 03:00:00+00:00,880.4,853.1,139.7,27.321063699999968,0.0
2019-02-15 04:00:00+00:00,1004.4,837.1,138.0,167.08631830000002,0.0
2019-02-15 05:00:00+00:00,1152.2,857.4,132.6,294.81497599999994,0.0
2019-02-15 06:00:00+00:00,1233.2,961.1,143.8,272.09094130000017,0.0
2019-02-15 07:00:00+00:00,1268.6,930.5,112.8,338.14478109999993,0.0
2019-02-15 08:00:00+00:00,1262.0,919.1,93.8,342.95767950000004,0.0
2019-02-15 09:00:00+00:00,1244.3,959.5,126.7,284.75762230000004,0.0
2019-02-15 10:00:00+00:00,1202.0,907.0,166.1,294.9664273170001,0.0
2019-02-15 11:00:00+00:00,1213.9,829.9,148.6,384.01447701999996,0.0
2019-02-15 12:00:00+00:00,1193.7,894.9,149.0,299.11621717,0.0
2019-02-15 13:00:00+00:00,1188.5,1021.1,168.0,167.43714669999997,0.0
2019-02-15 14:00:00+00:00,1179.9,950.3,152.2,229.61504359999992,0.0
2019-02-15 15:00:00+00:00,1209.5,982.9,169.1,226.52410430000015,0.0
2019-02-15 16:00:00+00:00,1242.3,973.1,157.2,269.1798853,0.0
2019-02-15 17:00:00+00:00,1214.4,952.2,135.8,262.27564679999995,0.0
2019-02-15 18:00:00+00:00,1173.6,791.6,113.5,381.98398649999996,0.0
2019-02-15 19:00:00+00:00,1117.8,755.6,108.8,362.129402333,0.0
2019-02-15 20:00:00+00:00,1032.5,744.4,91.7,287.9972641999999,0.0
2019-02-15 21:00:00+00:00,952.4,734.6,72.1,217.72303540000001,0.0
2019-02-15 22:00:00+00:00,883.1,721.4,64.9,161.73683229999995,0.0
2019-02-15 23:00:00+00:00,845.9,715.8,63.2,130.18624060000002,0.0
2019-02-16 00:00:00+00:00,809.7,725.6,84.2,84.1230726,0.0
2019-02-16 01:00:00+00:00,805.0,752.3,98.7,52.639678300000014,0.0
2019-02-16 02:00:00+00:00,808.5,766.0,115.3,42.489739230000055,0.0
2019-02-16 03:00:00+00:00,818.0,767.2,114.3,51.03016348,0.0
2019-02-16 04:00:00+00:00,871.6,777.7,110.1,93.89714900000001,0.0
2019-02-16 05:00:00+00:00,903.9,780.4,116.6,123.62840280000006,0.0
2019-02-16 06:00:00+00:00,947.8,809.9,146.3,137.83415829999996,0.0
2019-02-16 07:00:00+00:00,1007.9,813.5,149.9,194.5823937,0.0
2019-02-16 08:00:00+00:00,1020.2,800.5,150.5,219.61776816999998,0.0
2019-02-16 09:00:00+00:00,1004.3,805.0,144.3,199.39770825000005,0.0
2019-02-16 10:00:00+00:00,984.0,802.0,143.0,181.93428992999998,0.0
2019-02-16 11:00:00+00:00,974.7,813.8,154.7,160.83062399999994,0.0
2019-02-16 12:00:00+00:00,964.4,829.8,167.2,134.73894719999998,0.0
2019-02-16 13:00:00+00:00,959.4,830.5,178.0,128.96222081999997,0.0
2019-02-16 14:00:00+00:00,981.1,828.8,172.8,152.25599828000009,0.0
2019-02-16 15:00:00+00:00,1023.8,829.3,169.0,194.48798262999992,0.0
2019-02-16 16:00:00+00:00,1082.7,810.8,155.4,271.9385315,0.0
2019-02-16 17:00:00+00:00,1066.2,842.0,178.2,224.33648520000003,0.0
2019-02-16 18:00:00+00:00,1011.2,824.1,183.4,186.6040486,0.0
2019-02-16 19:00:00+00:00,990.5,818.8,178.8,171.78561690000004,0.0
2019-02-16 20:00:00+00:00,934.6,795.0,159.4,139.44125050000002,0.0
2019-02-16 21:00:00+00:00,884.9,790.4,155.4,94.50088963000002,0.0
2019-02-16 22:00:00+00:00,828.9,782.5,151.5,46.41730179999999,0.0
2019-02-16 23:00:00+00:00,796.9,796.7,169.5,0.21319343000004665,0.0
2019-02-17 00:00:00+00:00,782.5,784.8,160.3,0.0,2.254017920000024
2019-02-17 01:00:00+00:00,772.3,819.8,183.8,0.0,47.656936599999966
2019-02-17 02:00:00+00:00,769.8,838.7,202.4,0.0,68.89819890000001
2019-02-17 03:00:00+00:00,787.5,832.0,201.9,0.0,44.58849650000002
2019-02-17 04:00:00+00:00,821.5,832.0,202.3,0.0,10.433653800000002
2019-02-17 05:00:00+00:00,856.3,829.8,197.1,26.309733480000034,0.0
2019-02-17 06:00:00+00:00,909.6,818.2,178.2,92.07633377000002,0.0
2019-02-17 07:00:00+00:00,970.2,814.5,169.0,155.55748719999997,0.0
2019-02-17 08:00:00+00:00,983.7,781.9,140.9,201.89678780000008,0.0
2019-02-17 09:00:00+00:00,980.8,778.0,128.4,202.8304942000001,0.0
2019-02-17 10:00:00+00:00,970.9,776.5,125.1,194.4573871,0.0
2019-02-17 11:00:00+00:00,965.2,778.5,128.3,186.91307029999996,0.0
2019-02-17 12:00:00+00:00,956.5,770.9,128.0,185.53843139999992,0.0
2019-02-17 13:00:00+00:00,970.8,754.4,120.9,216.41795849999994,0.0
2019-02-17 14:00:00+00:00,991.3,749.0,115.9,242.33486670000013,0.0
2019-02-17 15:00:00+00:00,1059.9,743.3,114.4,316.45194949999996,0.0
2019-02-17 16:00:00+00:00,1143.4,752.9,101.2,390.4232074,0.0
2019-02-17 17:00:00+00:00,1141.5,767.1,99.4,374.36696870000003,0.0
2019-02-17 18:00:00+00:00,1117.1,770.7,90.3,346.4787172,0.0
2019-02-17 19:00:00+00:00,1074.6,748.5,62.5,326.2735028000001,0.0
2019-02-17 20:00:00+00:00,997.4,741.2,54.0,256.1065665,0.0
2019-02-17 21:00:00+00:00,924.6,719.6,44.7,205.09128039999996,0.0
2019-02-17 22:00:00+00:00,881.7,713.7,35.3,168.0826816,0.0
2019-02-17 23:00:00+00:00,854.6,692.2,26.7,162.3712528,0.0
2019-02-18 00:00:00+00:00,840.0,683.2,20.9,156.88913179999997,0.0
2019-02-18 01:00:00+00:00,841.8,681.8,16.8,159.96195750000004,0.0
2019-02-18 02:00:00+00:00,850.6,687.9,23.0,162.57338169999997,0.0
2019-02-18 03:00:00+00:00,892.5,694.3,38.6,198.01048635,0.0
2019-02-18 04:00:00+00:00,1028.5,716.0,49.4,312.5517354,0.0
2019-02-18 05:00:00+00:00,1161.1,806.5,66.4,354.79771868000006,0.0
2019-02-18 06:00:00+00:00,1249.3,840.3,72.0,408.94732147,0.0
2019-02-18 07:00:00+00:00,1279.4,848.5,73.5,430.93223257,0.0
2019-02-18 08:00:00+00:00,1257.4,855.6,70.8,401.7572488799999,0.0
2019-02-18 09:00:00+00:00,1229.4,845.3,66.9,384.09394547,0.0
2019-02-18 10:00:00+00:00,1191.7,778.8,75.0,412.8712742,0.0
2019-02-18 11:00:00+00:00,1195.7,761.7,84.3,433.9647071999999,0.0
2019-02-18 12:00:00+00:00,1174.9,796.5,116.1,378.5172247999999,0.0
2019-02-18 13:00:00+00:00,1174.2,863.3,141.0,310.9954156499999,0.0
2019-02-18 14:00:00+00:00,1154.0,919.9,158.8,234.0623279,0.0
2019-02-18 15:00:00+00:00,1171.9,908.9,179.5,263.0345363,0.0
2019-02-18 16:00:00+00:00,1214.1,943.9,173.8,270.23906410000006,0.0
2019-02-18 17:00:00+00:00,1185.5,962.2,187.0,223.23698079999997,0.0
2019-02-18 18:00:00+00:00,1149.8,885.4,194.6,264.48793620000004,0.0
2019-02-18 19:00:00+00:00,1096.7,863.6,193.1,233.10439200000002,0.0
2019-02-18 20:00:00+00:00,994.3,850.0,202.8,144.44521309999993,0.0
2019-02-18 21:00:00+00:00,900.0,839.3,194.2,60.68882479999996,0.0
2019-02-18 22:00:00+00:00,842.9,834.1,187.4,8.831274319999977,0.0
2019-02-18 23:00:00+00:00,824.1,824.1,182.6,0.0,0.0682623800000215
2019-02-19 00:00:00+00:00,809.7,822.2,179.8,0.0,12.336543399999982
2019-02-19 01:00:00+00:00,804.4,793.3,149.0,11.290830567,0.0
2019-02-19 02:00:00+00:00,810.4,776.2,133.9,34.18730016999996,0.0
2019-02-19 03:00:00+00:00,835.6,773.9,127.7,61.814232869999955,0.0
2019-02-19 04:00:00+00:00,959.1,824.7,127.9,134.19168359999998,0.0
2019-02-19 05:00:00+00:00,1109.9,868.0,140.5,241.75384429999997,0.0
2019-02-19 06:00:00+00:00,1214.6,909.5,132.5,305.16209328,0.0
2019-02-19 07:00:00+00:00,1224.4,951.1,144.5,273.27848200000005,0.0
2019-02-19 08:00:00+00:00,1221.7,939.0,158.8,282.65158240000005,0.0
2019-02-19 09:00:00+00:00,1214.0,930.8,168.6,283.2255613,0.0
2019-02-19 10:00:00+00:00,1187.9,859.5,179.7,328.474014,0.0
2019-02-19 11:00:00+00:00,1209.7,854.6,185.4,355.1285422000001,0.0
2019-02-19 12:00:00+00:00,1203.5,872.8,166.6,330.7539912,0.0
2019-02-19 13:00:00+00:00,1200.9,868.2,156.5,332.76810782,0.0
2019-02-19 14:00:00+00:00,1183.7,864.0,152.4,319.70886958,0.0
2019-02-19 15:00:00+00:00,1204.4,838.6,130.2,365.76900867000006,0.0
2019-02-19 16:00:00+00:00,1223.0,858.4,105.3,364.70090058,0.0
2019-02-19 17:00:00+00:00,1195.5,899.9,116.2,295.74068782,0.0
2019-02-19 18:00:00+00:00,1157.6,857.0,130.3,300.70012640000004,0.0
2019-02-19 19:00:00+00:00,1084.0,799.9,142.7,284.17158429999995,0.0
2019-02-19 20:00:00+00:00,990.1,783.7,133.1,206.26616199999995,0.0
2019-02-19 21:00:00+00:00,885.3,782.6,129.3,102.25383473,0.0
2019-02-19 22:00:00+00:00,823.6,764.5,125.2,59.07533442000005,0.0
2019-02-19 23:00:00+00:00,792.7,771.8,122.7,21.138528769999994,0.0
2019-02-20 00:00:00+00:00,778.3,772.8,122.3,5.437570816999994,0.0
2019-02-20 01:00:00+00:00,776.4,777.3,128.0,0.0,0.8787338300000442
2019-02-20 02:00:00+00:00,778.4,796.4,136.4,0.0,18.215661780000005
2019-02-20 03:00:00+00:00,815.2,809.0,145.2,6.284507417000043,0.0
2019-02-20 04:00:00+00:00,945.2,806.6,129.5,138.7102056,0.0
2019-02-20 05:00:00+00:00,1073.7,814.2,133.5,259.5001338,0.0
2019-02-20 06:00:00+00:00,1177.8,839.8,145.5,338.182632,0.0
2019-02-20 07:00:00+00:00,1220.9,905.8,166.5,315.42109111699995,0.0
2019-02-20 08:00:00+00:00,1212.0,986.3,182.0,225.78235490000003,0.0
2019-02-20 09:00:00+00:00,1219.0,895.4,175.2,323.4626996,0.0
2019-02-20 10:00:00+00:00,1210.6,929.1,170.5,281.6419753,0.0
2019-02-20 11:00:00+00:00,1234.4,891.8,194.7,342.79291069999994,0.0
2019-02-20 12:00:00+00:00,1234.6,937.0,216.7,297.60591420000003,0.0
2019-02-20 13:00:00+00:00,1324.2,918.7,219.6,405.526362318,0.0
2019-02-20 14:00:00+00:00,1223.3,909.5,221.3,313.82740848000003,0.0
2019-02-20 15:00:00+00:00,1237.8,960.9,229.4,276.9547610999999,0.0
2019-02-20 16:00:00+00:00,1275.4,1002.8,228.4,272.65556352000004,0.0
2019-02-20 17:00:00+00:00,1247.0,1003.5,229.9,243.4484448,0.0
2019-02-20 18:00:00+00:00,1207.1,1000.2,226.6,206.9174261999999,0.0
2019-02-20 19:00:00+00:00,1149.3,980.9,225.3,168.45351529999994,0.0
2019-02-20 20:00:00+00:00,1055.8,899.8,223.1,155.8310813,0.0
2019-02-20 21:00:00+00:00,962.6,892.9,226.6,69.63067312999999,0.0
2019-02-20 22:00:00+00:00,898.0,853.9,215.7,44.067822870000015,0.0
2019-02-20 23:00:00+00:00,868.7,854.6,205.1,14.069816033000052,0.0
2019-02-21 00:00:00+00:00,851.3,858.4,193.8,0.0,7.277007749999996
2019-02-21 01:00:00+00:00,846.3,832.9,175.3,13.313152530000025,0.0
2019-02-21 02:00:00+00:00,855.8,822.7,164.2,33.17295967000001,0.0
2019-02-21 03:00:00+00:00,899.9,818.8,157.9,81.20968652999994,0.0
2019-02-21 04:00:00+00:00,1030.9,906.2,152.4,124.74434465000004,0.0
2019-02-21 05:00:00+00:00,1165.0,917.0,144.2,248.15057623,0.0
2019-02-21 06:00:00+00:00,1259.8,913.8,134.0,346.03276702,0.0
2019-02-21 07:00:00+00:00,1289.5,898.7,123.7,390.73356702,0.0
2019-02-21 08:00:00+00:00,1263.3,895.4,112.8,367.881477567,0.0
2019-02-21 09:00:00+00:00,1244.3,844.7,90.4,399.6332741,0.0
2019-02-21 10:00:00+00:00,1213.1,807.5,80.9,405.68270220000005,0.0
2019-02-21 11:00:00+00:00,1238.0,771.5,78.1,466.51523870000005,0.0
2019-02-21 12:00:00+00:00,1228.2,792.1,77.4,436.0465369,0.0
2019-02-21 13:00:00+00:00,1231.9,841.8,80.1,390.0472502,0.0
2019-02-21 14:00:00+00:00,1213.8,864.7,83.2,349.06507882,0.0
2019-02-21 15:00:00+00:00,1246.3,872.7,83.7,373.51267569,0.0
2019-02-21 16:00:00+00:00,1305.6,889.7,93.0,415.87275959000004,0.0
2019-02-21 17:00:00+00:00,1278.2,902.0,99.1,376.13812557000006,0.0
2019-02-21 18:00:00+00:00,1248.4,917.0,112.7,331.63254390000003,0.0
2019-02-21 19:00:00+00:00,1194.5,906.7,119.6,287.58752730000003,0.0
2019-02-21 20:00:00+00:00,1109.8,800.2,110.6,309.54075680000005,0.0
2019-02-21 21:00:00+00:00,1022.3,725.1,100.7,297.32806094999995,0.0
2019-02-21 22:00:00+00:00,961.0,743.4,96.0,217.8322443,0.0
2019-02-21 23:00:00+00:00,932.3,722.0,92.3,210.12909012999998,0.0
2019-02-22 00:00:00+00:00,927.3,714.3,90.8,212.9914745,0.0
2019-02-22 01:00:00+00:00,922.0,725.9,97.3,196.18574363000002,0.0
2019-02-22 02:00:00+00:00,928.6,718.5,98.8,210.19661540000004,0.0
2019-02-22 03:00:00+00:00,972.1,719.5,96.3,252.64589198,0.0
2019-02-22 04:00:00+00:00,1096.5,798.4,94.5,297.81865719999996,0.0
2019-02-22 05:00:00+00:00,1215.1,874.2,90.9,340.80794249999997,0.0
2019-02-22 06:00:00+00:00,1308.0,880.2,83.1,427.77671000000004,0.0
2019-02-22 07:00:00+00:00,1329.3,844.5,60.5,484.85233972,0.0
2019-02-22 08:00:00+00:00,1312.3,819.7,39.4,492.92504912000004,0.0
2019-02-22 09:00:00+00:00,1283.6,823.7,31.2,459.96501850000004,0.0
2019-02-22 10:00:00+00:00,1247.1,818.3,25.1,428.91653310000015,0.0
2019-02-22 11:00:00+00:00,1243.0,800.4,15.6,442.6219883000001,0.0
2019-02-22 12:00:00+00:00,1223.1,713.7,13.6,509.42628219999995,0.0
2019-02-22 13:00:00+00:00,1214.5,751.7,16.0,462.74869957999994,0.0
2019-02-22 14:00:00+00:00,1204.8,753.9,19.3,450.89099724999994,0.0
2019-02-22 15:00:00+00:00,1222.6,746.3,18.7,476.24435630000005,0.0
2019-02-22 16:00:00+00:00,1288.1,808.6,23.4,479.38871329999995,0.0
2019-02-22 17:00:00+00:00,1261.8,826.5,33.2,435.24642065,0.0
2019-02-22 18:00:00+00:00,1219.0,788.0,46.1,431.04129158,0.0
2019-02-22 19:00:00+00:00,1163.8,755.2,66.6,408.61443489999994,0.0
2019-02-22 20:00:00+00:00,1088.3,765.6,86.2,322.48669419999993,0.0
2019-02-22 21:00:00+00:00,1021.4,775.2,113.8,246.15635880000002,0.0
2019-02-22 22:00:00+00:00,958.7,804.5,131.8,154.12912670000009,0.0
2019-02-22 23:00:00+00:00,912.5,825.3,155.3,87.44904025,0.0
2019-02-23 00:00:00+00:00,886.6,859.8,166.5,27.111936379999975,0.0
2019-02-23 01:00:00+00:00,860.4,872.9,172.6,0.0,12.519824599999936
2019-02-23 02:00:00+00:00,859.2,847.9,163.0,11.230259699999976,0.0
2019-02-23 03:00:00+00:00,880.9,870.6,171.4,10.19085530000001,0.0
2019-02-23 04:00:00+00:00,928.1,888.1,172.9,40.02385755,0.0
2019-02-23 05:00:00+00:00,959.9,896.9,176.9,62.93926521999998,0.0
2019-02-23 06:00:00+00:00,1016.4,948.8,178.2,67.57717298,0.0
2019-02-23 07:00:00+00:00,1090.6,950.0,172.4,140.54986652999997,0.0
2019-02-23 08:00:00+00:00,1104.1,953.1,161.1,151.09674832000007,0.0
2019-02-23 09:00:00+00:00,1099.2,970.5,159.6,128.81508492,0.0
2019-02-23 10:00:00+00:00,1088.2,942.2,151.6,146.03178992,0.0
2019-02-23 11:00:00+00:00,1080.3,954.1,155.7,126.32205253000001,0.0
2019-02-23 12:00:00+00:00,1064.4,950.5,149.2,113.85497314999992,0.0
2019-02-23 13:00:00+00:00,1056.2,884.7,121.3,171.46232858000002,0.0
2019-02-23 14:00:00+00:00,1063.7,918.6,125.2,145.06140198000003,0.0
2019-02-23 15:00:00+00:00,1076.8,944.5,130.9,132.32609534999995,0.0
2019-02-23 16:00:00+00:00,1122.4,953.0,133.6,169.67737416699993,0.0
2019-02-23 17:00:00+00:00,1105.5,917.1,125.9,188.42739673000005,0.0
2019-02-23 18:00:00+00:00,1066.9,902.1,120.8,164.81237903,0.0
2019-02-23 19:00:00+00:00,1022.4,870.8,101.5,151.60963512,0.0
2019-02-23 20:00:00+00:00,966.6,821.3,90.3,145.33729499999998,0.0
2019-02-23 21:00:00+00:00,899.3,827.0,85.4,72.3354157,0.0
2019-02-23 22:00:00+00:00,852.3,781.0,83.0,71.69380569999998,0.0
2019-02-23 23:00:00+00:00,816.5,713.1,62.0,103.47761080000004,0.0
2019-02-24 00:00:00+00:00,794.9,738.5,67.1,56.366810920000034,0.0
2019-02-24 01:00:00+00:00,782.3,750.3,78.9,32.04471160000003,0.0
2019-02-24 02:00:00+00:00,787.2,729.2,58.4,57.935675300000014,0.0
2019-02-24 03:00:00+00:00,802.0,712.3,46.6,89.58562879999994,0.0
2019-02-24 04:00:00+00:00,834.1,745.8,55.9,88.30944559999995,0.0
2019-02-24 05:00:00+00:00,858.9,737.0,60.3,122.08059119999996,0.0
2019-02-24 06:00:00+00:00,919.6,753.5,56.9,165.95982370000013,0.0
2019-02-24 07:00:00+00:00,986.2,748.3,63.2,237.9745489999999,0.0
2019-02-24 08:00:00+00:00,1016.3,763.8,73.4,252.49964699999998,0.0
2019-02-24 09:00:00+00:00,1025.0,775.6,69.7,249.3848994,0.0
2019-02-24 10:00:00+00:00,1017.0,803.3,80.7,213.56188510000004,0.0
2019-02-24 11:00:00+00:00,1010.8,817.9,94.9,192.79536099999996,0.0
2019-02-24 12:00:00+00:00,1001.4,817.9,111.3,183.5018602,0.0
2019-02-24 13:00:00+00:00,1011.4,858.7,162.5,152.75610860000006,0.0
2019-02-24 14:00:00+00:00,1005.4,851.2,183.0,154.2150400999999,0.0
2019-02-24 15:00:00+00:00,1025.6,828.1,159.1,197.63197559999992,0.0
2019-02-24 16:00:00+00:00,1072.9,843.0,149.0,229.90950429999998,0.0
2019-02-24 17:00:00+00:00,1057.0,859.2,162.2,197.86633459999996,0.0
2019-02-24 18:00:00+00:00,1023.6,839.3,161.2,184.50178340000002,0.0
2019-02-24 19:00:00+00:00,995.2,826.4,158.4,168.65358330000004,0.0
2019-02-24 20:00:00+00:00,944.6,854.0,173.4,90.71045609999999,0.0
2019-02-24 21:00:00+00:00,886.1,870.3,177.0,15.90897050000001,0.0
2019-02-24 22:00:00+00:00,838.1,860.9,168.4,0.0,22.78852990000007
2019-02-24 23:00:00+00:00,799.5,900.5,186.6,0.0,101.03838559999997
2019-02-25 00:00:00+00:00,783.8,890.6,179.2,0.0,106.75977322
2019-02-25 01:00:00+00:00,782.6,908.6,184.2,0.0,125.88796839999998
2019-02-25 02:00:00+00:00,786.3,928.3,208.4,0.0,141.97804159999998
2019-02-25 03:00:00+00:00,826.2,928.8,204.9,0.0,102.60678137999997
2019-02-25 04:00:00+00:00,949.5,919.7,192.6,29.962032650000083,0.0
2019-02-25 05:00:00+00:00,1063.5,918.3,159.5,145.37993219999987,0.0
2019-02-25 06:00:00+00:00,1172.5,1020.5,180.7,151.99282800000003,0.0
2019-02-25 07:00:00+00:00,1213.9,1036.3,188.7,177.58354905,0.0
2019-02-25 08:00:00+00:00,1192.7,1029.3,202.5,163.45383247999996,0.0
2019-02-25 09:00:00+00:00,1173.8,1033.0,217.6,140.81026225000005,0.0
2019-02-25 10:00:00+00:00,1145.1,975.5,216.9,169.5389967000001,0.0
2019-02-25 11:00:00+00:00,1151.8,953.3,222.1,198.2759813,0.0
2019-02-25 12:00:00+00:00,1138.8,929.1,209.6,209.61844180000003,0.0
2019-02-25 13:00:00+00:00,1142.3,964.0,190.1,178.32673218000002,0.0
2019-02-25 14:00:00+00:00,1134.6,969.2,182.7,165.242066367,0.0
2019-02-25 15:00:00+00:00,1142.1,973.7,176.4,168.34590317999994,0.0
2019-02-25 16:00:00+00:00,1200.5,1000.6,173.3,199.96109228,0.0
2019-02-25 17:00:00+00:00,1183.7,1014.0,174.4,169.65368375000003,0.0
2019-02-25 18:00:00+00:00,1143.4,919.9,189.5,223.72902179999994,0.0
2019-02-25 19:00:00+00:00,1095.0,877.6,178.7,217.508874,0.0
2019-02-25 20:00:00+00:00,1014.2,905.0,177.8,109.11311150000006,0.0
2019-02-25 21:00:00+00:00,915.2,905.7,188.5,9.471268900000041,0.0
2019-02-25 22:00:00+00:00,874.1,843.6,141.9,30.39915148,0.0
2019-02-25 23:00:00+00:00,848.8,818.0,140.6,30.855152420000024,0.0
2019-02-26 00:00:00+00:00,846.7,808.6,100.0,38.08452077000004,0.0
2019-02-26 01:00:00+00:00,825.2,839.0,124.9,0.0,13.93272337000002
2019-02-26 02:00:00+00:00,827.0,883.8,180.7,0.0,56.990670780000016
2019-02-26 03:00:00+00:00,849.6,870.6,194.8,0.0,21.02292987000004
2019-02-26 04:00:00+00:00,952.7,829.9,178.6,122.90708560000002,0.0
2019-02-26 05:00:00+00:00,1081.8,827.3,146.0,254.71051849999998,0.0
2019-02-26 06:00:00+00:00,1179.9,936.0,120.5,243.95684225000002,0.0
2019-02-26 07:00:00+00:00,1230.2,919.0,94.9,311.1470203,0.0
2019-02-26 08:00:00+00:00,1234.3,896.5,70.9,337.8205405499999,0.0
2019-02-26 09:00:00+00:00,1229.4,898.1,67.9,331.28011123,0.0
2019-02-26 10:00:00+00:00,1211.3,837.4,79.3,373.85358699999995,0.0
2019-02-26 11:00:00+00:00,1235.6,824.3,87.5,411.37858130000006,0.0
2019-02-26 12:00:00+00:00,1216.3,792.8,69.2,423.6872833999999,0.0
2019-02-26 13:00:00+00:00,1202.4,861.0,56.3,341.30047179999985,0.0
2019-02-26 14:00:00+00:00,1176.4,868.5,62.3,307.91194370000005,0.0
2019-02-26 15:00:00+00:00,1173.3,877.4,68.7,296.2929231700001,0.0
2019-02-26 16:00:00+00:00,1234.1,871.4,66.4,362.6337528,0.0
2019-02-26 17:00:00+00:00,1218.1,851.4,65.1,366.9040561,0.0
2019-02-26 18:00:00+00:00,1192.7,885.1,53.2,307.6715177,0.0
2019-02-26 19:00:00+00:00,1144.8,778.0,33.6,366.8090298999999,0.0
2019-02-26 20:00:00+00:00,1064.2,729.4,19.1,335.0261348,0.0
2019-02-26 21:00:00+00:00,979.5,710.5,9.8,269.15316879999995,0.0
2019-02-26 22:00:00+00:00,923.3,695.6,6.4,228.01957889999994,0.0
2019-02-26 23:00:00+00:00,890.2,707.3,7.9,182.93882769999993,0.0
2019-02-27 00:00:00+00:00,867.8,701.1,15.4,166.7460342999999,0.0
2019-02-27 01:00:00+00:00,853.5,713.0,27.1,140.52180840000005,0.0
2019-02-27 02:00:00+00:00,853.1,755.6,50.9,97.49760260000005,0.0
2019-02-27 03:00:00+00:00,872.9,769.6,70.3,103.46166110000001,0.0
2019-02-27 04:00:00+00:00,980.8,783.3,71.0,197.6855042499999,0.0
2019-02-27 05:00:00+00:00,1100.2,822.3,84.9,277.90860495000004,0.0
2019-02-27 06:00:00+00:00,1202.9,835.3,100.8,367.6020535800001,0.0
2019-02-27 07:00:00+00:00,1254.5,840.1,105.7,414.3760740199999,0.0
2019-02-27 08:00:00+00:00,1249.5,814.2,100.9,435.30076931999986,0.0
2019-02-27 09:00:00+00:00,1238.5,810.3,86.7,428.26453455,0.0
2019-02-27 10:00:00+00:00,1201.6,781.3,83.7,420.37060929999984,0.0
2019-02-27 11:00:00+00:00,1217.7,776.8,74.6,440.87154769999995,0.0
2019-02-27 12:00:00+00:00,1205.4,754.5,58.3,450.8700252000001,0.0
2019-02-27 13:00:00+00:00,1200.4,784.0,70.3,416.39142982,0.0
2019-02-27 14:00:00+00:00,1176.1,814.1,85.4,362.09579635,0.0
2019-02-27 15:00:00+00:00,1171.3,838.2,110.6,333.11205423,0.0
2019-02-27 16:00:00+00:00,1232.7,851.2,121.2,381.49831201999996,0.0
2019-02-27 17:00:00+00:00,1217.9,863.7,135.8,354.1770869300001,0.0
2019-02-27 18:00:00+00:00,1173.9,855.5,142.2,318.38556163,0.0
2019-02-27 19:00:00+00:00,1108.9,890.6,175.3,218.42776659999993,0.0
2019-02-27 20:00:00+00:00,1037.2,875.1,161.2,162.13990690000003,0.0
2019-02-27 21:00:00+00:00,943.2,849.6,150.2,93.69536390000002,0.0
2019-02-27 22:00:00+00:00,876.3,832.5,131.6,43.89915395000003,0.0
2019-02-27 23:00:00+00:00,855.5,798.9,122.8,56.35542959999998,0.0
2019-02-28 00:00:00+00:00,837.1,779.9,113.8,57.26410830000009,0.0
2019-02-28 01:00:00+00:00,828.9,784.6,119.7,44.35016580000001,0.0
2019-02-28 02:00:00+00:00,826.2,804.4,142.2,21.842800600000032,0.0
2019-02-28 03:00:00+00:00,841.0,813.9,148.2,26.762896700000056,0.0
2019-02-28 04:00:00+00:00,936.3,839.6,152.4,96.63515999999993,0.0
2019-02-28 05:00:00+00:00,1048.8,856.3,157.1,192.5153166,0.0
2019-02-28 06:00:00+00:00,1158.9,846.8,151.4,312.09630425,0.0
2019-02-28 07:00:00+00:00,1189.6,838.5,143.3,351.19023802999993,0.0
2019-02-28 08:00:00+00:00,1174.7,882.3,148.8,292.382925933,0.0
2019-02-28 09:00:00+00:00,1165.9,847.3,151.8,318.67651761700006,0.0
2019-02-28 10:00:00+00:00,1162.0,825.7,139.5,336.3206748,0.0
2019-02-28 11:00:00+00:00,1184.0,833.7,150.8,350.3970224000001,0.0
2019-02-28 12:00:00+00:00,1174.6,840.0,162.6,334.37291529999993,0.0
2019-02-28 13:00:00+00:00,1176.1,840.8,162.9,335.3108919000001,0.0
2019-02-28 14:00:00+00:00,1167.2,873.5,183.2,293.6859331999999,0.0
2019-02-28 15:00:00+00:00,1181.1,893.1,205.9,287.90891860000005,0.0
2019-02-28 16:00:00+00:00,1233.0,924.3,220.8,308.69470033000005,0.0
2019-02-28 17:00:00+00:00,1221.3,918.1,223.4,303.23815648000004,0.0
2019-02-28 18:00:00+00:00,1185.4,897.8,209.1,287.55569568,0.0
2019-02-28 19:00:00+00:00,1131.7,877.2,197.7,254.4694596999999,0.0
2019-02-28 20:00:00+00:00,1050.4,857.9,179.1,192.5239499,0.0
2019-02-28 21:00:00+00:00,971.1,844.4,168.1,126.7035836,0.0
2019-02-28 22:00:00+00:00,908.8681183,813.1215464,151.0165535,95.80727314999996,0.0
2019-02-28 23:00:00+00:00,884.1046651,807.6619415,136.300365,76.33733791700001,0.0
2019-03-01 00:00:00+00:00,865.0396677,816.469986,138.7113233,48.35318311999998,0.0
2019-03-01 01:00:00+00:00,859.1628723,825.4796041,136.9689502,33.66892949999999,0.0
2019-03-01 02:00:00+00:00,865.437856,829.1544748,142.561506,36.42051552999999,0.0
2019-03-01 03:00:00+00:00,896.6596374,830.3364665,139.1575614,66.37860992000003,0.0
2019-03-01 04:00:00+00:00,1007.767304,875.2286885,130.6649891,132.46611577000002,0.0
2019-03-01 05:00:00+00:00,1107.111399,914.5035452,117.0260006,193.0872417,0.0
2019-03-01 06:00:00+00:00,1219.248718,918.5952708,100.1562085,300.78979849999996,0.0
2019-03-01 07:00:00+00:00,1271.529643,912.2132671,104.0570921,359.4540128,0.0
2019-03-01 08:00:00+00:00,1274.268768,885.9267985,90.71888108,388.21881570000005,0.0
2019-03-01 09:00:00+00:00,1272.796092,873.6776478,70.43629425,399.249958,0.0
2019-03-01 10:00:00+00:00,1239.720785,866.8519847,58.286181,372.5724162000001,0.0
2019-03-01 11:00:00+00:00,1254.733185,865.3544515,44.70470792,389.4438283,0.0
2019-03-01 12:00:00+00:00,1232.319865,821.8168082,33.37340242,410.5972860999999,0.0
2019-03-01 13:00:00+00:00,1219.146179,830.8384908,38.57957467,388.4171057,0.0
2019-03-01 14:00:00+00:00,1202.374268,821.4646912,37.0820615,380.99760558,0.0
2019-03-01 15:00:00+00:00,1207.661031,810.3154297,31.14714508,397.4720071999999,0.0
2019-03-01 16:00:00+00:00,1267.917918,836.2584381,33.97653208,431.6058788,0.0
2019-03-01 17:00:00+00:00,1263.328542,840.9194488,36.24727883,422.5637733999999,0.0
2019-03-01 18:00:00+00:00,1233.561401,810.7184651,30.33638842,422.95067937,0.0
2019-03-01 19:00:00+00:00,1176.517883,718.9746348,29.22356967,457.5493962800001,0.0
2019-03-01 20:00:00+00:00,1102.154816,710.3202616,30.32561817,391.8310434,0.0
2019-03-01 21:00:00+00:00,1022.089824,709.6217144,27.767661,312.5105421,0.0
2019-03-01 22:00:00+00:00,965.2542827,731.7474366,40.12846383,233.50631599999997,0.0
2019-03-01 23:00:00+00:00,920.6163075,743.4704081,54.67085308,177.12192239999996,0.0
2019-03-02 00:00:00+00:00,899.2659048,778.4503429,76.04670708,121.05663909999998,0.0
2019-03-02 01:00:00+00:00,888.1695251,792.5811717,97.58724817,95.51341872,0.0
2019-03-02 02:00:00+00:00,879.6849264,795.4358267,103.1327784,84.16130037000005,0.0
2019-03-02 03:00:00+00:00,889.6660258,826.3508251,125.7804211,63.20777199999998,0.0
2019-03-02 04:00:00+00:00,929.1000365,830.5905254,125.8123587,98.483342,0.0
2019-03-02 05:00:00+00:00,953.1766663,822.9333802,115.4995537,130.16812119999997,0.0
2019-03-02 06:00:00+00:00,1033.533803,806.8925782,101.9064108,226.5747790000001,0.0
2019-03-02 07:00:00+00:00,1079.950938,802.5569611,104.3728056,277.69039480000004,0.0
2019-03-02 08:00:00+00:00,1081.856944,847.5863852,128.5789908,234.37957729999994,0.0
2019-03-02 09:00:00+00:00,1044.844869,834.8054251,138.8755421,210.2752253,0.0
2019-03-02 10:00:00+00:00,1016.604894,868.2649383,163.0473067,148.30968370000005,0.0
2019-03-02 11:00:00+00:00,1004.032196,874.1645151,182.939694,129.94656710000004,0.0
2019-03-02 12:00:00+00:00,985.8540191,914.9130707,200.4316588,70.72191140000001,0.0
2019-03-02 13:00:00+00:00,1004.636109,895.9546358,208.4782474,108.94034530000005,0.0
2019-03-02 14:00:00+00:00,1020.51087,942.058131,227.5048666,78.43217483000001,0.0
2019-03-02 15:00:00+00:00,1051.949219,938.1139831,226.4076877,113.87145680000003,0.0
2019-03-02 16:00:00+00:00,1109.98998,910.9673208,222.7798666,199.00419179999994,0.0
2019-03-02 17:00:00+00:00,1122.04365,918.1381532,223.1579469,203.90185370000006,0.0
2019-03-02 18:00:00+00:00,1087.028473,909.2531586,223.3241573,177.85959959999997,0.0
2019-03-02 19:00:00+00:00,1041.816808,878.3608704,200.5869421,163.4762447,0.0
2019-03-02 20:00:00+00:00,989.3435517,853.7704264,176.457526,135.50184307999996,0.0
2019-03-02 21:00:00+00:00,927.9119212,833.5983429,154.6167823,94.23730878000003,0.0
2019-03-02 22:00:00+00:00,880.1412253,832.5427653,132.0524572,47.59002762,0.0
2019-03-02 23:00:00+00:00,860.7658539,774.7519787,105.5525618,86.04252719999997,0.0
2019-03-03 00:00:00+00:00,841.5911866,736.2351075,73.4388475,105.14665629999996,0.0
2019-03-03 01:00:00+00:00,842.8642884,723.7862854,62.14277575,119.14863379999997,0.0
2019-03-03 02:00:00+00:00,839.0568795,736.92895,56.82337017,101.88954619999993,0.0
2019-03-03 03:00:00+00:00,845.4191996,734.8882039,56.66397092,110.50040383000004,0.0
2019-03-03 04:00:00+00:00,883.9671478,695.5228118,39.974913,188.37973059999996,0.0
2019-03-03 05:00:00+00:00,897.6019237,686.7521311,31.73423625,210.94115500000004,0.0
2019-03-03 06:00:00+00:00,964.6352844,669.0474802,23.48377567,295.6034427300001,0.0
2019-03-03 07:00:00+00:00,1024.052099,666.9690908,20.48723067,357.16082838000005,0.0
2019-03-03 08:00:00+00:00,1041.68398,660.2404326,15.25760867,381.3772474,0.0
2019-03-03 09:00:00+00:00,1045.619598,667.6495563,10.22050133,377.86165460000007,0.0
2019-03-03 10:00:00+00:00,1025.172969,677.0976003,10.53558067,348.06501449999996,0.0
2019-03-03 11:00:00+00:00,1018.987585,685.994929,10.444853,333.06315393,0.0
2019-03-03 12:00:00+00:00,1020.035497,687.7640381,13.84362808,332.264290233,0.0
2019-03-03 13:00:00+00:00,1020.818064,695.1793568,23.89112067,325.5529221999999,0.0
2019-03-03 14:00:00+00:00,1029.773244,700.0167288,35.10448692,329.91673662999995,0.0
2019-03-03 15:00:00+00:00,1068.335266,708.505132,46.264844,359.69708245000004,0.0
2019-03-03 16:00:00+00:00,1145.897329,705.8360238,55.32254767,440.246666,0.0
2019-03-03 17:00:00+00:00,1163.952596,711.9891256,65.85255183,451.98570119999994,0.0
2019-03-03 18:00:00+00:00,1136.037211,720.1564229,69.25512725,415.88346279999996,0.0
2019-03-03 19:00:00+00:00,1089.649943,732.2028554,64.85905133,357.3950052,0.0
2019-03-03 20:00:00+00:00,1016.39947,720.0926616,60.18019733,296.24440484999997,0.0
2019-03-03 21:00:00+00:00,946.7874553,723.7183228,58.47482367,223.17555227999998,0.0
2019-03-03 22:00:00+00:00,896.3618978,716.2844543,51.3902045,180.16971799999993,0.0
2019-03-03 23:00:00+00:00,866.9652251,742.6142426,41.48297492,124.53926909999996,0.0
2019-03-04 00:00:00+00:00,847.0161287,751.3513846,30.5396805,95.68267749999998,0.0
2019-03-04 01:00:00+00:00,845.3868458,741.0434572,21.304313,104.50668309999995,0.0
2019-03-04 02:00:00+00:00,856.0744578,729.9142812,17.6035655,126.24508050000009,0.0
2019-03-04 03:00:00+00:00,895.497645,726.6125385,15.15584833,168.91736019999996,0.0
2019-03-04 04:00:00+00:00,1014.291321,732.8890179,11.42418383,281.69882292,0.0
2019-03-04 05:00:00+00:00,1130.801361,787.3802032,9.41163425,343.43868827,0.0
2019-03-04 06:00:00+00:00,1244.226847,810.5426993,8.69226125,433.79920937,0.0
2019-03-04 07:00:00+00:00,1288.878286,813.5391491,7.277612917,475.33543173000004,0.0
2019-03-04 08:00:00+00:00,1289.64679,806.5576427,6.856708167,483.10469044999996,0.0
2019-03-04 09:00:00+00:00,1284.650248,815.9216919,8.152388,468.65708100000006,0.0
2019-03-04 10:00:00+00:00,1256.925873,817.0953521,6.960991583,439.8972873999999,0.0
2019-03-04 11:00:00+00:00,1268.916036,819.9152425,6.785949417,449.13323149999997,0.0
2019-03-04 12:00:00+00:00,1238.896118,805.2385763,7.91675275,433.62655739999997,0.0
2019-03-04 13:00:00+00:00,1229.425669,815.6822103,8.050731667,413.73918280000004,0.0
2019-03-04 14:00:00+00:00,1207.840698,816.9467925,10.9633815,390.9814861,0.0
2019-03-04 15:00:00+00:00,1200.475647,824.6989644,14.10617142,375.74267369999995,0.0
2019-03-04 16:00:00+00:00,1253.019308,828.8606364,19.10691658,424.21820371999996,0.0
2019-03-04 17:00:00+00:00,1230.34255,829.0787913,22.67056892,401.09501696999996,0.0
2019-03-04 18:00:00+00:00,1193.603089,812.7019704,23.29351458,381.00602743,0.0
2019-03-04 19:00:00+00:00,1145.735321,785.5175323,33.03674375,360.47882519999996,0.0
2019-03-04 20:00:00+00:00,1064.19957,772.4883322,44.58807425,291.6777268,0.0
2019-03-04 21:00:00+00:00,973.9937133,777.8863728,47.37946317,196.15847845000002,0.0
2019-03-04 22:00:00+00:00,911.2299956,791.8047995,62.73971983,119.58079709999998,0.0
2019-03-04 23:00:00+00:00,887.8888243,796.8946228,87.6140235,91.05810160000007,0.0
2019-03-05 00:00:00+00:00,869.7392373,774.063446,85.00316558,95.58275459999996,0.0
2019-03-05 01:00:00+00:00,854.311793,763.9524383,77.33202058,90.39794105000004,0.0
2019-03-05 02:00:00+00:00,849.0838827,760.6771037,73.33145225,88.39494105,0.0
2019-03-05 03:00:00+00:00,878.5491282,771.5814921,84.46643567,106.85540555,0.0
2019-03-05 04:00:00+00:00,1013.718216,805.9491833,83.35024842,207.89817010000004,0.0
2019-03-05 05:00:00+00:00,1140.680257,812.2936453,89.890708,328.3712564,0.0
2019-03-05 06:00:00+00:00,1236.94281,841.2237243,100.5813638,395.69348452,0.0
2019-03-05 07:00:00+00:00,1270.892253,902.9640605,117.7397778,368.12842957999993,0.0
2019-03-05 08:00:00+00:00,1268.029246,940.7021228,145.9372361,327.39103815000004,0.0
2019-03-05 09:00:00+00:00,1266.025604,962.6518655,155.8438184,303.35270368000005,0.0
2019-03-05 10:00:00+00:00,1251.288666,970.2598267,168.3849573,281.15092142000003,0.0
2019-03-05 11:00:00+00:00,1278.103943,985.030416,184.0473735,293.19277572,0.0
2019-03-05 12:00:00+00:00,1265.717051,983.2521872,186.4540323,282.66977820000005,0.0
2019-03-05 13:00:00+00:00,1267.00944,998.4535675,175.7821596,268.65699750000005,0.0
2019-03-05 14:00:00+00:00,1233.677907,962.7169343,167.8097357,270.9107732,0.0
2019-03-05 15:00:00+00:00,1221.49175,989.0958303,164.8861462,232.47960242,0.0
2019-03-05 16:00:00+00:00,1262.126526,1005.083023,155.7479478,257.1076265,0.0
2019-03-05 17:00:00+00:00,1275.073273,1093.899882,154.0539732,181.00594991999998,0.0
2019-03-05 18:00:00+00:00,1245.10909,1135.273967,155.7201978,109.89854529999997,0.0
2019-03-05 19:00:00+00:00,1197.049205,1021.596552,147.4155169,175.5162173,0.0
2019-03-05 20:00:00+00:00,1123.887929,894.3314361,124.3189677,229.66601000000003,0.0
2019-03-05 21:00:00+00:00,1035.615774,840.1796823,102.794136,195.46750409999999,0.0
2019-03-05 22:00:00+00:00,978.569753,796.9393362,84.95689017,181.65852379999995,0.0
2019-03-05 23:00:00+00:00,954.1983439,768.2118633,67.05041625,186.0539799,0.0
2019-03-06 00:00:00+00:00,947.2385763,761.5883789,55.208292,185.68296023000005,0.0
2019-03-06 01:00:00+00:00,949.330307,773.5078938,58.13342708,175.71805001699994,0.0
2019-03-06 02:00:00+00:00,960.6592306,753.521576,44.656522,207.01042778,0.0
2019-03-06 03:00:00+00:00,1001.227239,720.4002431,29.24665308,280.78297590000005,0.0
2019-03-06 04:00:00+00:00,1127.108399,720.6465199,16.4919315,406.37084483,0.0
2019-03-06 05:00:00+00:00,1248.62027,778.1670533,8.616049917,470.4805331,0.0
2019-03-06 06:00:00+00:00,1346.397705,853.1482086,9.103884333,493.30739291700013,0.0
2019-03-06 07:00:00+00:00,1358.622264,875.9512023,10.22418025,482.70818862,0.0
2019-03-06 08:00:00+00:00,1315.799825,870.7322693,16.02886817,445.0865834999999,0.0
2019-03-06 09:00:00+00:00,1288.925954,884.1671448,21.83210333,404.73686465,0.0
2019-03-06 10:00:00+00:00,1255.582408,902.2931366,26.81074333,353.27550862000004,0.0
2019-03-06 11:00:00+00:00,1258.812581,934.202306,40.23367042,324.5894526200001,0.0
2019-03-06 12:00:00+00:00,1233.809784,907.9849141,53.07947517,325.8568269999999,0.0
2019-03-06 13:00:00+00:00,1234.667521,899.5391999,67.23112675,335.18912802999995,0.0
2019-03-06 14:00:00+00:00,1235.464895,890.4678904,59.88821567,345.04759149999995,0.0
2019-03-06 15:00:00+00:00,1234.082499,916.770986,64.85262842,317.30624852000005,0.0
2019-03-06 16:00:00+00:00,1288.267415,956.2639974,76.14288008,331.98726733,0.0
2019-03-06 17:00:00+00:00,1289.744568,960.4820455,72.20811775,329.21892073299995,0.0
2019-03-06 18:00:00+00:00,1251.135813,929.1297911,72.71625558,322.0153289,0.0
2019-03-06 19:00:00+00:00,1190.022237,924.6642151,79.38646275,265.19952959999995,0.0
2019-03-06 20:00:00+00:00,1081.826314,929.0807748,81.9939935,152.65726350000006,0.0
2019-03-06 21:00:00+00:00,988.4537964,939.6407318,93.67847425,48.84018290000003,0.0
2019-03-06 22:00:00+00:00,942.4496053,801.1405283,90.52375525,141.34607680000002,0.0
2019-03-06 23:00:00+00:00,915.7859802,894.5428163,87.72472808,21.109058800000014,0.0
2019-03-07 00:00:00+00:00,898.5415395,930.700353,85.12817292,0.0,32.168981
2019-03-07 01:00:00+00:00,880.8762105,902.8994293,91.91776383,0.0,22.010312499999998
2019-03-07 02:00:00+00:00,896.7338358,943.2809245,109.6259835,0.0,46.54534110000006
2019-03-07 03:00:00+00:00,931.324885,980.8594919,131.2900217,0.0,49.437821799999995
2019-03-07 04:00:00+00:00,1045.250478,979.9460448,142.4078205,65.44562822000003,0.0
2019-03-07 05:00:00+00:00,1152.507955,1004.726608,134.864751,147.78679350000002,0.0
2019-03-07 06:00:00+00:00,1258.526377,1038.135666,130.4123588,220.54657589999997,0.0
2019-03-07 07:00:00+00:00,1301.887238,1060.311808,127.022582,241.55303672,0.0
2019-03-07 08:00:00+00:00,1297.587382,1077.906647,133.890094,219.706863967,0.0
2019-03-07 09:00:00+00:00,1284.199351,1041.88887,138.6773121,242.31277408,0.0
2019-03-07 10:00:00+00:00,1260.648977,1022.639969,140.84475,238.16259821,0.0
2019-03-07 11:00:00+00:00,1267.826508,1056.229792,149.806918,211.64664593000003,0.0
2019-03-07 12:00:00+00:00,1256.0507,1068.057292,175.9044078,188.12271402,0.0
2019-03-07 13:00:00+00:00,1257.371521,1070.630107,166.8060975,186.8009011,0.0
2019-03-07 14:00:00+00:00,1245.582855,1084.057505,165.3547202,161.56594973,0.0
2019-03-07 15:00:00+00:00,1236.855845,1059.524312,167.2058413,177.30918735,0.0
2019-03-07 16:00:00+00:00,1274.754466,1082.944082,160.0736608,191.84611422,0.0
2019-03-07 17:00:00+00:00,1266.229828,1100.77773,161.6682778,165.48182528,0.0
2019-03-07 18:00:00+00:00,1230.757172,1068.759481,158.99249,162.05978780000004,0.0
2019-03-07 19:00:00+00:00,1167.77239,1058.714345,158.6894149,109.0624363,0.0
2019-03-07 20:00:00+00:00,1079.011261,985.824936,155.2073246,93.38072491999998,0.0
2019-03-07 21:00:00+00:00,970.6290537,981.4122518,148.1689388,0.0,10.861053500000025
2019-03-07 22:00:00+00:00,903.1600393,975.414861,154.2455565,0.0,72.3067854
2019-03-07 23:00:00+00:00,871.6747386,888.3128965,167.1006769,0.0,16.59208300000003
2019-03-08 00:00:00+00:00,846.2577109,812.3626148,168.9754803,33.90974941999997,0.0
2019-03-08 01:00:00+00:00,831.5353903,824.3651479,175.217801,7.231911269999955,0.0
2019-03-08 02:00:00+00:00,817.4533184,832.0509644,181.0040375,0.0,14.626662500000009
2019-03-08 03:00:00+00:00,850.3849793,838.6986898,175.3709698,11.592147429999955,0.0
2019-03-08 04:00:00+00:00,967.8276468,987.5110524,180.0381686,0.0,19.802094119999936
2019-03-08 05:00:00+00:00,1073.80275,997.57901,163.5807466,76.27959992000001,0.0
2019-03-08 06:00:00+00:00,1160.17512,990.9954733,157.5190877,169.22088519999994,0.0
2019-03-08 07:00:00+00:00,1188.258931,971.4640705,161.0916286,216.9464349999999,0.0
2019-03-08 08:00:00+00:00,1164.127024,944.6907044,158.3624719,219.36048660000006,0.0
2019-03-08 09:00:00+00:00,1146.380198,941.0003713,159.50769,205.4587881,0.0
2019-03-08 10:00:00+00:00,1132.109467,957.4845123,178.3389428,174.56160600000004,0.0
2019-03-08 11:00:00+00:00,1165.949015,943.5969187,172.628684,222.5365648,0.0
2019-03-08 12:00:00+00:00,1155.444926,956.2927805,164.2452578,199.1985777,0.0
2019-03-08 13:00:00+00:00,1159.139791,976.2428233,152.0858163,182.84822179999998,0.0
2019-03-08 14:00:00+00:00,1137.079152,1004.570653,153.1536823,132.56078690000004,0.0
2019-03-08 15:00:00+00:00,1138.678141,968.1227264,152.7590188,170.83514739999998,0.0
2019-03-08 16:00:00+00:00,1172.587219,1018.42749,182.5177503,154.3951854,0.0
2019-03-08 17:00:00+00:00,1152.023783,1018.637919,183.9642076,133.44726347999995,0.0
2019-03-08 18:00:00+00:00,1111.251149,1020.715993,186.4922578,90.74855202999998,0.0
2019-03-08 19:00:00+00:00,1066.98646,994.0411377,171.3406714,72.94550609999999,0.0
2019-03-08 20:00:00+00:00,1004.05927,998.4160614,182.5366354,5.5474590000000035,0.0
2019-03-08 21:00:00+00:00,924.0321199,1013.887772,198.7247265,0.0,89.87816736999997
2019-03-08 22:00:00+00:00,870.5807495,928.2290751,219.1241351,0.0,57.6298855
2019-03-08 23:00:00+00:00,844.6720937,1003.808314,227.5090419,0.0,159.21005449999996
2019-03-09 00:00:00+00:00,832.0002543,1019.577464,232.5952844,0.0,187.62327710000005
2019-03-09 01:00:00+00:00,828.9666749,950.6926981,224.5886263,0.0,121.7750676
2019-03-09 02:00:00+00:00,830.4778289,999.6354318,225.162665,0.0,169.13563929999998
2019-03-09 03:00:00+00:00,846.8196564,1037.272532,216.8683659,0.0,190.39622510000004
2019-03-09 04:00:00+00:00,871.7725981,1044.699239,215.8529011,0.0,172.9461691
2019-03-09 05:00:00+00:00,887.4652559,1047.687032,211.1738308,0.0,160.1613265
2019-03-09 06:00:00+00:00,957.0899608,1039.387858,202.5853363,0.0,82.29438997000005
2019-03-09 07:00:00+00:00,1005.21406,1022.000061,197.0406533,0.0,16.511487880000004
2019-03-09 08:00:00+00:00,1016.318105,1020.881734,197.444918,0.0,4.4058919999999375
2019-03-09 09:00:00+00:00,1008.607137,1012.485377,188.7672356,0.0,3.6665107000000035
2019-03-09 10:00:00+00:00,986.7079417,993.8959097,184.5655148,0.0,7.115955850000006
2019-03-09 11:00:00+00:00,984.9805145,932.2501423,165.1496196,52.82628759999997,0.0
2019-03-09 12:00:00+00:00,990.4856568,941.9809571,156.3861419,48.486225270000034,0.0
2019-03-09 13:00:00+00:00,995.6358643,943.5810138,141.6208546,52.12345062000003,0.0
2019-03-09 14:00:00+00:00,1001.046005,902.9591827,95.73467375,98.10156510000002,0.0
2019-03-09 15:00:00+00:00,1018.660838,898.7165578,91.604393,119.96544310000002,0.0
2019-03-09 16:00:00+00:00,1062.535502,915.9565837,109.5799596,146.7707153,0.0
2019-03-09 17:00:00+00:00,1079.660401,901.0352071,102.8451538,178.55267489999994,0.0
2019-03-09 18:00:00+00:00,1050.06486,921.5086923,104.2215744,128.52283009999996,0.0
2019-03-09 19:00:00+00:00,1003.784088,924.9748332,105.455137,78.84905709999998,0.0
2019-03-09 20:00:00+00:00,950.8681639,922.5837759,104.8718504,28.325315270000033,0.0
2019-03-09 21:00:00+00:00,888.2931417,896.0531209,89.02005983,0.0,7.806663800000024
2019-03-09 22:00:00+00:00,837.2939658,802.1070404,83.47088167,35.28726640000002,0.0
2019-03-09 23:00:00+00:00,798.8845926,750.7046813,77.58315192,48.2609927,0.0
2019-03-10 00:00:00+00:00,783.147812,724.2009175,61.38525242,58.96584720000001,0.0
2019-03-10 01:00:00+00:00,771.8547364,729.6554973,68.60210608,42.13490589999998,0.0
2019-03-10 02:00:00+00:00,773.3877563,736.0798238,70.99831725,37.241471399999966,0.0
2019-03-10 03:00:00+00:00,788.2203776,762.0117493,80.68137058,26.123337399999997,0.0
2019-03-10 04:00:00+00:00,819.5236511,873.5860596,78.17964258,0.0,54.414518999999956
2019-03-10 05:00:00+00:00,834.9734347,873.7761535,63.4825325,0.0,38.85997200000003
2019-03-10 06:00:00+00:00,909.0316061,866.029485,65.83547208,43.04344919999998,0.0
2019-03-10 07:00:00+00:00,974.4377238,885.9399974,86.20053083,88.41771500000003,0.0
2019-03-10 08:00:00+00:00,1019.357035,903.7454631,93.117844,115.61930409999998,0.0
2019-03-10 09:00:00+00:00,1030.694631,924.3891601,92.22404608,106.35718410000003,0.0
2019-03-10 10:00:00+00:00,1014.651667,912.1226094,78.74902583,102.54900620000001,0.0
2019-03-10 11:00:00+00:00,1003.755046,901.5352886,69.65300725,102.2353746,0.0
2019-03-10 12:00:00+00:00,994.8294728,861.5870361,49.02725625,133.30335884999997,0.0
2019-03-10 13:00:00+00:00,995.5940654,854.2920228,45.79189833,141.34997222,0.0
2019-03-10 14:00:00+00:00,1005.734573,856.4068096,47.5748425,149.31478263,0.0
2019-03-10 15:00:00+00:00,1029.573212,866.9972433,50.23713125,162.58518243000003,0.0
2019-03-10 16:00:00+00:00,1085.014384,900.700882,79.612903,184.61313289999995,0.0
2019-03-10 17:00:00+00:00,1124.189911,862.4539134,79.6484765,261.7539407,0.0
2019-03-10 18:00:00+00:00,1102.382172,866.8607483,55.12406433,235.6439815,0.0
2019-03-10 19:00:00+00:00,1057.605235,873.8715413,49.33623158,183.69231399999998,0.0
2019-03-10 20:00:00+00:00,990.9921977,865.1055602,46.724543,126.01731513000001,0.0
2019-03-10 21:00:00+00:00,920.4951731,846.5229543,34.00786767,74.06580164999997,0.0
2019-03-10 22:00:00+00:00,880.6621909,846.771993,43.71273125,33.902542599999975,0.0
2019-03-10 23:00:00+00:00,851.4235688,849.4636383,42.950258,1.839168500000028,0.0
2019-03-11 00:00:00+00:00,836.5658975,844.9036153,35.24214092,0.0,8.442720300000019
2019-03-11 01:00:00+00:00,840.5112457,836.7019603,28.65925392,3.658715199999989,0.0
2019-03-11 02:00:00+00:00,853.6216024,847.7760875,39.84359967,5.882282099999998,0.0
2019-03-11 03:00:00+00:00,889.860031,866.1808573,57.70989617,23.833616000000035,0.0
2019-03-11 04:00:00+00:00,996.7065379,862.615575,62.54354058,134.07006618000003,0.0
2019-03-11 05:00:00+00:00,1117.701569,864.2827504,64.52433842,253.41998225000003,0.0
2019-03-11 06:00:00+00:00,1218.214803,864.2937622,77.00208367,353.70345162,0.0
2019-03-11 07:00:00+00:00,1257.826487,871.5052795,79.9947985,386.43138978,0.0
2019-03-11 08:00:00+00:00,1255.145986,897.5660858,81.99728942,357.56142642,0.0
2019-03-11 09:00:00+00:00,1245.118286,907.3976186,88.2748195,337.71650597,0.0
2019-03-11 10:00:00+00:00,1223.973755,918.6010132,92.27108133,305.44504672,0.0
2019-03-11 11:00:00+00:00,1232.947225,918.7210948,102.7391766,314.20608044999994,0.0
2019-03-11 12:00:00+00:00,1216.375,907.2609253,89.47376517,309.11317188,0.0
2019-03-11 13:00:00+00:00,1215.934835,895.1954143,80.756856,320.79884157,0.0
2019-03-11 14:00:00+00:00,1190.420522,920.8225453,102.946379,269.7734697,0.0
2019-03-11 15:00:00+00:00,1189.002533,908.5149486,108.5753818,280.63087054999994,0.0
2019-03-11 16:00:00+00:00,1227.796529,900.9710999,112.8879679,326.85180909999997,0.0
2019-03-11 17:00:00+00:00,1256.210093,904.1575928,112.9476441,352.02730706999995,0.0
2019-03-11 18:00:00+00:00,1227.426239,891.9786124,107.1495658,335.5047892,0.0
2019-03-11 19:00:00+00:00,1174.53595,915.4802603,109.3627828,259.0678809,0.0
2019-03-11 20:00:00+00:00,1093.913096,901.8883718,92.81126758,191.93473500000005,0.0
2019-03-11 21:00:00+00:00,1004.532333,895.0070394,93.741231,109.76268700000003,0.0
2019-03-11 22:00:00+00:00,943.6533763,886.1545664,75.91164683,57.64433222999992,0.0
2019-03-11 23:00:00+00:00,915.5658723,852.4145913,44.78674217,63.23246542999999,0.0
2019-03-12 00:00:00+00:00,907.8368276,852.7849477,47.04965933,54.969559119999985,0.0
2019-03-12 01:00:00+00:00,904.6556548,856.9330749,54.97236233,47.77261698000001,0.0
2019-03-12 02:00:00+00:00,909.8179779,843.967041,45.97783633,65.97696097,0.0
2019-03-12 03:00:00+00:00,952.3675285,846.6335806,50.73581367,105.605343,0.0
2019-03-12 04:00:00+00:00,1061.230128,938.6646781,58.82674942,122.36224047000002,0.0
2019-03-12 05:00:00+00:00,1182.507985,941.0674693,53.17590517,241.43544909999997,0.0
2019-03-12 06:00:00+00:00,1274.985891,941.0438589,53.72379675,333.9210549,0.0
2019-03-12 07:00:00+00:00,1289.20695,918.7672527,49.95323317,370.3649645,0.0
2019-03-12 08:00:00+00:00,1275.97408,928.0738932,53.96860525,347.758418,0.0
2019-03-12 09:00:00+00:00,1265.747569,918.3693643,54.38952575,347.41229567,0.0
2019-03-12 10:00:00+00:00,1241.708455,906.3679046,59.34834583,335.36540877000004,0.0
2019-03-12 11:00:00+00:00,1248.982076,912.2641399,69.97838617,336.739134,0.0
2019-03-12 12:00:00+00:00,1251.49407,913.994049,67.84664233,337.50158208,0.0
2019-03-12 13:00:00+00:00,1253.246908,909.6436921,61.3146135,343.75587403,0.0
2019-03-12 14:00:00+00:00,1238.025045,914.6942291,65.0720845,323.36374528,0.0
2019-03-12 15:00:00+00:00,1220.761861,917.5374094,74.595765,303.27520202999995,0.0
2019-03-12 16:00:00+00:00,1257.387258,920.4287821,59.70050783,336.79886,0.0
2019-03-12 17:00:00+00:00,1269.940308,927.041448,51.24202342,343.05334467,0.0
2019-03-12 18:00:00+00:00,1226.912883,866.899648,32.663601,360.21172540000003,0.0
2019-03-12 19:00:00+00:00,1174.447764,844.3424275,21.37207433,330.24929510000004,0.0
2019-03-12 20:00:00+00:00,1082.755208,841.9681602,17.17474933,240.7100522,0.0
2019-03-12 21:00:00+00:00,989.321757,832.2133382,12.01120117,157.13808442,0.0
2019-03-12 22:00:00+00:00,934.2755077,830.3903352,10.21092542,103.86662404999998,0.0
2019-03-12 23:00:00+00:00,904.296163,832.9165292,17.85305892,71.240128,0.0
2019-03-13 00:00:00+00:00,881.9576518,737.219457,16.70361058,144.9162958,0.0
2019-03-13 01:00:00+00:00,872.8905844,642.4065247,12.20445733,230.61970480000002,0.0
2019-03-13 02:00:00+00:00,879.9260966,647.7369995,11.68542775,232.2652531,0.0
2019-03-13 03:00:00+00:00,920.8650918,764.5100301,10.80332275,156.44793040000002,0.0
2019-03-13 04:00:00+00:00,1024.099503,839.2952828,18.0541525,185.09269365,0.0
2019-03-13 05:00:00+00:00,1144.746145,837.3476054,33.33511808,307.36295622,0.0
2019-03-13 06:00:00+00:00,1254.922109,839.4338174,44.53021642,415.5989631,0.0
2019-03-13 07:00:00+00:00,1274.991974,843.0845338,64.42270275,432.2168174,0.0
2019-03-13 08:00:00+00:00,1251.03949,871.3771362,75.07703958,379.62764805000006,0.0
2019-03-13 09:00:00+00:00,1230.73819,888.2607625,93.75813825,342.5294282,0.0
2019-03-13 10:00:00+00:00,1185.928243,885.4017792,89.87608742,300.70057622,0.0
2019-03-13 11:00:00+00:00,1202.934642,893.0652058,81.24337675,309.96342233,0.0
2019-03-13 12:00:00+00:00,1185.376709,896.2655132,82.15182425,289.2089601,0.0
2019-03-13 13:00:00+00:00,1172.53303,897.7365875,82.087913,274.77366440000003,0.0
2019-03-13 14:00:00+00:00,1164.246267,902.0068918,91.75006558,262.25332149999997,0.0
2019-03-13 15:00:00+00:00,1161.638418,917.8265891,106.6102751,243.94628304999995,0.0
2019-03-13 16:00:00+00:00,1198.06133,935.2443644,119.1845121,262.76595278,0.0
2019-03-13 17:00:00+00:00,1213.602855,945.6516011,141.9067943,267.931094,0.0
2019-03-13 18:00:00+00:00,1188.706584,927.3814088,137.8762365,261.5122271999999,0.0
2019-03-13 19:00:00+00:00,1127.120748,933.8074035,142.3404508,193.35679120000003,0.0
2019-03-13 20:00:00+00:00,1036.702296,910.4476674,129.1796105,126.24742499999996,0.0
2019-03-13 21:00:00+00:00,955.7252605,892.3309887,113.2780681,63.40552349999999,0.0
2019-03-13 22:00:00+00:00,904.4971669,876.8596041,101.2160274,27.737881833000017,0.0
2019-03-13 23:00:00+00:00,880.1889395,838.4093019,94.31345042,41.7511945,0.0
2019-03-14 00:00:00+00:00,858.9044648,759.0049489,91.41505008,99.91865030000002,0.0
2019-03-14 01:00:00+00:00,853.6253052,738.1250764,91.1304045,115.53329693000003,0.0
2019-03-14 02:00:00+00:00,860.5607095,765.4374086,99.59365817,95.31246130000005,0.0
2019-03-14 03:00:00+00:00,892.8559417,898.3875071,115.6921886,0.0,5.448633699999988
2019-03-14 04:00:00+00:00,999.9508263,940.7001752,116.9188398,59.34312553000001,0.0
2019-03-14 05:00:00+00:00,1118.096731,926.2139434,105.5794265,191.94113549999997,0.0
2019-03-14 06:00:00+00:00,1229.70106,945.1257528,113.3000353,284.63415499999996,0.0
2019-03-14 07:00:00+00:00,1254.658213,945.5656738,112.8852767,309.1826066,0.0
2019-03-14 08:00:00+00:00,1257.379547,941.0192312,110.2616778,316.37861735,0.0
2019-03-14 09:00:00+00:00,1225.757161,916.2655436,103.6738888,309.61688026999997,0.0
2019-03-14 10:00:00+00:00,1195.339966,926.2976075,105.1265547,269.3285759500001,0.0
2019-03-14 11:00:00+00:00,1214.441956,926.2907562,110.016086,288.20939025,0.0
2019-03-14 12:00:00+00:00,1196.462535,927.8893992,115.043391,268.74728753,0.0
2019-03-14 13:00:00+00:00,1188.186269,924.1020814,102.4072533,264.09195235000004,0.0
2019-03-14 14:00:00+00:00,1163.293925,921.3275655,91.48180342,242.03096507,0.0
2019-03-14 15:00:00+00:00,1158.664378,942.4781189,101.80067,216.19648860000007,0.0
2019-03-14 16:00:00+00:00,1178.504232,942.9704691,104.2163642,235.68073355,0.0
2019-03-14 17:00:00+00:00,1216.358541,932.6913555,106.1905221,283.70403493000003,0.0
2019-03-14 18:00:00+00:00,1171.860952,931.4374695,114.9257467,240.46046979999994,0.0
2019-03-14 19:00:00+00:00,1114.022329,924.3231557,116.4368128,189.56006530000002,0.0
2019-03-14 20:00:00+00:00,1030.42305,907.0097556,108.2068698,123.45006541999999,0.0
2019-03-14 21:00:00+00:00,938.7965293,903.7873536,101.9950778,34.90170813299994,0.0
2019-03-14 22:00:00+00:00,881.4224853,891.4279429,92.984048,0.0,9.988363020000008
2019-03-14 23:00:00+00:00,851.7497966,906.3229879,102.5284719,0.0,54.631799279999996
2019-03-15 00:00:00+00:00,834.1457213,902.7174532,100.6553322,0.0,68.61565649999997
2019-03-15 01:00:00+00:00,823.4512381,898.6576385,101.7351143,0.0,75.26519155
2019-03-15 02:00:00+00:00,831.0668742,885.6728363,90.71810275,0.0,54.57946923000003
2019-03-15 03:00:00+00:00,868.8376259,894.997111,102.1311837,0.0,26.09444557000006
2019-03-15 04:00:00+00:00,969.9600524,875.2500052,84.07823767,94.94876661999999,0.0
2019-03-15 05:00:00+00:00,1090.322617,876.5641023,81.56624333,214.01177810000002,0.0
2019-03-15 06:00:00+00:00,1201.048574,883.3833109,78.62868958,317.63807541999995,0.0
2019-03-15 07:00:00+00:00,1238.513804,891.9195506,75.26161917,346.79268829999995,0.0
2019-03-15 08:00:00+00:00,1227.472575,894.1121978,73.92133433,333.56423988,0.0
2019-03-15 09:00:00+00:00,1219.877726,893.4066113,69.26024742,326.35995513,0.0
2019-03-15 10:00:00+00:00,1192.942942,900.4053192,83.52034192,292.60784280000007,0.0
2019-03-15 11:00:00+00:00,1221.780202,933.3499093,102.4144919,288.3687702,0.0
2019-03-15 12:00:00+00:00,1183.374237,908.3780061,99.21559633,274.95682051999995,0.0
2019-03-15 13:00:00+00:00,1167.435181,927.3042958,119.9265768,240.07503373,0.0
2019-03-15 14:00:00+00:00,1141.682994,924.1970317,113.4154868,217.4696976,0.0
2019-03-15 15:00:00+00:00,1147.507772,909.1890412,110.1222038,238.2974307,0.0
2019-03-15 16:00:00+00:00,1174.575633,930.9785868,108.0025772,243.65755279999996,0.0
2019-03-15 17:00:00+00:00,1187.817708,927.2759348,97.82206892,260.78263457,0.0
2019-03-15 18:00:00+00:00,1135.951386,917.1372935,105.6699558,218.97489394999997,0.0
2019-03-15 19:00:00+00:00,1077.895823,920.1938478,115.5861806,157.655938667,0.0
2019-03-15 20:00:00+00:00,998.9903055,912.7944844,111.8271882,86.09448016699997,0.0
2019-03-15 21:00:00+00:00,919.3027853,911.3471475,104.8991233,7.905258900000092,0.0
2019-03-15 22:00:00+00:00,865.4267018,913.7101137,103.6033935,0.0,48.42946410000005
2019-03-15 23:00:00+00:00,829.6044668,907.1698609,99.11767758,0.0,77.50876890000004
2019-03-16 00:00:00+00:00,807.2128603,894.729421,87.76837675,0.0,87.56655640000005
2019-03-16 01:00:00+00:00,802.8135173,881.4828438,82.35036425,0.0,78.66610170000001
2019-03-16 02:00:00+00:00,805.4954937,873.3081208,71.12053733,0.0,67.72917640000009
2019-03-16 03:00:00+00:00,815.3660278,868.7282258,66.20426983,0.0,53.3711912
2019-03-16 04:00:00+00:00,841.4325256,861.2333425,59.48992275,0.0,19.690881400000023
2019-03-16 05:00:00+00:00,877.3477478,858.9483643,53.73143317,18.47916479999995,0.0
2019-03-16 06:00:00+00:00,962.5931448,852.7885996,48.39424317,109.76319260000002,0.0
2019-03-16 07:00:00+00:00,1028.767568,845.0013224,40.86663783,183.75703072000005,0.0
2019-03-16 08:00:00+00:00,1058.586141,841.2929332,40.6248665,217.38901692000002,0.0
2019-03-16 09:00:00+00:00,1064.096588,841.4195405,39.71942133,222.75975415000005,0.0
2019-03-16 10:00:00+00:00,1055.149882,838.9085388,37.5607895,216.48501093,0.0
2019-03-16 11:00:00+00:00,1053.795919,852.0127054,38.22011092,201.8308152699999,0.0
2019-03-16 12:00:00+00:00,1041.551544,841.5721029,33.17303942,200.12810922,0.0
2019-03-16 13:00:00+00:00,1030.362152,852.121114,29.11823792,178.254339017,0.0
2019-03-16 14:00:00+00:00,1027.491735,850.3644562,31.74571058,177.24001253,0.0
2019-03-16 15:00:00+00:00,1033.568955,843.3483784,31.6985625,190.1174396,0.0
2019-03-16 16:00:00+00:00,1066.462667,852.6052297,37.0823845,213.89853999999997,0.0
2019-03-16 17:00:00+00:00,1096.395355,855.1373088,40.43249408,241.33196299999997,0.0
2019-03-16 18:00:00+00:00,1061.278168,847.7221221,38.74921417,213.5710302,0.0
2019-03-16 19:00:00+00:00,1014.0752,844.6811422,40.76052217,169.4766805000001,0.0
2019-03-16 20:00:00+00:00,952.3080291,844.7418314,39.39113992,107.70826040000003,0.0
2019-03-16 21:00:00+00:00,885.2235108,835.7432862000001,36.90745292,49.32497552000001,0.0
2019-03-16 22:00:00+00:00,840.6624603,834.1628266,35.37958533,6.414984669999967,0.0
2019-03-16 23:00:00+00:00,817.2188773,830.0786795,35.04727767,0.0,12.838858999999985
2019-03-17 00:00:00+00:00,799.4522553,811.9523926,33.08567883,0.0,12.415815699999968
2019-03-17 01:00:00+00:00,787.6192321,811.0851593,32.60751642,0.0,23.424571399999934
2019-03-17 02:00:00+00:00,786.0792033,806.3685302,30.90910742,0.0,20.16690550000004
2019-03-17 03:00:00+00:00,796.4613648,802.3311361,26.50875958,0.0,5.812753600000008
2019-03-17 04:00:00+00:00,808.859324,812.8879953,28.1094875,0.0,4.373566920000101
2019-03-17 05:00:00+00:00,836.0603485,724.3380127,39.62368242,111.61168380000004,0.0
2019-03-17 06:00:00+00:00,907.4789784,806.9396415,60.44080342,100.36135042000001,0.0
2019-03-17 07:00:00+00:00,966.0527393,850.5799968,86.03279333,115.43260025000001,0.0
2019-03-17 08:00:00+00:00,990.3045808,856.2567953,108.6227716,134.1244188,0.0
2019-03-17 09:00:00+00:00,996.1050771,864.6285401,129.8449888,131.52294823,0.0
2019-03-17 10:00:00+00:00,991.1788533,882.2791342,141.2064023,108.948397467,0.0
2019-03-17 11:00:00+00:00,983.8391673,870.2182109,140.6296018,113.80500428000005,0.0
2019-03-17 12:00:00+00:00,985.2744394,877.2301026,151.5217313,107.95222275000003,0.0
2019-03-17 13:00:00+00:00,989.8020223,905.8819072,171.091604,84.03979206999998,0.0
2019-03-17 14:00:00+00:00,996.4586132,928.7693124,189.8791704,67.95387317000001,0.0
2019-03-17 15:00:00+00:00,1016.451238,999.0133566,200.5679705,17.336474599999974,0.0
2019-03-17 16:00:00+00:00,1064.210429,1023.692759,212.4297144,40.523550779999994,0.0
2019-03-17 17:00:00+00:00,1102.05662,1027.635366,223.1923133,74.59346448000002,0.0
2019-03-17 18:00:00+00:00,1074.092855,1022.099009,221.0673334,51.942282499999976,0.0
2019-03-17 19:00:00+00:00,1028.548264,987.2314453,201.0428437,41.36221346999997,0.0
2019-03-17 20:00:00+00:00,943.9685974,966.1573486,183.0278009,0.0,22.20721649999996
2019-03-17 21:00:00+00:00,872.9980723,949.1333617,165.8307709,0.0,76.07882180000001
2019-03-17 22:00:00+00:00,815.039617,828.1418354,166.305456,0.0,12.96913470000004
2019-03-17 23:00:00+00:00,790.6250508,813.3786622,166.5117508,0.0,22.716259699999995
2019-03-18 00:00:00+00:00,777.4642437,819.0045878,172.3414753,0.0,41.631167000000005
2019-03-18 01:00:00+00:00,773.6198832,816.2246704,168.4905823,0.0,42.656550899999985
2019-03-18 02:00:00+00:00,781.4705252,809.0099132,160.362466,0.0,27.36995360000003
2019-03-18 03:00:00+00:00,820.0881144,932.6249391,147.4346695,0.0,112.66809849999999
2019-03-18 04:00:00+00:00,923.7960663,929.7006175,134.8955748,0.0,5.692565669999993
2019-03-18 05:00:00+00:00,1048.476288,935.317332,131.0782388,113.21834009999995,0.0
2019-03-18 06:00:00+00:00,1177.628662,976.3849081,142.3697662,201.17871957999998,0.0
2019-03-18 07:00:00+00:00,1211.770661,983.7043864,134.9822008,228.07670308,0.0
2019-03-18 08:00:00+00:00,1196.82487,1022.102636,146.8269778,174.84877872,0.0
2019-03-18 09:00:00+00:00,1183.240896,1024.559092,150.3515531,158.78635793,0.0
2019-03-18 10:00:00+00:00,1157.962209,1018.99024,142.3528448,139.01376347,0.0
2019-03-18 11:00:00+00:00,1172.746836,1026.174413,148.0229738,146.7470864,0.0
2019-03-18 12:00:00+00:00,1156.716268,1033.406067,145.1522537,123.37712635000003,0.0
2019-03-18 13:00:00+00:00,1152.513418,1051.602203,141.6001528,100.96805964999999,0.0
2019-03-18 14:00:00+00:00,1132.718028,1054.54656,141.1999458,78.14284286999998,0.0
2019-03-18 15:00:00+00:00,1114.888295,1051.864726,129.4762451,63.189315467,0.0
2019-03-18 16:00:00+00:00,1135.776266,1069.331045,140.8786348,66.46147335999999,0.0
2019-03-18 17:00:00+00:00,1167.702454,1079.737294,164.5370253,88.140192683,0.0
2019-03-18 18:00:00+00:00,1144.63504,998.8827158,161.9361028,145.96227265,0.0
2019-03-18 19:00:00+00:00,1091.14503,977.2173513,168.5661585,113.85718179999998,0.0
2019-03-18 20:00:00+00:00,1012.221888,989.6618398,155.7758166,22.66328262999997,0.0
2019-03-18 21:00:00+00:00,916.279302,970.4832866,146.3276508,0.0,54.04394185000007
2019-03-18 22:00:00+00:00,855.1167094,978.4022421,141.7736116,0.0,123.37389570000005
2019-03-18 23:00:00+00:00,830.057968,958.984141,124.6459997,0.0,128.91593269999998
2019-03-19 00:00:00+00:00,815.0328319,950.3716989,108.8842188,0.0,135.39025210000003
2019-03-19 01:00:00+00:00,813.3264363,939.047104,98.10471492,0.0,125.60449510000001
2019-03-19 02:00:00+00:00,823.5182293,931.9155884,95.40030667,0.0,108.47207640000005
2019-03-19 03:00:00+00:00,856.9905957,919.5768789,80.88432925,0.0,62.5689117
2019-03-19 04:00:00+00:00,954.064682,901.1949563,72.93994192,52.908111280000014,0.0
2019-03-19 05:00:00+00:00,1078.866658,974.079366,64.86537683,104.92024113000002,0.0
2019-03-19 06:00:00+00:00,1189.478546,984.5234323,59.06365858,205.11199570000005,0.0
2019-03-19 07:00:00+00:00,1226.985504,955.7833556,60.39609525,271.4695114,0.0
2019-03-19 08:00:00+00:00,1228.206492,945.1519368,58.54971433,283.20251813,0.0
2019-03-19 09:00:00+00:00,1219.068715,928.6816356,50.45970917,290.43829370000003,0.0
2019-03-19 10:00:00+00:00,1190.036906,903.5135651,50.84676958,286.53934967000004,0.0
2019-03-19 11:00:00+00:00,1212.214742,909.432139,47.7267765,302.96602547,0.0
2019-03-19 12:00:00+00:00,1196.579997,883.0758057,54.24280433,313.57604230000004,0.0
2019-03-19 13:00:00+00:00,1185.382141,889.6867626,71.68897942,295.87066708,0.0
2019-03-19 14:00:00+00:00,1169.995819,909.5168558,81.89522142,260.52277108000004,0.0
2019-03-19 15:00:00+00:00,1155.103709,901.3184001,78.31267267,253.62440029999996,0.0
2019-03-19 16:00:00+00:00,1172.4416,943.5818634,73.98819592,228.72485769999997,0.0
2019-03-19 17:00:00+00:00,1207.071889,967.4707845,71.741726,239.7496607,0.0
2019-03-19 18:00:00+00:00,1172.429972,957.6424814,67.74638292,214.7799314,0.0
2019-03-19 19:00:00+00:00,1117.747538,941.8648885,63.02846725,176.15562839999996,0.0
2019-03-19 20:00:00+00:00,1039.039627,933.7634329,52.83937475,105.31883130000006,0.0
2019-03-19 21:00:00+00:00,942.9383392,891.0138245,49.96996133,51.96915150000001,0.0
2019-03-19 22:00:00+00:00,887.1031494,889.0928193,48.41953208,0.0,1.9303076500000316
2019-03-19 23:00:00+00:00,862.3465628,877.6960502,37.79090417,0.0,15.450798500000019
2019-03-20 00:00:00+00:00,846.0490519,884.3213043,46.77469067,0.0,38.28144673000003
2019-03-20 01:00:00+00:00,841.2516376,896.831543,62.04437517,0.0,55.536931719999984
2019-03-20 02:00:00+00:00,848.8827514,882.9141033,66.425884,0.0,34.01293045
2019-03-20 03:00:00+00:00,886.8361715,897.9538829,68.491108,0.0,11.08707075000001
2019-03-20 04:00:00+00:00,990.2268523,897.5275319,57.89595708,92.99694797000001,0.0
2019-03-20 05:00:00+00:00,1119.34434,881.6799978,48.95617883,237.52068921999995,0.0
2019-03-20 06:00:00+00:00,1216.711843,907.6126201,53.95869633,309.20986280000005,0.0
2019-03-20 07:00:00+00:00,1226.891367,946.0841114,68.11788083,280.76479199999994,0.0
2019-03-20 08:00:00+00:00,1193.142975,943.3249462,85.34854292,249.71014139999994,0.0
2019-03-20 09:00:00+00:00,1159.53128,976.7554271,123.9700119,182.69433829999997,0.0
2019-03-20 10:00:00+00:00,1128.743571,970.9763083,148.5255882,157.72708139999997,0.0
2019-03-20 11:00:00+00:00,1153.389903,957.9224344,174.0671105,195.67938677,0.0
2019-03-20 12:00:00+00:00,1153.865682,971.5375823,180.5125233,182.34815472,0.0
2019-03-20 13:00:00+00:00,1162.430796,948.5315756,187.3382296,213.86692196999996,0.0
2019-03-20 14:00:00+00:00,1147.911265,963.8150838,184.0644832,184.14861747999998,0.0
2019-03-20 15:00:00+00:00,1150.70457,926.6738281,146.6070876,223.9822964,0.0
2019-03-20 16:00:00+00:00,1171.728119,979.2951151,143.2160403,192.68812187999995,0.0
2019-03-20 17:00:00+00:00,1206.15919,993.1696828,135.9764013,212.92725905,0.0
2019-03-20 18:00:00+00:00,1169.158376,947.8739012999999,107.4170959,221.37483007999995,0.0
2019-03-20 19:00:00+00:00,1112.465261,911.5664368,104.1930811,201.1907322,0.0
2019-03-20 20:00:00+00:00,1025.774796,855.713857,93.84856158,170.01575866999997,0.0
2019-03-20 21:00:00+00:00,929.0453848,870.8870851,104.5027137,58.242869799999994,0.0
2019-03-20 22:00:00+00:00,867.2823895,863.5264384,99.10922017,4.12537979999999,0.0
2019-03-20 23:00:00+00:00,836.6278839,860.8821716,96.67947758,0.0,24.24653319999996
2019-03-21 00:00:00+00:00,817.6960805,865.9125569,102.8265108,0.0,48.26353309999999
2019-03-21 01:00:00+00:00,818.4633533,753.0111339,88.44182833,65.61844909999999,0.0
2019-03-21 02:00:00+00:00,826.5402832,693.6522063,86.7551745,132.85829620000004,0.0
2019-03-21 03:00:00+00:00,860.2804872,773.4073078,77.99513575,87.15428170000001,0.0
2019-03-21 04:00:00+00:00,953.3192037,813.6069133,55.38000525,139.78282028,0.0
2019-03-21 05:00:00+00:00,1080.142242,807.1583659,41.58399092,272.8386618999999,0.0
2019-03-21 06:00:00+00:00,1180.249583,818.6779787,41.47889408,361.6080754,0.0
2019-03-21 07:00:00+00:00,1201.913839,824.4281821,41.80410842,377.641888833,0.0
2019-03-21 08:00:00+00:00,1193.186513,825.2882792,47.19347192,367.8818006699999,0.0
2019-03-21 09:00:00+00:00,1173.298584,831.7393798,61.82553892,341.77005479999997,0.0
2019-03-21 10:00:00+00:00,1142.307241,867.1414033,102.8736393,275.24771969999995,0.0
2019-03-21 11:00:00+00:00,1159.989797,872.3039348,105.0977525,287.70420167000003,0.0
2019-03-21 12:00:00+00:00,1162.393728,856.7836762,100.0092133,305.75370388,0.0
2019-03-21 13:00:00+00:00,1164.163208,847.6422273,95.7359885,316.5854999,0.0
2019-03-21 14:00:00+00:00,1155.034719,848.4020844,89.81160258,306.726506467,0.0
2019-03-21 15:00:00+00:00,1145.292704,851.7326202,91.07376075,293.42536568,0.0
2019-03-21 16:00:00+00:00,1161.671021,859.2272033,91.25879392,302.4565258,0.0
2019-03-21 17:00:00+00:00,1189.780131,874.0280863,99.44025717,315.77220177000004,0.0
2019-03-21 18:00:00+00:00,1153.401072,859.8453878,90.34482625,293.5632621,0.0
2019-03-21 19:00:00+00:00,1092.391205,869.9100343,106.4057106,222.58425820000008,0.0
2019-03-21 20:00:00+00:00,1012.898763,848.0742036,84.80324008,164.86855558000005,0.0
2019-03-21 21:00:00+00:00,904.971751,892.744934,125.1744821,12.0834519,0.0
2019-03-21 22:00:00+00:00,840.7890117,931.6449128,155.7037215,0.0,90.87006869999996
2019-03-21 23:00:00+00:00,814.1892345,967.1702778,187.9937462,0.0,152.72407109999997
2019-03-22 00:00:00+00:00,805.3167216,977.9661,205.1412803,0.0,172.5774175
2019-03-22 01:00:00+00:00,802.7724508,987.2349497,211.1285119,0.0,184.4291312
2019-03-22 02:00:00+00:00,814.9097901,978.8256737,207.3005281,0.0,163.90060440000002
2019-03-22 03:00:00+00:00,845.2438405,980.4411163,209.8619485,0.0,135.1470122
2019-03-22 04:00:00+00:00,930.2723288,987.622411,217.4113268,0.0,57.202053329999984
2019-03-22 05:00:00+00:00,1060.31161,988.0442963,212.0245838,72.5591144,0.0
2019-03-22 06:00:00+00:00,1155.713104,976.0897675,192.4914628,179.5563231,0.0
2019-03-22 07:00:00+00:00,1168.86084,961.5180513,173.8290743,207.3422468,0.0
2019-03-22 08:00:00+00:00,1158.10967,914.4976655,173.58719,243.59612439999995,0.0
2019-03-22 09:00:00+00:00,1139.358419,928.1165568,185.140394,211.40888925000002,0.0
2019-03-22 10:00:00+00:00,1114.756327,925.030533,203.6750403,189.51254490000002,0.0
2019-03-22 11:00:00+00:00,1127.915121,892.3481445,198.8622713,235.72737688000007,0.0
2019-03-22 12:00:00+00:00,1085.89093,933.2091623,200.8213367,152.76521954999998,0.0
2019-03-22 13:00:00+00:00,1078.750539,963.2864838,197.5527674,115.44903399999998,0.0
2019-03-22 14:00:00+00:00,1064.385122,955.6602426,182.9542208,108.81067111699997,0.0
2019-03-22 15:00:00+00:00,1060.852061,917.1375783,150.0029784,143.91869098,0.0
2019-03-22 16:00:00+00:00,1076.859935,898.3155671,124.1850903,178.85541199999994,0.0
2019-03-22 17:00:00+00:00,1138.33194,875.0825908,104.8703929,263.42546960000004,0.0
2019-03-22 18:00:00+00:00,1110.413829,853.948878,84.70508917,256.77758069999993,0.0
2019-03-22 19:00:00+00:00,1042.098836,806.133901,52.883905,236.03603169999997,0.0
2019-03-22 20:00:00+00:00,969.7458498,799.4614258,33.89583775,170.03498259999998,0.0
2019-03-22 21:00:00+00:00,895.3571726,796.3294576,30.694212,99.08934310000001,0.0
2019-03-22 22:00:00+00:00,836.1556499,665.4131828,36.22367617,170.86763889999997,0.0
2019-03-22 23:00:00+00:00,804.4589742,657.6932118,48.50976817,146.6460963,0.0
2019-03-23 00:00:00+00:00,788.9269511,670.3271943,58.11266133,118.69158697000006,0.0
2019-03-23 01:00:00+00:00,776.3393862,677.7032013,65.58239183,98.71588300000002,0.0
2019-03-23 02:00:00+00:00,766.4730428,720.7631885,108.4281866,45.78208200000006,0.0
2019-03-23 03:00:00+00:00,767.2512463,780.6743418,158.7730045,0.0,13.450367599999936
2019-03-23 04:00:00+00:00,770.6325227,809.5810599,181.0747363,0.0,39.26858709999999
2019-03-23 05:00:00+00:00,817.4901326,827.2275035,192.4972199,0.0,9.70962658000002
2019-03-23 06:00:00+00:00,896.4344737,921.1633403,194.1502208,0.0,24.627535229999978
2019-03-23 07:00:00+00:00,944.037491,946.1869101,187.6137069,0.0,2.1043758200000013
2019-03-23 08:00:00+00:00,967.4573162,968.3403829,197.0992048,0.0,0.7490110669999979
2019-03-23 09:00:00+00:00,964.8549398,967.2796834,204.9537496,0.0,2.3130291999999884
2019-03-23 10:00:00+00:00,961.8786519,901.5603637,206.2504173,60.60648125,0.0
2019-03-23 11:00:00+00:00,974.2779795,867.4842122,206.9052263,106.80481560000004,0.0
2019-03-23 12:00:00+00:00,972.2537691,858.5887502,208.3365435,113.76309021999998,0.0
2019-03-23 13:00:00+00:00,976.7033794,855.4367879,205.4480568,121.37451620000002,0.0
2019-03-23 14:00:00+00:00,985.0698343,840.0611725,171.2380627,144.94165270000005,0.0
2019-03-23 15:00:00+00:00,994.4372608,866.3737081,154.1680712,128.2001486,0.0
2019-03-23 16:00:00+00:00,1007.962758,954.1725109,149.1214555,53.75373713000005,0.0
2019-03-23 17:00:00+00:00,1041.476013,949.9110871,131.4181896,91.52734468,0.0
2019-03-23 18:00:00+00:00,1017.302933,936.0588022,123.9465257,81.36246528000001,0.0
2019-03-23 19:00:00+00:00,977.6212718,921.6034393,114.1847498,56.04123709999999,0.0
2019-03-23 20:00:00+00:00,913.832962,818.5648244,114.4735633,95.2902827,0.0
2019-03-23 21:00:00+00:00,847.5119476,846.0155386,161.5679773,1.462824999999981,0.0
2019-03-23 22:00:00+00:00,795.6979319,853.2424265,175.1400703,0.0,57.47593183000001
2019-03-23 23:00:00+00:00,761.9261525,821.6720225,175.3657351,0.0,59.69838312000002
2019-03-24 00:00:00+00:00,744.6406808,823.1096954,184.4769788,0.0,78.45680908
2019-03-24 01:00:00+00:00,732.9674328,834.1331481,195.7582912,0.0,101.08549195
2019-03-24 02:00:00+00:00,733.0729218,830.870931,192.6402127,0.0,97.65267196999997
2019-03-24 03:00:00+00:00,745.4031067,821.5011698,185.3418749,0.0,76.23309959999997
2019-03-24 04:00:00+00:00,744.9888459,818.9776052,181.1496603,0.0,74.06998822999998
2019-03-24 05:00:00+00:00,792.0551504,808.5720876,167.2130343,0.0,16.40814013000002
2019-03-24 06:00:00+00:00,854.2602741,807.131129,161.5855281,46.97692058000001,0.0
2019-03-24 07:00:00+00:00,901.5906677,824.2269744,168.2836759,77.37472460000004,0.0
2019-03-24 08:00:00+00:00,907.5257618,829.3539276,175.6669948,78.08006089999998,0.0
2019-03-24 09:00:00+00:00,894.5510253,842.443039,189.233299,52.15231269999998,0.0
2019-03-24 10:00:00+00:00,879.7807921,846.8657582,196.0504532,32.92579847000002,0.0
2019-03-24 11:00:00+00:00,874.5264538,848.7030639,193.9042021,25.843324919999986,0.0
2019-03-24 12:00:00+00:00,872.9298707,855.5624491,203.783869,17.522229399999958,0.0
2019-03-24 13:00:00+00:00,869.4553071,844.4686735,196.050056,24.94747158300001,0.0
2019-03-24 14:00:00+00:00,882.1547698,819.7830505,173.4628616,62.50023875000002,0.0
2019-03-24 15:00:00+00:00,910.8792979,804.7733613,159.1491717,105.89818018000003,0.0
2019-03-24 16:00:00+00:00,943.2780202,790.7329355,142.9316553,152.74495939999997,0.0
2019-03-24 17:00:00+00:00,1026.807236,790.8178966,129.9430678,235.96800649999997,0.0
2019-03-24 18:00:00+00:00,1026.368464,787.211675,120.7345995,239.37911540000002,0.0
2019-03-24 19:00:00+00:00,982.6060841,771.5673117,115.224273,211.0531051,0.0
2019-03-24 20:00:00+00:00,907.2680308,782.9454293,137.8273601,123.90399876999999,0.0
2019-03-24 21:00:00+00:00,841.7299906,752.5066681,122.3867396,89.24093733000002,0.0
2019-03-24 22:00:00+00:00,804.0003662,736.0600993,104.5682465,68.01556864999998,0.0
2019-03-24 23:00:00+00:00,774.4593557,752.8909302,99.535488,21.41093300000003,0.0
2019-03-25 00:00:00+00:00,762.5095773,722.7759399,86.84819283,39.67805240000001,0.0
2019-03-25 01:00:00+00:00,761.1736043,706.8790029,77.76999925,54.04704375,0.0
2019-03-25 02:00:00+00:00,773.8383078,703.7092641,75.70347608,70.11947220000002,0.0
2019-03-25 03:00:00+00:00,812.7437032,693.6202037,63.82311158,118.99013830000001,0.0
2019-03-25 04:00:00+00:00,903.9238028,754.8287353,52.15614875,149.2202339,0.0
2019-03-25 05:00:00+00:00,1041.257029,821.9857025,52.41031658,219.73795621700003,0.0
2019-03-25 06:00:00+00:00,1148.470062,813.6286928,40.15622717,335.1184038,0.0
2019-03-25 07:00:00+00:00,1178.353627,812.1478221,29.3219465,366.3510862999999,0.0
2019-03-25 08:00:00+00:00,1150.062602,822.7674611,32.96387167,327.3474124,0.0
2019-03-25 09:00:00+00:00,1136.334045,810.3518982,42.04234875,325.91071754999996,0.0
2019-03-25 10:00:00+00:00,1114.602051,797.6159007,32.9122415,317.02791855000004,0.0
2019-03-25 11:00:00+00:00,1140.826386,824.5260622,45.80363325,316.49499228,0.0
2019-03-25 12:00:00+00:00,1130.748668,835.9512991,66.85699958,295.02674832,0.0
2019-03-25 13:00:00+00:00,1131.732829,841.2802277,73.55042133,290.68578338,0.0
2019-03-25 14:00:00+00:00,1114.089834,890.8418375,93.98692717,223.53038443,0.0
2019-03-25 15:00:00+00:00,1089.025421,912.4050394,126.4778207,176.51722712999995,0.0
2019-03-25 16:00:00+00:00,1103.951975,906.3187001,150.9650622,197.60907258300003,0.0
2019-03-25 17:00:00+00:00,1146.784749,902.4133656,147.2557905,244.53149925000002,0.0
2019-03-25 18:00:00+00:00,1133.060313,910.3504079,140.0164799,222.80313589999997,0.0
2019-03-25 19:00:00+00:00,1074.408468,877.283142,116.5565825,197.12222920000005,0.0
2019-03-25 20:00:00+00:00,985.9007568,917.151347,121.4699722,68.53756908300002,0.0
2019-03-25 21:00:00+00:00,904.075175,878.956726,95.31295858,25.136920720000006,0.0
2019-03-25 22:00:00+00:00,851.4101104,889.6535848,99.03233667,0.0,38.12267602999998
2019-03-25 23:00:00+00:00,829.2414703,700.7362213,69.88927067,128.41421229999997,0.0
2019-03-26 00:00:00+00:00,819.724472,671.6416932,54.25151,148.14782702,0.0
2019-03-26 01:00:00+00:00,824.2831116,664.1540426,49.29060175,160.11198255000005,0.0
2019-03-26 02:00:00+00:00,835.127594,676.279002,46.40127908,159.01141120000005,0.0
2019-03-26 03:00:00+00:00,866.3769175,688.5157369,48.04941958,177.91276760000005,0.0
2019-03-26 04:00:00+00:00,953.3504232,766.7459564,47.22401008,186.72031492000002,0.0
2019-03-26 05:00:00+00:00,1077.238358,805.2843629,42.53697683,272.16657698999995,0.0
2019-03-26 06:00:00+00:00,1162.709056,814.2356211,33.25192817,348.73807213,0.0
2019-03-26 07:00:00+00:00,1175.917796,900.0545654,40.2881345,275.7870043,0.0
2019-03-26 08:00:00+00:00,1152.337881,774.7423606,54.71938442,377.68046856999996,0.0
2019-03-26 09:00:00+00:00,1145.945841,786.1578268,63.54593558,359.84130048,0.0
2019-03-26 10:00:00+00:00,1112.652944,830.1952208,75.16779892,282.44740967,0.0
2019-03-26 11:00:00+00:00,1128.144836,841.4710338,87.09419908,286.81346402,0.0
2019-03-26 12:00:00+00:00,1103.490692,824.7538911,108.7109036,278.78718828,0.0
2019-03-26 13:00:00+00:00,1113.065257,787.1539968,103.0780102,325.87152814999996,0.0
2019-03-26 14:00:00+00:00,1099.854645,817.0650788,109.3777567,282.74317038000004,0.0
2019-03-26 15:00:00+00:00,1089.408152,802.1233013,108.7119893,287.59279739,0.0
2019-03-26 16:00:00+00:00,1107.117727,792.5022228,70.51215208,314.83683218,0.0
2019-03-26 17:00:00+00:00,1160.45872,839.5300548,59.99189,320.94288730000005,0.0
2019-03-26 18:00:00+00:00,1149.052602,847.2485809,60.64451267,301.84628730000003,0.0
2019-03-26 19:00:00+00:00,1106.630982,832.966334,51.17008975,273.7264646,0.0
2019-03-26 20:00:00+00:00,1024.108887,825.3281658,43.17824358,198.80789219999997,0.0
2019-03-26 21:00:00+00:00,923.5789846,809.4862367,48.2527905,114.08293555000003,0.0
2019-03-26 22:00:00+00:00,873.04953,819.3663431,37.86919808,53.69659253000003,0.0
2019-03-26 23:00:00+00:00,849.8524831,807.5601909,30.37891042,42.40741114999997,0.0
2019-03-27 00:00:00+00:00,841.6675721,804.0322877,28.17833183,37.71938730000002,0.0
2019-03-27 01:00:00+00:00,841.5343476,775.9571025,26.2534605,65.68897297000001,0.0
2019-03-27 02:00:00+00:00,857.9843494,760.5392406,21.73101433,97.40377391999999,0.0
2019-03-27 03:00:00+00:00,891.4073385,756.1829732,18.33271425,135.23450633,0.0
2019-03-27 04:00:00+00:00,978.847051,790.4824372,15.74401725,188.64278302,0.0
2019-03-27 05:00:00+00:00,1109.286652,796.8551077,13.52043742,312.563954,0.0
2019-03-27 06:00:00+00:00,1183.215719,825.908727,9.300962833,357.4761471,0.0
2019-03-27 07:00:00+00:00,1199.090057,938.5399068,7.725280917,260.56246410000006,0.0
2019-03-27 08:00:00+00:00,1174.844798,795.8166351,6.817212417,379.0347031,0.0
2019-03-27 09:00:00+00:00,1165.631795,779.8428751,7.20934475,385.7771283000001,0.0
2019-03-27 10:00:00+00:00,1139.437602,764.4226939,7.650941417,374.9578073,0.0
2019-03-27 11:00:00+00:00,1147.74884,789.1350658,9.08225675,358.614165137,0.0
2019-03-27 12:00:00+00:00,1133.265818,786.1243336,14.29478083,347.20976502,0.0
2019-03-27 13:00:00+00:00,1113.919037,809.1577302,19.93850617,304.85025127999995,0.0
2019-03-27 14:00:00+00:00,1118.10614,787.57282,18.72174342,330.53453117000004,0.0
2019-03-27 15:00:00+00:00,1103.312063,787.5270029,18.86619125,315.94082933000004,0.0
2019-03-27 16:00:00+00:00,1123.337626,806.4930571,21.01502292,316.55405997,0.0
2019-03-27 17:00:00+00:00,1176.023855,812.9597778,21.90870783,363.13044162,0.0
2019-03-27 18:00:00+00:00,1170.957347,810.6416322,27.06615458,360.3266695,0.0
2019-03-27 19:00:00+00:00,1127.291494,807.0919088,25.99789342,320.2508037,0.0
2019-03-27 20:00:00+00:00,1028.069646,814.7038778,31.84772783,213.371329,0.0
2019-03-27 21:00:00+00:00,932.3331958,832.964981,36.59178892,99.31297224999997,0.0
2019-03-27 22:00:00+00:00,868.7262116,821.1407521,36.47606967,47.499483199999986,0.0
2019-03-27 23:00:00+00:00,843.4287923,751.7660929,38.92537225,91.63243103000002,0.0
2019-03-28 00:00:00+00:00,818.9486492,689.319524,45.87761742,129.82866568000003,0.0
2019-03-28 01:00:00+00:00,820.8536987,763.4250336,45.85080483,57.49956142999997,0.0
2019-03-28 02:00:00+00:00,824.4055127,725.8649444,47.41495433,98.67264437999995,0.0
2019-03-28 03:00:00+00:00,837.4809113,683.4561107,51.29793392,153.995152733,0.0
2019-03-28 04:00:00+00:00,943.944519,759.1464437,41.27625667,184.77428249999997,0.0
2019-03-28 05:00:00+00:00,1085.927043,788.6196645,27.01995625,297.34248890000003,0.0
2019-03-28 06:00:00+00:00,1169.080638,812.8710581,13.15260333,356.2146913000001,0.0
2019-03-28 07:00:00+00:00,1184.477193,828.1532033,10.60455108,356.305543,0.0
2019-03-28 08:00:00+00:00,1159.68748,835.3037313,12.74214625,324.37679640000005,0.0
2019-03-28 09:00:00+00:00,1134.581136,844.2463278,19.91788958,290.3195702999999,0.0
2019-03-28 10:00:00+00:00,1106.413229,849.7979634,35.5086865,256.5985307,0.0
2019-03-28 11:00:00+00:00,1104.492503,862.0458374,67.46724108,242.44636379999992,0.0
2019-03-28 12:00:00+00:00,1092.516205,854.4729665,84.61896483,238.02839689999996,0.0
2019-03-28 13:00:00+00:00,1081.539775,867.3770142,101.5063786,214.15782849999994,0.0
2019-03-28 14:00:00+00:00,1054.037913,882.5276285,107.7432863,171.50851110000008,0.0
2019-03-28 15:00:00+00:00,1047.748077,885.9688772,120.1989226,161.48015680000003,0.0
2019-03-28 16:00:00+00:00,1055.559916,868.3961895,116.0406886,187.07599919999996,0.0
2019-03-28 17:00:00+00:00,1111.235596,906.3593038,121.5095354,204.87157590000004,0.0
2019-03-28 18:00:00+00:00,1099.87501,934.9006144,146.4483008,164.9879752,0.0
2019-03-28 19:00:00+00:00,1037.350795,805.0678609,145.5850603,232.26334430000003,0.0
2019-03-28 20:00:00+00:00,951.7568207,770.4912313,133.2871973,181.23968517999998,0.0
2019-03-28 21:00:00+00:00,870.5965983,752.4446056,112.9545313,118.42555540000001,0.0
2019-03-28 22:00:00+00:00,814.688263,760.7672373,108.2265479,53.94882308,0.0
2019-03-28 23:00:00+00:00,788.0194652,758.1025493,100.0675268,29.76560840000002,0.0
2019-03-29 00:00:00+00:00,770.8708141,722.7935943,90.8017515,48.22928410000003,0.0
2019-03-29 01:00:00+00:00,770.8715464,715.0378621,88.97084083,55.83369120000003,0.0
2019-03-29 02:00:00+00:00,779.2622222,776.5788625,109.9575602,2.7089507199999616,0.0
2019-03-29 03:00:00+00:00,807.2376861,771.9460653,120.8809698,35.32429572999996,0.0
2019-03-29 04:00:00+00:00,889.5325369,792.1835328,139.4921045,97.40442275000001,0.0
2019-03-29 05:00:00+00:00,1012.625514,771.5993652,125.1164389,241.03575640000003,0.0
2019-03-29 06:00:00+00:00,1101.851196,869.1038412,112.7780263,232.96489716999997,0.0
2019-03-29 07:00:00+00:00,1117.161326,916.1151734,149.5660349,201.17390790000002,0.0
2019-03-29 08:00:00+00:00,1094.56603,874.9302674,183.7250113,219.63636601999997,0.0
2019-03-29 09:00:00+00:00,1085.453003,873.6107381,181.3007796,212.01169172,0.0
2019-03-29 10:00:00+00:00,1043.043406,840.9334413,182.7031509,202.18766838000005,0.0
2019-03-29 11:00:00+00:00,1061.129618,862.4003448,193.8810337,198.58363811999996,0.0
2019-03-29 12:00:00+00:00,1045.973175,843.9066112,179.8218898,202.14136786999995,0.0
2019-03-29 13:00:00+00:00,1043.444295,830.8793233,164.1271106,212.50731131999999,0.0
2019-03-29 14:00:00+00:00,1027.599584,818.5579122,161.0285791,209.11337955000002,0.0
2019-03-29 15:00:00+00:00,1019.514862,813.2206317,141.2616165,206.41060607,0.0
2019-03-29 16:00:00+00:00,1020.475612,791.6997783,127.766149,228.70408537,0.0
2019-03-29 17:00:00+00:00,1063.660533,796.6777496,124.2442294,267.08613324000004,0.0
2019-03-29 18:00:00+00:00,1066.768636,780.2470449,113.2406674,286.63646776999997,0.0
2019-03-29 19:00:00+00:00,1017.012065,759.2357738,106.9712889,257.8234932,0.0
2019-03-29 20:00:00+00:00,940.4291127,734.9734294,95.41954817,205.40792189999996,0.0
2019-03-29 21:00:00+00:00,864.1267446,744.4670206,110.0902792,119.69124532000001,0.0
2019-03-29 22:00:00+00:00,806.8823343,758.8152263,124.3045925,48.008784849999984,0.0
2019-03-29 23:00:00+00:00,775.7264252,785.4614716,136.1996636,0.0,9.683249279999984
2019-03-30 00:00:00+00:00,759.4600219,767.6107331,128.4476346,0.0,8.146537150000029
2019-03-30 01:00:00+00:00,751.7149099,765.5911153,141.2387767,0.0,13.907922417000009
2019-03-30 02:00:00+00:00,751.1993815,743.5345203,127.3404636,7.593228467000017,0.0
2019-03-30 03:00:00+00:00,754.5766041,754.8017833,120.0554192,0.0,0.28333886999996594
2019-03-30 04:00:00+00:00,772.5893198,749.2907053,109.0596493,23.30438079999999,0.0
2019-03-30 05:00:00+00:00,836.9184928,776.7712199,104.5102064,60.08899612000005,0.0
2019-03-30 06:00:00+00:00,902.027008,766.25443,95.72142258,135.81395130000004,0.0
2019-03-30 07:00:00+00:00,950.0201669,720.8831583,69.611799,229.12880619999999,0.0
2019-03-30 08:00:00+00:00,955.1501008,689.0781657,54.83914242,265.9726655999999,0.0
2019-03-30 09:00:00+00:00,941.0435182,687.0358124,33.71609558,254.00770260000004,0.0
2019-03-30 10:00:00+00:00,915.9809417,679.5955709,33.91643258,236.33507679999997,0.0
2019-03-30 11:00:00+00:00,906.5892588,688.9438528,44.2623775,217.67792360000004,0.0
2019-03-30 12:00:00+00:00,891.6100923,681.2969463,58.30091233,210.28872120000003,0.0
2019-03-30 13:00:00+00:00,886.5816957,681.847341,64.951653,204.80211140000003,0.0
2019-03-30 14:00:00+00:00,892.6027273,673.055664,57.4159825,219.7032724,0.0
2019-03-30 15:00:00+00:00,917.2267966,658.1433868,43.99527775,258.99741052,0.0
2019-03-30 16:00:00+00:00,935.5483348,693.3341319,51.42399575,242.28127100000003,0.0
2019-03-30 17:00:00+00:00,984.4134623,720.3848776,64.5944275,264.1654917,0.0
2019-03-30 18:00:00+00:00,991.6434325,744.5804088,86.90932683,247.11084880000004,0.0
2019-03-30 19:00:00+00:00,935.90389,769.9148254,131.1317027,166.0440664,0.0
2019-03-30 20:00:00+00:00,872.3497772,790.7937062,160.3381563,81.52166241700002,0.0
2019-03-30 21:00:00+00:00,814.7374979,742.3447521,129.3775354,72.49882213000001,0.0
2019-03-30 22:00:00+00:00,764.9478913,746.79039,129.5500456,17.95475154999997,0.0
2019-03-30 23:00:00+00:00,734.4130503,784.9693401,153.1271696,0.0,50.45962829999999
2019-03-31 00:00:00+00:00,743.2503813,762.6956077,141.4013638,0.0,19.335515199999975
2019-03-31 01:00:00+00:00,704.2677154,781.6915792,160.7188942,0.0,77.44673176999999
2019-03-31 02:00:00+00:00,708.9692688,778.6416879,161.3327822,0.0,69.48993597000003
2019-03-31 03:00:00+00:00,730.1785381,808.4731903,183.8536652,0.0,78.23129123000001
2019-03-31 04:00:00+00:00,743.4131469,793.1277619,176.6883882,0.0,49.575902420000006
2019-03-31 05:00:00+00:00,815.1611482,760.0419617,138.5363528,54.99830294999998,0.0
2019-03-31 06:00:00+00:00,890.2412769,729.719991,98.93236417,160.73350846999998,0.0
2019-03-31 07:00:00+00:00,942.6016539,774.6171673,78.63333158,167.87906906700002,0.0
2019-03-31 08:00:00+00:00,956.7323405,819.6819611,101.9463414,136.91278447999997,0.0
2019-03-31 09:00:00+00:00,948.8811442,757.7073414,125.2866676,191.275109783,0.0
2019-03-31 10:00:00+00:00,936.3584034,756.2409059,135.7355466,180.28327773000007,0.0
2019-03-31 11:00:00+00:00,929.7111258,759.1772817,137.7782911,170.63000915,0.0
2019-03-31 12:00:00+00:00,927.7810058,773.2441458,150.6600368,154.61697157000003,0.0
2019-03-31 13:00:00+00:00,954.8782452,769.2782643,143.7990258,185.64924198,0.0
2019-03-31 14:00:00+00:00,960.2363637,781.8528749,157.4311489,178.35530802000002,0.0
2019-03-31 15:00:00+00:00,965.9964041,791.8179523,169.1972656,174.45592806999997,0.0
2019-03-31 16:00:00+00:00,976.8509216,795.2885233,167.8806148,181.49382217,0.0
2019-03-31 17:00:00+00:00,1035.92188,798.571167,159.1018487,237.63313760000005,0.0
2019-03-31 18:00:00+00:00,1038.702652,824.9013317,142.9149575,213.9844794,0.0
2019-03-31 19:00:00+00:00,967.4464723,822.1798706,147.2209083,145.12538699999996,0.0
2019-03-31 20:00:00+00:00,889.6076253,845.1862741,170.8553402,44.59837440000001,0.0
2019-03-31 21:00:00+00:00,837.5884755,794.5515034,148.0818642,43.23139020000002,0.0
2019-03-31 22:00:00+00:00,796.6882528,758.3786366,149.367398,38.29530629999999,0.0
2019-03-31 23:00:00+00:00,779.5255686,761.7324523,159.7728698,17.872210999999993,0.0
2019-04-01 00:00:00+00:00,772.0169879,761.4398092,155.832765,10.588436330000036,0.0
2019-04-01 01:00:00+00:00,783.8341828,748.4767661,146.6432342,35.37684279999996,0.0
2019-04-01 02:00:00+00:00,818.9930268,741.5127973,136.0197932,77.52218983000006,0.0
2019-04-01 03:00:00+00:00,928.7201437,854.1014151,114.1955037,74.71574909999998,0.0
2019-04-01 04:00:00+00:00,1045.699692,915.7204234,97.0494635,129.96288305000002,0.0
2019-04-01 05:00:00+00:00,1142.508138,1070.177038,82.57458183,72.33110992999997,0.0
2019-04-01 06:00:00+00:00,1168.250336,1085.955516,58.93774092,82.29073167000001,0.0
2019-04-01 07:00:00+00:00,1145.550313,953.5952556,53.06015708,191.95507686999997,0.0
2019-04-01 08:00:00+00:00,1122.182587,944.6458283,51.50267217,177.5408785,0.0
2019-04-01 09:00:00+00:00,1091.42393,944.1890054,52.84841742,147.23493068000002,0.0
2019-04-01 10:00:00+00:00,1106.988617,946.6978252,68.21012233,160.28772863000003,0.0
2019-04-01 11:00:00+00:00,1089.480927,981.2693888,84.08604017,108.21153759999996,0.0
2019-04-01 12:00:00+00:00,1079.602041,835.6989644,86.67720525,243.84265949999997,0.0
2019-04-01 13:00:00+00:00,1058.383657,834.9622549,86.92263025,223.42347600000005,0.0
2019-04-01 14:00:00+00:00,1038.707987,941.574646,81.97716692,97.1003397,0.0
2019-04-01 15:00:00+00:00,1042.91275,947.6730347,77.79956975,95.22949758299998,0.0
2019-04-01 16:00:00+00:00,1044.63148,956.8743489,71.87452967,87.76220773,0.0
2019-04-01 17:00:00+00:00,1092.736166,974.9941051,59.49723083,117.74206715000003,0.0
2019-04-01 18:00:00+00:00,1098.597951,916.8874258,57.4531655,181.71056040000008,0.0
2019-04-01 19:00:00+00:00,1023.320516,855.8216502,62.13450508,167.45384209999997,0.0
2019-04-01 20:00:00+00:00,932.1001435,813.2586161,60.27924925,118.96430149999998,0.0
2019-04-01 21:00:00+00:00,870.2101033,728.6164551,60.67542325,141.5638818,0.0
2019-04-01 22:00:00+00:00,844.6713764,690.5412749,57.07039325,154.06683380000004,0.0
2019-04-01 23:00:00+00:00,828.1087696,694.1124723,61.96944575,134.04030230000006,0.0
2019-04-02 00:00:00+00:00,818.9757488,703.9149678,64.8502,115.06997459999997,0.0
2019-04-02 01:00:00+00:00,829.2217508,709.4383393,69.37599383,119.90787840000002,0.0
2019-04-02 02:00:00+00:00,858.9859008,716.2924245,77.09901675,142.68938890000004,0.0
2019-04-02 03:00:00+00:00,959.6681823,728.4054261,79.3318965,231.4687417,0.0
2019-04-02 04:00:00+00:00,1063.080012,859.8267618,73.23950642,203.22560969999995,0.0
2019-04-02 05:00:00+00:00,1151.401764,861.1481933,55.82511942,290.2249248,0.0
2019-04-02 06:00:00+00:00,1167.461904,898.9220328,44.15449433,268.5398725,0.0
2019-04-02 07:00:00+00:00,1139.181091,899.5292766,34.95048925,239.6415552,0.0
2019-04-02 08:00:00+00:00,1118.326101,849.1883799,42.24643558,269.13773560000004,0.0
2019-04-02 09:00:00+00:00,1083.342072,816.2642923,49.10458433,267.0757204,0.0
2019-04-02 10:00:00+00:00,1097.995697,788.3206329,44.77399442,309.65894320000007,0.0
2019-04-02 11:00:00+00:00,1078.682424,766.0547943,34.69632467,312.6337444,0.0
2019-04-02 12:00:00+00:00,1071.337179,707.3428803,36.11817258,363.9942866,0.0
2019-04-02 13:00:00+00:00,1048.980652,707.8229675,34.52613575,341.1341377,0.0
2019-04-02 14:00:00+00:00,1036.476196,812.0310872,32.68451858,224.4532631,0.0
2019-04-02 15:00:00+00:00,1036.575612,808.9702655,30.03334175,227.602312,0.0
2019-04-02 16:00:00+00:00,1030.063924,841.6922963,23.84063533,188.37163643,0.0
2019-04-02 17:00:00+00:00,1088.06841,817.399531,34.4924315,270.6954637,0.0
2019-04-02 18:00:00+00:00,1095.693675,862.5019123,59.89935492,233.1116616,0.0
2019-04-02 19:00:00+00:00,1020.304021,838.3697305,84.90601475,181.98161589999995,0.0
2019-04-02 20:00:00+00:00,921.8156533,760.432022,107.6293137,161.33409252,0.0
2019-04-02 21:00:00+00:00,854.4945423,753.1839956,116.3802754,101.26923857000003,0.0
2019-04-02 22:00:00+00:00,826.373052,755.0954081,116.166951,71.48788186999997,0.0
2019-04-02 23:00:00+00:00,810.8120625,781.9788818,137.7709431,28.751217749999967,0.0
2019-04-03 00:00:00+00:00,810.0404561,792.5447743,143.4168146,17.483224899999925,0.0
2019-04-03 01:00:00+00:00,811.4168703,816.1932017,147.6904081,0.0,4.856849100000034
2019-04-03 02:00:00+00:00,842.1611584,814.7910055,145.7565978,27.28413599999999,0.0
2019-04-03 03:00:00+00:00,939.677887,856.2329457,143.3178331,83.36831800000004,0.0
2019-04-03 04:00:00+00:00,1058.028422,944.5255229,141.6827878,113.71577400000001,0.0
2019-04-03 05:00:00+00:00,1143.239156,933.5976258,123.1849683,209.72723580000002,0.0
2019-04-03 06:00:00+00:00,1158.019684,915.074997,86.33284167,243.08866799999998,0.0
2019-04-03 07:00:00+00:00,1125.848541,889.1504212,74.31892142,236.6858757,0.0
2019-04-03 08:00:00+00:00,1098.641937,893.9308116,84.76451242,204.9209962999999,0.0
2019-04-03 09:00:00+00:00,1060.563894,938.4037984,123.1943966,122.20931909999996,0.0
2019-04-03 10:00:00+00:00,1079.301168,920.4444479,132.3312874,158.86597260000002,0.0
2019-04-03 11:00:00+00:00,1053.233398,921.3787996,121.1180694,131.98207030000003,0.0
2019-04-03 12:00:00+00:00,1048.357951,919.3883413,113.1023899,129.00015150000002,0.0
2019-04-03 13:00:00+00:00,1025.574931,911.0386608,110.5047136,114.49966619999998,0.0
2019-04-03 14:00:00+00:00,1008.869105,904.8039653,101.9010242,104.02362190000008,0.0
2019-04-03 15:00:00+00:00,1004.041875,898.7554881,90.3857785,105.48460089999998,0.0
2019-04-03 16:00:00+00:00,1009.825134,887.1175995,80.201329,122.75532119999997,0.0
2019-04-03 17:00:00+00:00,1059.806875,909.1904095,93.34220042,150.74497580000008,0.0
2019-04-03 18:00:00+00:00,1066.053192,935.3162383,121.4167218,130.7054438,0.0
2019-04-03 19:00:00+00:00,977.2515208,959.188039,137.079639,18.04748219999999,0.0
2019-04-03 20:00:00+00:00,872.0882467,930.1060537,155.1116233,0.0,57.894900219999954
2019-04-03 21:00:00+00:00,812.3480835,836.1033071,170.096173,0.0,23.8496300999999
2019-04-03 22:00:00+00:00,791.5786948,840.7904205,178.3848037,0.0,49.16567759999998
2019-04-03 23:00:00+00:00,776.4745585,827.0735271,170.1631867,0.0,50.70482769999995
2019-04-04 00:00:00+00:00,769.350896,815.7233277,154.5221371,0.0,46.42586220000004
2019-04-04 01:00:00+00:00,774.967575,795.8775992,141.0563377,0.0,20.897386200000028
2019-04-04 02:00:00+00:00,810.7299042,784.464447,129.2740473,26.266443130000027,0.0
2019-04-04 03:00:00+00:00,912.2806448,863.7544048,120.2988016,48.64974152000002,0.0
2019-04-04 04:00:00+00:00,1026.693609,907.616577,120.7304436,119.449837,0.0
2019-04-04 05:00:00+00:00,1112.820841,885.4427338,91.82777617,227.7001197,0.0
2019-04-04 06:00:00+00:00,1124.958201,892.7508443,59.37065925,232.21305209999997,0.0
2019-04-04 07:00:00+00:00,1095.934255,677.6067809,52.401325,418.22558061700005,0.0
2019-04-04 08:00:00+00:00,1065.039764,670.9339701,53.39552958,394.0765157,0.0
2019-04-04 09:00:00+00:00,1032.000631,774.4412689,82.80991883,257.6106418,0.0
2019-04-04 10:00:00+00:00,1051.677978,757.6661581,101.7026059,294.18307871999997,0.0
2019-04-04 11:00:00+00:00,1039.036082,721.824707,90.53304192,317.31552673,0.0
2019-04-04 12:00:00+00:00,1025.72965,751.6823018,73.60170867,274.215224,0.0
2019-04-04 13:00:00+00:00,1007.649902,739.242696,50.87428817,268.4561242,0.0
2019-04-04 14:00:00+00:00,1002.029455,734.9690653,40.42109983,267.12071080000004,0.0
2019-04-04 15:00:00+00:00,986.8028715,716.6600393,32.28941108,269.9287508,0.0
2019-04-04 16:00:00+00:00,989.0224254,706.425054,23.43707867,282.56629030000005,0.0
2019-04-04 17:00:00+00:00,1040.049952,724.192281,26.86718883,315.8613278,0.0
2019-04-04 18:00:00+00:00,1048.572866,719.4329783,36.78870967,329.18349589999997,0.0
2019-04-04 19:00:00+00:00,971.8513234,727.9279937,43.63208692,243.88965772999995,0.0
2019-04-04 20:00:00+00:00,879.4352978,748.4276428,71.63884825,131.00893536999996,0.0
2019-04-04 21:00:00+00:00,823.4226634,693.9409738,90.691103,129.54100283000002,0.0
2019-04-04 22:00:00+00:00,795.9623006,701.5430909,103.8970081,94.43918279999997,0.0
2019-04-04 23:00:00+00:00,769.8054302,704.9904023,110.6430216,65.01077942999996,0.0
2019-04-05 00:00:00+00:00,766.9745128,688.9911143,99.21797067,78.24380604999999,0.0
2019-04-05 01:00:00+00:00,780.3410492,668.3397422,78.60721833,112.06680152999996,0.0
2019-04-05 02:00:00+00:00,820.3927614,659.3075561,64.0352085,161.11804640000003,0.0
2019-04-05 03:00:00+00:00,918.2805786,656.1452536,63.05347775,262.22131609999997,0.0
2019-04-05 04:00:00+00:00,1036.025716,652.2320149,58.006744,383.8574911,0.0
2019-04-05 05:00:00+00:00,1120.679199,666.4260609,46.94702692,454.6663744,0.0
2019-04-05 06:00:00+00:00,1131.005086,643.4283905,22.99699925,488.03253280000007,0.0
2019-04-05 07:00:00+00:00,1104.677826,670.8711293,10.434813,433.9036128,0.0
2019-04-05 08:00:00+00:00,1070.845439,691.2535249,12.4112035,379.70195290000004,0.0
2019-04-05 09:00:00+00:00,1028.479929,685.7067567,22.87365583,342.9424808,0.0
2019-04-05 10:00:00+00:00,1047.52297,673.9670106,30.44840483,373.4980904,0.0
2019-04-05 11:00:00+00:00,1027.260768,631.8807933,28.76122333,395.2597693,0.0
2019-04-05 12:00:00+00:00,1027.85672,682.2791391,21.9282495,345.6166791,0.0
2019-04-05 13:00:00+00:00,1001.243052,690.5396322,16.43015383,310.8815148,0.0
2019-04-05 14:00:00+00:00,988.1589863,685.7242533,12.04817367,302.3854697,0.0
2019-04-05 15:00:00+00:00,967.7953999,670.8906811,12.62447067,296.83720550000004,0.0
2019-04-05 16:00:00+00:00,975.8497518,700.2859394,26.96406167,275.5831352,0.0
2019-04-05 17:00:00+00:00,1009.925186,701.2280578,32.89833225,308.77101010000007,0.0
2019-04-05 18:00:00+00:00,1026.093125,700.9999134,36.27710117,325.1268342,0.0
2019-04-05 19:00:00+00:00,942.1599478,720.1934713,61.57719233,221.89701030000003,0.0
2019-04-05 20:00:00+00:00,856.2613475,763.3209634,101.8594241,92.89032879999996,0.0
2019-04-05 21:00:00+00:00,807.9498698,766.8981222,112.0303976,41.01935082,0.0
2019-04-05 22:00:00+00:00,765.2320862,776.0422109,120.0055108,0.0,10.765207719999978
2019-04-05 23:00:00+00:00,745.4553528,762.5403188,106.9893028,0.0,17.18723222
2019-04-06 00:00:00+00:00,745.9129842,805.3396148,103.3042326,0.0,59.310899250000034
2019-04-06 01:00:00+00:00,743.8644868,746.6312103,92.18419833,0.0,2.7228079699999626
2019-04-06 02:00:00+00:00,764.2129008,786.4910738,86.26950667,0.0,22.43190418000006
2019-04-06 03:00:00+00:00,778.1592255,757.0704957,81.58454692,21.19957106999999,0.0
2019-04-06 04:00:00+00:00,811.7454224,742.7380727,70.59745967,69.06182940000002,0.0
2019-04-06 05:00:00+00:00,876.1574707,734.6339723,57.34361875,141.56474340000005,0.0
2019-04-06 06:00:00+00:00,916.0234274,698.7810414,24.46162842,217.18909680000002,0.0
2019-04-06 07:00:00+00:00,910.1144003,700.6557363,13.19118733,209.5226874,0.0
2019-04-06 08:00:00+00:00,893.8816528,750.6202138,31.05712083,143.31135530000006,0.0
2019-04-06 09:00:00+00:00,874.3998872,719.7160493,40.82504483,154.81380077999995,0.0
2019-04-06 10:00:00+00:00,860.0832671,704.5353343,35.08733683,155.5548822,0.0
2019-04-06 11:00:00+00:00,842.4150646,702.3244019,40.5005475,140.28944149999995,0.0
2019-04-06 12:00:00+00:00,843.7195791,709.1132508,36.33894308,134.77592360000006,0.0
2019-04-06 13:00:00+00:00,837.1175743,693.8781686,28.119244,143.264863,0.0
2019-04-06 14:00:00+00:00,864.8185525,698.7899119,21.53925783,166.19702640000003,0.0
2019-04-06 15:00:00+00:00,869.0327555,723.1918843,23.03154592,145.87871610000002,0.0
2019-04-06 16:00:00+00:00,879.6661988,769.7245992,30.51834042,110.13978629999997,0.0
2019-04-06 17:00:00+00:00,922.1886393,771.2204589,25.75397,150.95152789999997,0.0
2019-04-06 18:00:00+00:00,941.5096943,806.2345123,30.26475958,135.26359809999997,0.0
2019-04-06 19:00:00+00:00,882.0226898,818.0807903,42.91615908,63.76996759999997,0.0
2019-04-06 20:00:00+00:00,823.8585155,795.6120403,52.54996008,28.208062499999983,0.0
2019-04-06 21:00:00+00:00,769.6060994,848.0225933,74.4331045,0.0,78.30775478300001
2019-04-06 22:00:00+00:00,733.8781839,899.8408355,98.92445233,0.0,165.88533597999998
2019-04-06 23:00:00+00:00,717.7007853,899.1222889,106.4765658,0.0,181.44327494999993
2019-04-07 00:00:00+00:00,714.9282125,857.4001057,95.18553192,0.0,142.45439704999995
2019-04-07 01:00:00+00:00,712.418279,875.1040343,97.41698517,0.0,162.63816379999997
2019-04-07 02:00:00+00:00,725.6271718,874.5186463,98.91162875,0.0,148.85403630000002
2019-04-07 03:00:00+00:00,730.9125417,857.8927815,99.89531833,0.0,127.1083327
2019-04-07 04:00:00+00:00,762.8232981,861.1330719,94.9697865,0.0,98.31689327999999
2019-04-07 05:00:00+00:00,824.0479329,811.2117309,67.6020035,13.060329699999954,0.0
2019-04-07 06:00:00+00:00,879.6647848,794.3778126,35.26831733,85.23952429999997,0.0
2019-04-07 07:00:00+00:00,895.0536958,799.7557983,34.42461917,95.41320239999993,0.0
2019-04-07 08:00:00+00:00,873.6508332,825.3630627,48.10282258,48.35622169999999,0.0
2019-04-07 09:00:00+00:00,848.2826843,837.3268993,67.30307375,10.96361760000002,0.0
2019-04-07 10:00:00+00:00,834.4336955,796.7512158,66.41424383,38.09935419999999,0.0
2019-04-07 11:00:00+00:00,822.336965,779.6299184,62.451082,42.806179600000064,0.0
2019-04-07 12:00:00+00:00,832.0562591,776.0815583,64.58429117,55.95975520000002,0.0
2019-04-07 13:00:00+00:00,842.0751748,773.2461753,60.18086792,68.96677310000001,0.0
2019-04-07 14:00:00+00:00,861.8190868,767.0151112,49.70130142,94.67143720000001,0.0
2019-04-07 15:00:00+00:00,887.1728769,784.7712098,47.76512283,102.42368540000001,0.0
2019-04-07 16:00:00+00:00,908.629654,791.8304188,58.35176275,116.8266357,0.0
2019-04-07 17:00:00+00:00,947.4248504,790.5957234,65.1665615,156.99184540000005,0.0
2019-04-07 18:00:00+00:00,962.51503,793.8333588,68.725212,168.61020900000005,0.0
2019-04-07 19:00:00+00:00,888.3408711,825.6099038,74.62407483,62.72666350000003,0.0
2019-04-07 20:00:00+00:00,818.1567129,816.3263345,65.17259992,1.7771563000000015,0.0
2019-04-07 21:00:00+00:00,769.6805064,825.2577768,65.5151535,0.0,55.48514450000005
2019-04-07 22:00:00+00:00,736.7583568,745.289678,73.24557808,0.0,8.536964900000044
2019-04-07 23:00:00+00:00,731.4931081,735.3536988,79.04788933,0.0,3.880432199999973
2019-04-08 00:00:00+00:00,726.8763479,711.2990823,68.63073875,15.643865499999947,0.0
2019-04-08 01:00:00+00:00,752.5513153,694.4803873,35.07798842,58.21293620000006,0.0
2019-04-08 02:00:00+00:00,782.5359702,674.2389119,35.65237933,108.15714889999992,0.0
2019-04-08 03:00:00+00:00,876.3695833,757.3244985,38.50673042,119.0641136999999,0.0
2019-04-08 04:00:00+00:00,1009.977402,835.6694642,40.30758442,174.3638648299999,0.0
2019-04-08 05:00:00+00:00,1129.873474,856.6373241,42.94547783,273.27313692,0.0
2019-04-08 06:00:00+00:00,1171.517649,873.118866,49.33430142,298.43312367000004,0.0
2019-04-08 07:00:00+00:00,1165.377187,896.1955872,50.76449225,269.15964750000006,0.0
2019-04-08 08:00:00+00:00,1160.177246,897.0817618,54.4370715,262.9848716499999,0.0
2019-04-08 09:00:00+00:00,1151.229401,956.3498893,46.80294025,194.88735321999997,0.0
2019-04-08 10:00:00+00:00,1174.95045,894.3388723,46.77810483,280.71755800000005,0.0
2019-04-08 11:00:00+00:00,1158.726308,846.7457784,50.49523417,312.1923988800001,0.0
2019-04-08 12:00:00+00:00,1151.539347,839.8172862,67.6125105,311.78857780000004,0.0
2019-04-08 13:00:00+00:00,1134.990529,829.5811564,62.27649575,305.4809988,0.0
2019-04-08 14:00:00+00:00,1107.907623,842.5211588,57.09452733,265.39254903,0.0
2019-04-08 15:00:00+00:00,1088.877553,854.8654328,67.09083575,234.05077578299995,0.0
2019-04-08 16:00:00+00:00,1085.641195,851.3029888,65.87234667,234.2099065,0.0
2019-04-08 17:00:00+00:00,1099.685018,837.3522033,70.46918467,262.14669233300003,0.0
2019-04-08 18:00:00+00:00,1078.690633,845.8770549,67.79159875,232.8410063,0.0
2019-04-08 19:00:00+00:00,995.4544219,836.2678579,59.55394267,159.19450369999993,0.0
2019-04-08 20:00:00+00:00,875.0226339,844.4306029,65.60715392,30.751007200000004,0.0
2019-04-08 21:00:00+00:00,834.5907083,802.3487243,55.85931325,32.28621439999995,0.0
2019-04-08 22:00:00+00:00,810.4515075,773.8854422,53.40287142,36.643756699999926,0.0
2019-04-08 23:00:00+00:00,786.6772462,775.4790448,58.88485642,11.263173600000016,0.0
2019-04-09 00:00:00+00:00,761.0090893,773.4058939,58.21071167,0.0,12.269106700000009
2019-04-09 01:00:00+00:00,776.0295614,777.4524283,55.39523617,0.0,1.4938753000000133
2019-04-09 02:00:00+00:00,805.9814301,763.0510356,60.13267117,42.83259840000005,0.0
2019-04-09 03:00:00+00:00,897.6914927,778.7971393,55.84982883,118.73758109999994,0.0
2019-04-09 04:00:00+00:00,1013.850932,773.0878448,56.34657633,240.68580008,0.0
2019-04-09 05:00:00+00:00,1127.785736,806.488271,51.4557065,321.40131714999995,0.0
2019-04-09 06:00:00+00:00,1162.418396,864.2251689,43.43674567,298.1883920000001,0.0
2019-04-09 07:00:00+00:00,1160.512197,903.1035462,36.94576692,257.4741577000001,0.0
2019-04-09 08:00:00+00:00,1162.712107,869.1014505,31.89774358,293.7258722,0.0
2019-04-09 09:00:00+00:00,1141.004679,860.3951263,28.90277683,280.73174008,0.0
2019-04-09 10:00:00+00:00,1155.983114,823.1260478,23.81395725,332.89580959999995,0.0
2019-04-09 11:00:00+00:00,1135.677643,792.6380666,27.48133967,343.0721471,0.0
2019-04-09 12:00:00+00:00,1113.590536,770.8478953,30.68508608,342.71738329999994,0.0
2019-04-09 13:00:00+00:00,1095.238261,772.2460938,30.605362,323.26178030000005,0.0
2019-04-09 14:00:00+00:00,1075.720968,815.7338205,28.41385492,260.20831142,0.0
2019-04-09 15:00:00+00:00,1063.527893,835.2182463,26.9371345,228.29187879999998,0.0
2019-04-09 16:00:00+00:00,1058.042196,880.6865032,26.80552458,177.35864299999997,0.0
2019-04-09 17:00:00+00:00,1073.578349,852.6189678,24.05564175,220.92799230000003,0.0
2019-04-09 18:00:00+00:00,1064.745473,833.6048888,21.38251042,231.21614709999994,0.0
2019-04-09 19:00:00+00:00,971.1350302,837.3177593,25.42258575,133.7752554,0.0
2019-04-09 20:00:00+00:00,873.5795645,802.9819898,33.97638892,70.34695729999999,0.0
2019-04-09 21:00:00+00:00,808.1296131,789.3925579,51.3888365,18.713664900000026,0.0
2019-04-09 22:00:00+00:00,781.390213,785.304062,54.62333383,0.0,3.942739700000061
2019-04-09 23:00:00+00:00,762.2925518,774.976303,50.49676558,0.0,12.517287800000076
2019-04-10 00:00:00+00:00,765.4302825,783.6325378,55.513394,0.0,18.251442300000065
2019-04-10 01:00:00+00:00,775.8523001,812.0750988,56.83519508,0.0,36.2365451
2019-04-10 02:00:00+00:00,817.7838033,890.7616577,67.66505017,0.0,73.00210709999999
2019-04-10 03:00:00+00:00,930.0811309,966.5537872,60.09435133,0.0,36.58540430000005
2019-04-10 04:00:00+00:00,1064.318873,960.2889506,51.40409033,104.12676659999994,0.0
2019-04-10 05:00:00+00:00,1180.388468,970.3145955,51.2406895,210.1020074,0.0
2019-04-10 06:00:00+00:00,1224.011587,971.9360808,51.68873808,252.04507079999996,0.0
2019-04-10 07:00:00+00:00,1217.808411,952.7285463,39.54087875,265.07558389999997,0.0
2019-04-10 08:00:00+00:00,1209.176198,962.7183024,43.44764075,246.41724070000004,0.0
2019-04-10 09:00:00+00:00,1188.328919,953.4813792,41.75370792,234.87776889999998,0.0
2019-04-10 10:00:00+00:00,1210.884338,963.0903066,42.21899192,247.7507788000001,0.0
2019-04-10 11:00:00+00:00,1197.874583,961.394277,39.62406733,236.38812030000003,0.0
2019-04-10 12:00:00+00:00,1175.144531,933.8941295,37.7011775,241.19927489999998,0.0
2019-04-10 13:00:00+00:00,1162.148783,938.8328959,33.58399858,223.36623280000003,0.0
2019-04-10 14:00:00+00:00,1137.485453,932.6245574,29.35910867,204.75617919999996,0.0
2019-04-10 15:00:00+00:00,1123.308797,923.2051594,27.64488,200.06153020000005,0.0
2019-04-10 16:00:00+00:00,1117.095256,896.2501832,25.73639975,220.8300215,0.0
2019-04-10 17:00:00+00:00,1123.460673,921.1518047,37.23337308,202.25834229999998,0.0
2019-04-10 18:00:00+00:00,1106.489828,918.5048218,30.13678583,188.04474499999992,0.0
2019-04-10 19:00:00+00:00,1017.86583,823.6178792,34.61226433,194.33051369999998,0.0
2019-04-10 20:00:00+00:00,910.1780548,810.5401969,40.72007842,99.83742910000001,0.0
2019-04-10 21:00:00+00:00,857.7118429,817.5461628,41.35989658,40.142375730000026,0.0
2019-04-10 22:00:00+00:00,826.1191864,833.5614419,40.385617,0.0,7.425480100000016
2019-04-10 23:00:00+00:00,813.7366129,825.3967233,39.98900817,0.0,11.608042699999999
2019-04-11 00:00:00+00:00,802.3322346,868.5292409,40.56147467,0.0,66.21685009999999
2019-04-11 01:00:00+00:00,809.9323426,885.3229575,36.59678492,0.0,75.42597839999996
2019-04-11 02:00:00+00:00,844.5039825,877.8827261,41.39311717,0.0,33.42449970000001
2019-04-11 03:00:00+00:00,946.4351959,873.9916892,36.01372267,72.62128840000003,0.0
2019-04-11 04:00:00+00:00,1074.356186,886.311376,38.34124717,188.16870469999998,0.0
2019-04-11 05:00:00+00:00,1171.445862,950.2987213,34.99166258,221.15939700999996,0.0
2019-04-11 06:00:00+00:00,1209.163361,963.6752524,40.02256558,245.49615403000004,0.0
2019-04-11 07:00:00+00:00,1192.979228,950.0848948,32.28899133,243.04756990000004,0.0
2019-04-11 08:00:00+00:00,1180.025279,939.5588175,30.60652317,240.46644939999993,0.0
2019-04-11 09:00:00+00:00,1149.066416,937.7738801,33.1248925,211.23990259999994,0.0
2019-04-11 10:00:00+00:00,1168.236877,918.1084645,41.57455167,250.12611129999993,0.0
2019-04-11 11:00:00+00:00,1157.834452,897.0476429,43.69531025,260.77319989999995,0.0
2019-04-11 12:00:00+00:00,1160.612223,932.0528869,44.78898,228.5446832,0.0
2019-04-11 13:00:00+00:00,1114.740753,921.3735402,40.924861,193.33639580000005,0.0
2019-04-11 14:00:00+00:00,1096.840983,920.6720784,42.37126333,176.1239238,0.0
2019-04-11 15:00:00+00:00,1074.312113,899.9739381,27.70259258,174.3128097,0.0
2019-04-11 16:00:00+00:00,1072.658437,879.1126556,21.14806842,193.55620839999995,0.0
2019-04-11 17:00:00+00:00,1091.350047,924.4710438,18.66562575,166.78194100000005,0.0
2019-04-11 18:00:00+00:00,1104.127401,920.0597992,20.87762633,184.04303350000004,0.0
2019-04-11 19:00:00+00:00,1026.282516,868.6081696,26.20294425,157.74541869999996,0.0
2019-04-11 20:00:00+00:00,927.2252046,847.4731598,30.16115467,79.81532959999998,0.0
2019-04-11 21:00:00+00:00,874.7221782,812.9749858,19.42346742,61.894147799999985,0.0
2019-04-11 22:00:00+00:00,840.5194448,825.3532104,15.22770542,15.178717649999953,0.0
2019-04-11 23:00:00+00:00,826.1420951,841.7444813,18.29627108,0.0,15.565561083000034
2019-04-12 00:00:00+00:00,822.1976267,834.7203167,18.34186275,0.0,12.667702070000018
2019-04-12 01:00:00+00:00,834.3928986,823.6272889,16.08080542,10.846448420000002,0.0
2019-04-12 02:00:00+00:00,868.0704091,835.1564892,15.91865083,32.91121362999996,0.0
2019-04-12 03:00:00+00:00,947.7884572,822.0662486,15.386064,125.76715170000003,0.0
2019-04-12 04:00:00+00:00,1073.985408,885.9111582,9.022919,188.1976838,0.0
2019-04-12 05:00:00+00:00,1164.132192,892.9245606,5.040063917,271.0838057,0.0
2019-04-12 06:00:00+00:00,1188.595774,898.37028,3.776443583,290.3733648,0.0
2019-04-12 07:00:00+00:00,1169.777252,901.5970002,7.10845325,268.3290291,0.0
2019-04-12 08:00:00+00:00,1149.381236,908.3632558,10.54984033,241.0661748,0.0
2019-04-12 09:00:00+00:00,1116.627665,888.2528737,12.59682175,228.3382718,0.0
2019-04-12 10:00:00+00:00,1123.654826,891.4431763,19.17572242,232.2571994,0.0
2019-04-12 11:00:00+00:00,1097.057455,887.2670035,28.3347555,209.8237257,0.0
2019-04-12 12:00:00+00:00,1078.498098,819.9775443,37.99237275,258.66199252,0.0
2019-04-12 13:00:00+00:00,1050.690369,814.8050434,41.57581125,235.98396930000004,0.0
2019-04-12 14:00:00+00:00,1034.975942,849.089442,39.84172233,185.8886272,0.0
2019-04-12 15:00:00+00:00,1022.679316,845.0554302,33.84756242,177.6527274,0.0
2019-04-12 16:00:00+00:00,1018.6772,865.695821,30.09046892,152.93512700000002,0.0
2019-04-12 17:00:00+00:00,1028.44722,892.8340607,29.84062525,135.60874509999996,0.0
2019-04-12 18:00:00+00:00,1053.680237,831.2186177,35.34929383,222.68913075,0.0
2019-04-12 19:00:00+00:00,986.8536987,837.4581096,35.60282325,149.42001510000006,0.0
2019-04-12 20:00:00+00:00,901.0540314,821.730723,32.22271467,79.35289341999999,0.0
2019-04-12 21:00:00+00:00,841.0203145,822.9204254,37.25402783,18.22788750000001,0.0
2019-04-12 22:00:00+00:00,814.0155435,851.8852439,42.50263717,0.0,37.84112332999996
2019-04-12 23:00:00+00:00,790.7402446,855.8470104,41.51670467,0.0,65.11444223000004
2019-04-13 00:00:00+00:00,777.1362914,854.2137808,40.87141917,0.0,77.12351352999997
2019-04-13 01:00:00+00:00,778.2336883,843.9689129,36.57945242,0.0,65.60619038000002
2019-04-13 02:00:00+00:00,790.8291473,850.5598653,39.48244708,0.0,59.79872875000001
2019-04-13 03:00:00+00:00,795.7773843,845.3543651,39.3711025,0.0,49.489587649999976
2019-04-13 04:00:00+00:00,839.1024882,841.0799917,39.45736442,0.0,1.845844119999981
2019-04-13 05:00:00+00:00,909.6655323,838.3592835,26.11070183,71.41269368299999,0.0
2019-04-13 06:00:00+00:00,965.4067078,832.6162263,15.62925317,132.90712578299997,0.0
2019-04-13 07:00:00+00:00,976.425649,817.5111847,15.59159067,158.83160145,0.0
2019-04-13 08:00:00+00:00,963.6912538,796.6060994,24.43429125,167.10665938,0.0
2019-04-13 09:00:00+00:00,950.083313,801.6908111,27.31716783,148.37225073299993,0.0
2019-04-13 10:00:00+00:00,945.3265686,829.3731283,32.38295708,116.06518629999994,0.0
2019-04-13 11:00:00+00:00,930.9439647,832.5395152,37.89127725,98.59165789999997,0.0
2019-04-13 12:00:00+00:00,918.5758412,850.5274505,48.84942992,68.31953000000004,0.0
2019-04-13 13:00:00+00:00,908.8950043,857.8629709,53.35027217,50.985563100000036,0.0
2019-04-13 14:00:00+00:00,911.4956411,844.0874838,46.06141233,67.4460221,0.0
2019-04-13 15:00:00+00:00,915.0464326,844.8557486,46.08434483,70.23735240000002,0.0
2019-04-13 16:00:00+00:00,919.631953,850.9673513,39.21968608,68.70462929999997,0.0
2019-04-13 17:00:00+00:00,933.6910807,844.253713,34.7038865,89.5055231,0.0
2019-04-13 18:00:00+00:00,958.8604381,852.8866526,41.91780492,105.91041389999998,0.0
2019-04-13 19:00:00+00:00,903.0355632,865.021993,49.40386,38.07955121699996,0.0
2019-04-13 20:00:00+00:00,845.8829905,863.6887106,44.32860133,0.0,18.23343540000002
2019-04-13 21:00:00+00:00,791.5688628,851.9121958,46.00022233,0.0,60.32803297999999
2019-04-13 22:00:00+00:00,759.0102335,740.6195578,37.1366835,18.21947399999999,0.0
2019-04-13 23:00:00+00:00,744.3196461,707.9285633,31.94098825,36.30714041700003,0.0
2019-04-14 00:00:00+00:00,736.6124826,679.8278452,32.51926075,56.793181269999934,0.0
2019-04-14 01:00:00+00:00,737.3123016,675.9547525,34.37663558,61.36277376999999,0.0
2019-04-14 02:00:00+00:00,743.345164,683.5596263,40.90247775,59.894178169999975,0.0
2019-04-14 03:00:00+00:00,738.4600728,690.4045207,47.57550283,48.003392450000035,0.0
2019-04-14 04:00:00+00:00,777.1128693,685.9163361,37.24128767,91.34721379999996,0.0
2019-04-14 05:00:00+00:00,840.929372,733.2854767,15.88036367,107.739083,0.0
2019-04-14 06:00:00+00:00,890.9983928,799.4452565,14.64377867,91.47945280000005,0.0
2019-04-14 07:00:00+00:00,908.0880227,853.2535096,41.49711983,54.682874200000015,0.0
2019-04-14 08:00:00+00:00,905.3221588,865.9483693,47.94455625,39.32832270000006,0.0
2019-04-14 09:00:00+00:00,891.1298015,872.4770253,57.42994467,18.694244800000092,0.0
2019-04-14 10:00:00+00:00,877.4473826,852.9695689,47.75189267,24.703130999999985,0.0
2019-04-14 11:00:00+00:00,860.6895396,820.6421814,49.00423817,40.18762060000006,0.0
2019-04-14 12:00:00+00:00,856.3269856,844.2091521,56.69854142,12.259301800000003,0.0
2019-04-14 13:00:00+00:00,866.2556103,848.2668658,62.61648542,18.104115200000024,0.0
2019-04-14 14:00:00+00:00,875.4560599,861.3943023,84.14208975,14.012910800000043,0.0
2019-04-14 15:00:00+00:00,906.8741251,856.2598065,85.6607375,50.7728396,0.0
2019-04-14 16:00:00+00:00,920.6867065,850.0946401,76.0087045,70.64241850000002,0.0
2019-04-14 17:00:00+00:00,948.1782074,880.2278342,61.53569458,67.95658750000001,0.0
2019-04-14 18:00:00+00:00,994.2436573,877.4343209,68.93252333,116.95414669999997,0.0
2019-04-14 19:00:00+00:00,938.7463227,876.1813254,65.22990825,62.4322535,0.0
2019-04-14 20:00:00+00:00,858.6567078,870.2989502,60.9806925,0.0,11.633002849999968
2019-04-14 21:00:00+00:00,807.8040161,872.0960083,64.42246558,0.0,64.41069726700005
2019-04-14 22:00:00+00:00,788.1948905,866.6405793,59.67886083,0.0,78.74838012000004
2019-04-14 23:00:00+00:00,779.5365905,855.6241608,53.00305075,0.0,75.99079837999997
2019-04-15 00:00:00+00:00,776.7708741,859.5374348,56.386234,0.0,82.80121070000001
2019-04-15 01:00:00+00:00,784.1659343,853.3043875,57.1406215,0.0,68.98769517
2019-04-15 02:00:00+00:00,811.6575877,846.3589071,51.19314667,0.0,34.68595147999997
2019-04-15 03:00:00+00:00,903.7879029,831.574819,44.88812042,72.3926621,0.0
2019-04-15 04:00:00+00:00,1029.467997,826.1152699,39.35296742,203.51155359999998,0.0
2019-04-15 05:00:00+00:00,1110.445913,818.4710032,18.62537967,292.03744930000005,0.0
2019-04-15 06:00:00+00:00,1131.48703,820.0967306,5.223135583,311.46184539999996,0.0
2019-04-15 07:00:00+00:00,1107.468913,855.0278728,14.47725708,252.59162920000006,0.0
2019-04-15 08:00:00+00:00,1090.700745,869.3886262,22.07631183,221.2087399,0.0
2019-04-15 09:00:00+00:00,1069.361145,868.1618754,22.28941133,201.43371709999997,0.0
2019-04-15 10:00:00+00:00,1078.720673,866.1660817,28.45311992,212.57547849999997,0.0
2019-04-15 11:00:00+00:00,1055.627513,878.0591992,33.01404417,177.73686242000002,0.0
2019-04-15 12:00:00+00:00,1047.27066,859.3222098,35.96576583,188.03046440000003,0.0
2019-04-15 13:00:00+00:00,1020.820089,842.3484954,40.08239183,178.5881551,0.0
2019-04-15 14:00:00+00:00,998.480723,838.920751,37.58650592,159.75006410000003,0.0
2019-04-15 15:00:00+00:00,1009.906067,832.4044393,37.1594265,177.47220369999997,0.0
2019-04-15 16:00:00+00:00,1004.526622,838.0932516,37.10249517,166.92411889999994,0.0
2019-04-15 17:00:00+00:00,1008.350184,842.7616324,36.87150558,165.8132379,0.0
2019-04-15 18:00:00+00:00,1050.833578,821.9003295,42.9847815,228.88541229999998,0.0
2019-04-15 19:00:00+00:00,975.9898325,817.5624643,42.35505792,158.4882826,0.0
2019-04-15 20:00:00+00:00,885.6825766,838.5496113,48.6632915,46.94084129999999,0.0
2019-04-15 21:00:00+00:00,828.9131113,851.2849478,57.52979825,0.0,22.295509320000008
2019-04-15 22:00:00+00:00,802.8496805,856.7169953,61.85778983,0.0,53.800799729999994
2019-04-15 23:00:00+00:00,785.5600892,861.2551524,65.30858675,0.0,75.72475175
2019-04-16 00:00:00+00:00,787.1540071,859.2915497,61.17871483,0.0,71.99617004999999
2019-04-16 01:00:00+00:00,795.0183463,834.0426788,50.07706,0.0,38.99421715
2019-04-16 02:00:00+00:00,822.6191609,839.8295492,49.04506192,0.0,17.122848470000008
2019-04-16 03:00:00+00:00,911.6798755,840.2610219,48.5676895,71.58896919999995,0.0
2019-04-16 04:00:00+00:00,1042.649465,843.4398345,32.37841958,199.07218589999997,0.0
2019-04-16 05:00:00+00:00,1112.403229,834.7895304,11.67529508,277.7750492,0.0
2019-04-16 06:00:00+00:00,1128.587586,843.4271902,1.991299417,285.2246587,0.0
2019-04-16 07:00:00+00:00,1099.934845,820.6957143,-0.02252975,279.2674909,0.0
2019-04-16 08:00:00+00:00,1079.274638,832.0693462,3.275592167,247.2076214,0.0
2019-04-16 09:00:00+00:00,1048.343557,843.2052002,7.843227417,205.31778809999992,0.0
2019-04-16 10:00:00+00:00,1067.90508,848.2961883,15.55255817,219.6691864,0.0
2019-04-16 11:00:00+00:00,1047.686961,842.1791228,28.41863375,205.70734169999997,0.0
2019-04-16 12:00:00+00:00,1032.004745,844.2870077,38.61839117,187.7254514,0.0
2019-04-16 13:00:00+00:00,1012.185552,853.9058432,37.89762233,158.62296929999997,0.0
2019-04-16 14:00:00+00:00,991.0215252,839.3387857,35.27280325,151.87323580000003,0.0
2019-04-16 15:00:00+00:00,986.5762787,836.6512603,39.79050892,149.92491010000003,0.0
2019-04-16 16:00:00+00:00,976.7222341,849.44753,43.73715075,127.36651780000005,0.0
2019-04-16 17:00:00+00:00,983.7155103,850.2509918,49.91044233,133.49697419999995,0.0
2019-04-16 18:00:00+00:00,1016.046662,871.7402393,71.987258,144.31953170000008,0.0
2019-04-16 19:00:00+00:00,957.329422,892.8000639,86.64259942,64.53099390000006,0.0
2019-04-16 20:00:00+00:00,863.15595,875.139908,87.16491283,0.0,12.03711082999996
2019-04-16 21:00:00+00:00,799.5537161,852.7257233,80.89805375,0.0,53.12291196999996
2019-04-16 22:00:00+00:00,768.9993946,852.2113241,84.20108275,0.0,83.21673633000006
2019-04-16 23:00:00+00:00,757.4902342,848.4821117,76.04082317,0.0,91.01950017000001
2019-04-17 00:00:00+00:00,758.081365,816.6607055,65.37265467,0.0,58.6407332
2019-04-17 01:00:00+00:00,776.9081574,818.8529917,52.57704842,0.0,41.92127254999997
2019-04-17 02:00:00+00:00,810.0645549,828.2251636,42.45467725,0.0,18.29765450000002
2019-04-17 03:00:00+00:00,896.7513326,832.6282501,37.982018,64.26017578,0.0
2019-04-17 04:00:00+00:00,1025.900426,840.1884664,28.39454817,185.79540360000004,0.0
2019-04-17 05:00:00+00:00,1109.740672,825.5826008,8.751387583,284.28736639999994,0.0
2019-04-17 06:00:00+00:00,1132.234589,837.293096,0.42687525,295.38403059999996,0.0
2019-04-17 07:00:00+00:00,1101.036387,842.2687734,-0.623826333,258.9309045,0.0
2019-04-17 08:00:00+00:00,1072.659444,841.582784,1.5151805,231.22767860000005,0.0
2019-04-17 09:00:00+00:00,1046.87206,822.5465291,4.597815167,224.50593819999995,0.0
2019-04-17 10:00:00+00:00,1062.220378,824.9435627,8.274469417,237.31481329999997,0.0
2019-04-17 11:00:00+00:00,1064.036133,847.9412333,9.355655583,216.1551703,0.0
2019-04-17 12:00:00+00:00,1051.952942,818.0586548,11.97245,233.88818120000008,0.0
2019-04-17 13:00:00+00:00,1012.618739,835.2134501,17.0673045,177.41321560000006,0.0
2019-04-17 14:00:00+00:00,991.0456188,850.585617,22.41175733,140.64926889999998,0.0
2019-04-17 15:00:00+00:00,990.884613,838.4635773,22.28441733,152.83040749999998,0.0
2019-04-17 16:00:00+00:00,971.5664163,838.1331687,20.33507825,133.39326980000004,0.0
2019-04-17 17:00:00+00:00,978.732015,858.3816732,22.02091725,120.33807350000001,0.0
2019-04-17 18:00:00+00:00,1018.397115,848.0244444,34.58982042,170.3767861999999,0.0
2019-04-17 19:00:00+00:00,961.4573416,840.9932862000001,28.74075733,120.51834330000003,0.0
2019-04-17 20:00:00+00:00,864.0559844,841.2516736,28.41629933,22.792044169999997,0.0
2019-04-17 21:00:00+00:00,801.5706279,821.4669343,27.41733883,0.0,19.86868340000001
2019-04-17 22:00:00+00:00,774.3241628,821.4237722,29.10988358,0.0,47.172269750000055
2019-04-17 23:00:00+00:00,761.7928518,801.9504751,25.11553808,0.0,40.210846970000034
2019-04-18 00:00:00+00:00,757.5934958,798.9894106,21.22029708,0.0,41.49006696699996
2019-04-18 01:00:00+00:00,768.5723673,817.3356578,21.65717492,0.0,48.64255417999999
2019-04-18 02:00:00+00:00,794.0359649,819.1429747,21.20245325,0.0,25.1349285
2019-04-18 03:00:00+00:00,882.016978,808.7508546,12.67887458,73.37192880000003,0.0
2019-04-18 04:00:00+00:00,1013.542445,808.1857909,8.8060495,205.51073010000002,0.0
2019-04-18 05:00:00+00:00,1090.196493,826.6505634,6.293706667,263.6917485,0.0
2019-04-18 06:00:00+00:00,1104.375458,828.4308421,4.758124417,275.96799790000006,0.0
2019-04-18 07:00:00+00:00,1070.088227,846.6431936,5.774711167,223.66945400000003,0.0
2019-04-18 08:00:00+00:00,1049.027944,841.9248148,3.331111,207.11354779999996,0.0
2019-04-18 09:00:00+00:00,1013.837677,847.1427511,7.032978667,166.65489471999996,0.0
2019-04-18 10:00:00+00:00,1039.17274,848.0671794,10.43370575,191.36940778299993,0.0
2019-04-18 11:00:00+00:00,1016.117584,796.4717358,13.96851875,219.70399952000008,0.0
2019-04-18 12:00:00+00:00,1001.101827,772.2401734,17.2984625,228.9515801,0.0
2019-04-18 13:00:00+00:00,976.7790069,772.0967357,19.63236642,204.85902417,0.0
2019-04-18 14:00:00+00:00,962.0872193,787.7940776,21.51375567,174.35619337999992,0.0
2019-04-18 15:00:00+00:00,951.7496592,797.4647776,22.0364825,154.52969950000005,0.0
2019-04-18 16:00:00+00:00,939.674703,781.769806,24.52623175,158.14094789999996,0.0
2019-04-18 17:00:00+00:00,938.4098613,794.5197298,35.07924125,143.939679,0.0
2019-04-18 18:00:00+00:00,975.1929729,807.8420461,39.48379058,167.42783879999996,0.0
2019-04-18 19:00:00+00:00,919.243749,807.3674924,37.51760083,112.01594890000007,0.0
2019-04-18 20:00:00+00:00,831.2842714,792.0599316,28.16693883,39.02103071999994,0.0
2019-04-18 21:00:00+00:00,767.2928263,789.9312032,24.36604133,0.0,22.634239700000023
2019-04-18 22:00:00+00:00,723.7701214,717.1305033,11.94365792,6.639612029999967,0.0
2019-04-18 23:00:00+00:00,703.6748909,690.3976949,7.460244083,13.386714569999981,0.0
2019-04-19 00:00:00+00:00,698.6779684,694.4064332,7.615365583,4.275627500000041,0.0
2019-04-19 01:00:00+00:00,699.2358196,699.6253867,8.987501083,0.0,0.3231730999999627
2019-04-19 02:00:00+00:00,705.2637634,710.9339904,17.26396783,0.0,5.645678500000031
2019-04-19 03:00:00+00:00,710.745341,720.5829519,26.98882067,0.0,9.82832350000001
2019-04-19 04:00:00+00:00,758.1718953,770.0619303,33.3682445,0.0,11.952663870000038
2019-04-19 05:00:00+00:00,829.0825806,780.7557271,30.39448725,48.484155900000076,0.0
2019-04-19 06:00:00+00:00,873.5080822,775.8649495,16.44989133,97.68995380000001,0.0
2019-04-19 07:00:00+00:00,876.4125673,778.307841,4.551552083,98.15887670000006,0.0
2019-04-19 08:00:00+00:00,863.2997947,799.9999594,4.61379325,63.40576829999992,0.0
2019-04-19 09:00:00+00:00,845.8750915,806.72494,8.778177833,39.14502619999996,0.0
2019-04-19 10:00:00+00:00,836.2986299,809.2594096,14.92982367,27.118696099999966,0.0
2019-04-19 11:00:00+00:00,821.5971069,807.4791005,18.50277417,14.059190400000034,0.0
2019-04-19 12:00:00+00:00,811.2319692,810.1497548,21.09399292,1.1268881999999962,0.0
2019-04-19 13:00:00+00:00,806.5723877,801.3617909,32.30435308,5.148388570000009,0.0
2019-04-19 14:00:00+00:00,810.5611674,810.1155803,39.750094,0.2992149300000051,0.0
2019-04-19 15:00:00+00:00,809.8563689,812.6658326,47.86681042,0.0,2.899173000000019
2019-04-19 16:00:00+00:00,818.6209207,831.8905385,65.43856767,0.0,13.216735999999969
2019-04-19 17:00:00+00:00,825.9552561,836.7877959,76.87643842,0.0,10.841513799999916
2019-04-19 18:00:00+00:00,865.0315703,835.9978587,79.45386392,29.059649549999904,0.0
2019-04-19 19:00:00+00:00,819.9172059,820.7916922,82.62096933,0.0,0.953229800000031
2019-04-19 20:00:00+00:00,755.8275198,804.2555797,72.68400383,0.0,48.29395440000002
2019-04-19 21:00:00+00:00,708.2677458,814.4290669,67.32672483,0.0,106.1162827
2019-04-19 22:00:00+00:00,671.8084158,831.6877696,71.28172517,0.0,160.00829219999997
2019-04-19 23:00:00+00:00,648.0021312,824.3058575,67.57239625,0.0,176.14616103000003
2019-04-20 00:00:00+00:00,639.9180655,778.9860585,71.77561375,0.0,139.05979898
2019-04-20 01:00:00+00:00,643.5155741,787.8438618,73.56379367,0.0,144.45719928
2019-04-20 02:00:00+00:00,647.4760183,801.2877553,70.01305025,0.0,153.81374487
2019-04-20 03:00:00+00:00,648.4297079,755.4361318,57.953063,0.0,106.89721229999998
2019-04-20 04:00:00+00:00,708.8127745,733.7841238,32.11211208,0.0,24.97050730000001
2019-04-20 05:00:00+00:00,777.9911653,746.6224569,14.82529325,31.467978099999982,0.0
2019-04-20 06:00:00+00:00,831.0906066,756.674591,5.517218167,74.45947625000008,0.0
2019-04-20 07:00:00+00:00,843.3966268,776.2084047,9.729398583,67.30509416999996,0.0
2019-04-20 08:00:00+00:00,831.0559947,797.9089151,17.50241175,33.22011280000004,0.0
2019-04-20 09:00:00+00:00,812.0859579,800.3243104,32.63472675,11.720307349999985,0.0
2019-04-20 10:00:00+00:00,797.5276031,790.333313,38.49758167,7.304589179999994,0.0
2019-04-20 11:00:00+00:00,788.3656973,793.3804423,40.1440435,0.0,4.8798873799999
2019-04-20 12:00:00+00:00,794.3551433,785.3037415,34.446782,9.177164600000083,0.0
2019-04-20 13:00:00+00:00,799.0273946,746.8488262,29.85144492,52.340783999999985,0.0
2019-04-20 14:00:00+00:00,812.1428529,773.3838248,32.92211917,38.619051300000024,0.0
2019-04-20 15:00:00+00:00,826.6145018,797.9195607,25.26377375,28.63625520000005,0.0
2019-04-20 16:00:00+00:00,837.5688578,792.9022573,20.17375,44.68259089999998,0.0
2019-04-20 17:00:00+00:00,840.9445088,781.0767214,12.00299075,59.823003799999924,0.0
2019-04-20 18:00:00+00:00,866.9049429,776.7930959,10.48807017,90.14523460000004,0.0
2019-04-20 19:00:00+00:00,825.5249682,776.4188996,14.05354017,49.13688179999997,0.0
2019-04-20 20:00:00+00:00,766.8087057,773.4870758,19.09415108,0.0,6.713172800000052
2019-04-20 21:00:00+00:00,714.6979878,769.692627,22.429689,0.0,55.04184275
2019-04-20 22:00:00+00:00,686.9731802,725.4397378,29.52989308,0.0,38.35939109999998
2019-04-20 23:00:00+00:00,670.4738312,723.5726215,27.6316095,0.0,53.0885864
2019-04-21 00:00:00+00:00,660.9590759,738.5011495,38.64975667,0.0,77.35281889999999
2019-04-21 01:00:00+00:00,659.8542429,748.8267821,54.070541,0.0,88.91160497999999
2019-04-21 02:00:00+00:00,657.886149,756.1380666,62.75729125,0.0,98.35947978000002
2019-04-21 03:00:00+00:00,657.864212,747.9021252,54.79806033,0.0,90.16186847999995
2019-04-21 04:00:00+00:00,703.3014882,744.2363636,40.33320617,0.0,40.96831483
2019-04-21 05:00:00+00:00,761.0044454,731.1068472,18.52822392,30.02596801699997,0.0
2019-04-21 06:00:00+00:00,803.5377248,737.6263886,12.605488,65.92660558299997,0.0
2019-04-21 07:00:00+00:00,821.028188,800.9083965,12.58955875,20.34327989999997,0.0
2019-04-21 08:00:00+00:00,804.3116354,794.5723063,8.02567125,9.885863480000012,0.0
2019-04-21 09:00:00+00:00,788.5048828,786.3291779,6.475014583,2.006938816999991,0.0
2019-04-21 10:00:00+00:00,778.6860097,787.7830302,7.4989515,0.0,8.959660299999939
2019-04-21 11:00:00+00:00,769.1817068,745.2007446,10.73148083,23.957147499999962,0.0
2019-04-21 12:00:00+00:00,763.466034,748.622757,11.9501135,14.850374299999999,0.0
2019-04-21 13:00:00+00:00,766.8638255,740.7869313,9.573012,25.991235800000027,0.0
2019-04-21 14:00:00+00:00,776.1718597,733.9919536,8.518623667,42.313121069999966,0.0
2019-04-21 15:00:00+00:00,796.2682545,724.0303042,7.696472,72.15316379999999,0.0
2019-04-21 16:00:00+00:00,818.3597108,773.9830017,7.0045205,44.444348579999996,0.0
2019-04-21 17:00:00+00:00,831.5163473,748.7977753,6.455916917,82.83131623,0.0
2019-04-21 18:00:00+00:00,869.0261129,740.0904898,8.802321583,129.12038660000002,0.0
2019-04-21 19:00:00+00:00,827.8432923,765.8886108,8.45835975,62.098469832999996,0.0
2019-04-21 20:00:00+00:00,761.281311,767.143102,11.17565,0.0,5.794253679999997
2019-04-21 21:00:00+00:00,711.7423605,728.6403351,16.98832375,0.0,16.636625200000026
2019-04-21 22:00:00+00:00,679.2233175,720.2682699,21.85758175,0.0,40.95619297999997
2019-04-21 23:00:00+00:00,663.651174,747.8135275,36.44605508,0.0,84.0959272
2019-04-22 00:00:00+00:00,662.6523285,783.4229989,69.460761,0.0,120.54782629999994
2019-04-22 01:00:00+00:00,661.4547067,812.4566702,106.3131553,0.0,151.01668670000004
2019-04-22 02:00:00+00:00,672.8392334,823.0890045,120.646135,0.0,150.2983346000001
2019-04-22 03:00:00+00:00,749.3235525,821.619222,118.8108636,0.0,72.44186219999995
2019-04-22 04:00:00+00:00,878.065918,797.086268,95.46883633,81.04456769999996,0.0
2019-04-22 05:00:00+00:00,986.0647939,769.422536,55.37845392,216.50129870000004,0.0
2019-04-22 06:00:00+00:00,1033.914581,801.8598989,25.21424592,232.237229,0.0
2019-04-22 07:00:00+00:00,1027.205073,771.1853943,16.68175183,255.9992586,0.0
2019-04-22 08:00:00+00:00,1016.784622,750.6621704,18.45025592,266.0395298,0.0
2019-04-22 09:00:00+00:00,996.1044466,741.8190206,16.93972,254.31344520000002,0.0
2019-04-22 10:00:00+00:00,1005.231755,746.7772573,18.50088592,258.7483514,0.0
2019-04-22 11:00:00+00:00,983.6468708,754.6461234,23.10747858,228.9856506,0.0
2019-04-22 12:00:00+00:00,968.6653291,739.6790314,12.48187017,229.13858879999995,0.0
2019-04-22 13:00:00+00:00,935.8324736,735.5605825,14.42953408,200.3602631,0.0
2019-04-22 14:00:00+00:00,910.5054881,733.4609069,17.377145,176.96492351000003,0.0
2019-04-22 15:00:00+00:00,898.898692,723.3640034,16.0352615,175.83502395,0.0
2019-04-22 16:00:00+00:00,889.9293518,713.5769706,12.49438017,176.18618129999996,0.0
2019-04-22 17:00:00+00:00,886.8996225,709.6260019,11.62654167,177.16505539999997,0.0
2019-04-22 18:00:00+00:00,918.0734608,707.1883596,10.913871,210.8660795,0.0
2019-04-22 19:00:00+00:00,874.7081147,706.7585551,11.80714317,168.20584509999998,0.0
2019-04-22 20:00:00+00:00,777.9366658,698.6854095,9.109788,79.18371209999998,0.0
2019-04-22 21:00:00+00:00,718.2451273,702.2563478,8.767250667,16.0447815,0.0
2019-04-22 22:00:00+00:00,693.1376343,710.5739949,14.06611942,0.0,17.33809203000004
2019-04-22 23:00:00+00:00,677.657552,710.9886576,18.70610025,0.0,33.43914560000002
2019-04-23 00:00:00+00:00,668.6883343,729.1018627,34.28265533,0.0,60.43230808300001
2019-04-23 01:00:00+00:00,666.0697783,746.7763163,58.9574445,0.0,80.70502218000001
2019-04-23 02:00:00+00:00,687.0732675,722.6226094,68.5678805,0.0,35.574654899999956
2019-04-23 03:00:00+00:00,776.632604,521.1404293,54.30884633,255.4532298,0.0
2019-04-23 04:00:00+00:00,906.0902609,641.7976176,35.5389745,264.680837033,0.0
2019-04-23 05:00:00+00:00,996.7884777,762.5955302,20.02264642,234.34941852000003,0.0
2019-04-23 06:00:00+00:00,1017.173421,793.3603313,5.824912167,223.68346029999992,0.0
2019-04-23 07:00:00+00:00,1000.529002,742.7311808,4.982027583,258.1379488,0.0
2019-04-23 08:00:00+00:00,988.7332917,735.7136026,7.559926,252.8712142,0.0
2019-04-23 09:00:00+00:00,967.8239643,742.2086334,8.6696695,225.68193229999997,0.0
2019-04-23 10:00:00+00:00,982.8626048,729.0338796,9.257246917,253.93814074999995,0.0
2019-04-23 11:00:00+00:00,963.9118398,730.3005321,9.532102167,233.85511969999993,0.0
2019-04-23 12:00:00+00:00,958.7324168,732.3396047,10.49719875,226.73797590000004,0.0
2019-04-23 13:00:00+00:00,944.9915773,739.8707123,7.502219583,205.26245898000002,0.0
2019-04-23 14:00:00+00:00,930.1075083,732.1102702,5.011967333,198.12455827000002,0.0
2019-04-23 15:00:00+00:00,909.2586518,721.1080629,4.805059583,188.2096541699999,0.0
2019-04-23 16:00:00+00:00,908.0280049,718.6776071,4.65922125,189.44068571999992,0.0
2019-04-23 17:00:00+00:00,895.1464336,729.3634848,5.10196725,165.81977175000003,0.0
2019-04-23 18:00:00+00:00,919.3771973,734.1686146,6.6757685,185.1813728169999,0.0
2019-04-23 19:00:00+00:00,876.2642923,721.2617747,9.089166583,154.9023907,0.0
2019-04-23 20:00:00+00:00,783.6482342,715.4047344,13.17252183,68.43729440000004,0.0
2019-04-23 21:00:00+00:00,721.8494924,734.7771758,34.1025885,0.0,13.048795400000017
2019-04-23 22:00:00+00:00,698.4722239,762.5650431,61.74760083,0.0,64.03368185000005
2019-04-23 23:00:00+00:00,689.0644684,762.3106283,63.81757275,0.0,73.20953788000003
2019-04-24 00:00:00+00:00,678.8984274,767.3450824,69.77290133,0.0,88.53924758
2019-04-24 01:00:00+00:00,686.6395264,758.9911907,68.10843042,0.0,72.36825567
2019-04-24 02:00:00+00:00,698.8051808,749.7117056,53.503306,0.0,50.92501525
2019-04-24 03:00:00+00:00,776.9288992,746.0508627,48.28485225,30.820783130000024,0.0
2019-04-24 04:00:00+00:00,900.4209033,752.4008434,40.20757417,148.19119417000005,0.0
2019-04-24 05:00:00+00:00,1002.130692,801.2290548,33.12379317,200.93717060000006,0.0
2019-04-24 06:00:00+00:00,1032.853475,803.3572793,11.33018117,229.3639376999999,0.0
2019-04-24 07:00:00+00:00,1022.655304,806.8519948,10.45160508,215.8554994999999,0.0
2019-04-24 08:00:00+00:00,1010.924657,801.9757538,9.664773583,209.10388890000002,0.0
2019-04-24 09:00:00+00:00,982.5966288,760.8060048,9.467585083,221.749819,0.0
2019-04-24 10:00:00+00:00,999.7215882,747.5723928,12.50637263,252.2971367,0.0
2019-04-24 11:00:00+00:00,1024.735461,759.1436159,17.19830103,265.85622520000004,0.0
2019-04-24 12:00:00+00:00,973.3412984,769.2301992,22.34429308,204.1888187,0.0
2019-04-24 13:00:00+00:00,949.5875448,755.9626771,25.15186775,193.7366368000001,0.0
2019-04-24 14:00:00+00:00,931.190567,755.4506328,31.68962425,175.71515619999997,0.0
2019-04-24 15:00:00+00:00,926.4281718,789.4701739,33.78660642,137.10708679999993,0.0
2019-04-24 16:00:00+00:00,908.9833323,813.1485494,36.55533625,95.98126910000002,0.0
2019-04-24 17:00:00+00:00,913.0626273,812.9655355,30.44869408,100.27301079999995,0.0
2019-04-24 18:00:00+00:00,928.2927501,782.9147238,31.03949908,145.41225750000007,0.0
2019-04-24 19:00:00+00:00,880.1596171,784.9601288,44.33062917,95.11204727999996,0.0
2019-04-24 20:00:00+00:00,782.6346032,758.4115652,59.269026,24.246914000000004,0.0
2019-04-24 21:00:00+00:00,714.3678437,770.0772958,79.41716575,0.0,55.9140041
2019-04-24 22:00:00+00:00,686.2901001,800.4354707,87.29116417,0.0,114.19435436999999
2019-04-24 23:00:00+00:00,671.0817973,797.4575959,88.28811667,0.0,126.23659219999996
2019-04-25 00:00:00+00:00,663.6037801,802.0287475,93.67923625,0.0,138.4670059
2019-04-25 01:00:00+00:00,668.5694273,794.1278383,87.51182033,0.0,125.64961499999998
2019-04-25 02:00:00+00:00,672.3153992,772.038091,81.83198975,0.0,99.62413200000003
2019-04-25 03:00:00+00:00,751.642568,760.2647299,75.38529992,0.0,8.662428970000008
2019-04-25 04:00:00+00:00,882.7806752,776.4294637,63.888689,106.62389893,0.0
2019-04-25 05:00:00+00:00,991.649292,788.5227509,32.466552,203.19847542000002,0.0
2019-04-25 06:00:00+00:00,1039.708466,792.4692078,27.85970908,247.53794253,0.0
2019-04-25 07:00:00+00:00,1044.444448,789.459254,17.97919475,255.10581636999996,0.0
2019-04-25 08:00:00+00:00,1038.529124,789.272878,13.13362708,249.2660955,0.0
2019-04-25 09:00:00+00:00,1008.73965,795.244227,16.42134958,213.29224520000002,0.0
2019-04-25 10:00:00+00:00,1017.864512,805.844574,27.36512167,212.10502889999992,0.0
2019-04-25 11:00:00+00:00,1007.327393,780.205419,25.38210558,227.0682208,0.0
2019-04-25 12:00:00+00:00,1003.065918,771.7667694,23.90098808,231.45071229999996,0.0
2019-04-25 13:00:00+00:00,977.1965079,776.8268482,31.642997,200.5007705,0.0
2019-04-25 14:00:00+00:00,957.2072499,776.1729887,39.66833525,181.06618400000002,0.0
2019-04-25 15:00:00+00:00,949.5520325,790.2211203,47.794056,159.4401626,0.0
2019-04-25 16:00:00+00:00,927.2638551,806.2061361,47.48958333,121.10539499999999,0.0
2019-04-25 17:00:00+00:00,924.9474641,804.387207,47.86383875,120.47145989999996,0.0
2019-04-25 18:00:00+00:00,939.2413736,809.1847278,53.97345325,129.94056070000005,0.0
2019-04-25 19:00:00+00:00,881.8830159,803.8168793,52.523176,77.94536040000003,0.0
2019-04-25 20:00:00+00:00,787.4419505,819.780426,68.18850517,0.0,32.328839899999934
2019-04-25 21:00:00+00:00,724.5248363,772.1037598,62.62137483,0.0,47.56273470000002
2019-04-25 22:00:00+00:00,676.1302692,767.2990316,81.07182967,0.0,91.33712702000003
2019-04-25 23:00:00+00:00,658.3114012999999,741.4827932,62.4690305,0.0,83.10510640000001
2019-04-26 00:00:00+00:00,654.2679443,764.8810578,75.17327167,0.0,110.69526450000001
2019-04-26 01:00:00+00:00,665.520635,737.0152333,49.69686142,0.0,71.47897190000003
2019-04-26 02:00:00+00:00,680.4339192,751.0189413,47.49072733,0.0,70.5166261
2019-04-26 03:00:00+00:00,763.833013,749.4779918,45.87935925,14.342383600000062,0.0
2019-04-26 04:00:00+00:00,897.0082194,800.1908366,36.47795667,96.94915010000011,0.0
2019-04-26 05:00:00+00:00,996.293635,793.1256714,23.10306108,203.11123190000006,0.0
2019-04-26 06:00:00+00:00,1033.506129,748.5106303,8.471526667,284.98347535000005,0.0
2019-04-26 07:00:00+00:00,1026.104151,754.3326671,3.137818333,271.8519461,0.0
2019-04-26 08:00:00+00:00,1025.455984,761.5219116,3.630598417,263.88586569999995,0.0
2019-04-26 09:00:00+00:00,1008.272181,768.3866222,7.528950833,239.9102996000001,0.0
2019-04-26 10:00:00+00:00,1024.051122,767.1478578,12.92539942,257.0277304000001,0.0
2019-04-26 11:00:00+00:00,1002.477326,771.8348235,17.18039425,230.6375478,0.0
2019-04-26 12:00:00+00:00,985.7493438,780.3359933,19.40737358,205.3906725999999,0.0
2019-04-26 13:00:00+00:00,957.6826783,804.6135611,38.54866625,153.04388069999993,0.0
2019-04-26 14:00:00+00:00,941.4800669,793.1366781,48.37729933,148.53845580000007,0.0
2019-04-26 15:00:00+00:00,931.4610036,818.8508301,39.10900633,112.85698200000013,0.0
2019-04-26 16:00:00+00:00,920.3927206,835.6746268,29.4064055,84.69142929999998,0.0
2019-04-26 17:00:00+00:00,898.8913778,895.1274768,31.999803,3.767967999999996,0.0
2019-04-26 18:00:00+00:00,916.4171601,894.1084036,29.53527275,22.294819299999972,0.0
2019-04-26 19:00:00+00:00,871.6485291,854.1295166,37.28261867,17.512471599999913,0.0
2019-04-26 20:00:00+00:00,783.3687083,851.6015268,48.32127742,0.0,68.26417601999998
2019-04-26 21:00:00+00:00,726.8910268,803.4089508,38.93467992,0.0,76.514325767
2019-04-26 22:00:00+00:00,693.4840343,649.6444549,38.43908392,43.84074220000002,0.0
2019-04-26 23:00:00+00:00,669.3694712,609.9994305,41.134737,59.53143119999993,0.0
2019-04-27 00:00:00+00:00,662.5705108,612.8570556,31.37528983,49.70520080000006,0.0
2019-04-27 01:00:00+00:00,660.9091797,596.5702057,27.20830117,64.19637770000008,0.0
2019-04-27 02:00:00+00:00,644.2624208,611.1574656,26.54268425,33.083760670000004,0.0
2019-04-27 03:00:00+00:00,667.2157439,638.0023193,43.47976842,29.263461116999963,0.0
2019-04-27 04:00:00+00:00,716.2322642,637.5356293,42.01900558,78.69227203299994,0.0
2019-04-27 05:00:00+00:00,781.1639505,618.7767486,13.82856858,162.38445995,0.0
2019-04-27 06:00:00+00:00,832.6704712,639.6080576,5.64030475,193.12089730000002,0.0
2019-04-27 07:00:00+00:00,840.8893331,676.681376,10.33967992,164.35534710000002,0.0
2019-04-27 08:00:00+00:00,828.7621511,675.7515056,5.9923765,152.9998483,0.0
2019-04-27 09:00:00+00:00,812.5656433,664.2152048,14.48948817,148.35780219999998,0.0
2019-04-27 10:00:00+00:00,808.3701733,648.2931926,16.95126342,160.02972289999985,0.0
2019-04-27 11:00:00+00:00,792.6115519,645.104655,29.19738775,147.12283380000002,0.0
2019-04-27 12:00:00+00:00,782.5584005,648.7302653,36.80407408,133.80387500000006,0.0
2019-04-27 13:00:00+00:00,778.0995688,647.9154257,39.134066,130.32215269999995,0.0
2019-04-27 14:00:00+00:00,789.1602427,646.0417734,41.67418433,143.10697542000003,0.0
2019-04-27 15:00:00+00:00,789.8333384,656.500834,54.82162108,133.3372379,0.0
2019-04-27 16:00:00+00:00,797.3658602,670.9441835,60.50694792,126.37003320000008,0.0
2019-04-27 17:00:00+00:00,803.0032757,654.6820628,51.01066383,148.45035198300013,0.0
2019-04-27 18:00:00+00:00,821.9585521,697.8588817,53.53913325,124.37395111700005,0.0
2019-04-27 19:00:00+00:00,808.0956423,731.2329254,67.53054975,76.80795945,0.0
2019-04-27 20:00:00+00:00,737.6937561,767.0523681,105.0559773,0.0,29.285635320000097
2019-04-27 21:00:00+00:00,679.1021779,758.6443126,122.1408913,0.0,79.53643219999998
2019-04-27 22:00:00+00:00,635.8280589,773.4629059,142.8613323,0.0,137.71305184999994
2019-04-27 23:00:00+00:00,622.4870046,753.2232004,144.8526982,0.0,130.52635825
2019-04-28 00:00:00+00:00,603.1365815,742.7402598,143.2440373,0.0,139.88329829999992
2019-04-28 01:00:00+00:00,607.7471772,730.9763693,134.5600607,0.0,123.36915699999997
2019-04-28 02:00:00+00:00,588.607539,729.9239196,132.9273553,0.0,141.13557291999996
2019-04-28 03:00:00+00:00,604.548706,738.5393421,136.4660866,0.0,133.8897918
2019-04-28 04:00:00+00:00,647.8819785,740.3356273,139.4379385,0.0,92.45145790000004
2019-04-28 05:00:00+00:00,707.4702301,732.8243917,125.8940249,0.0,25.29189070000001
2019-04-28 06:00:00+00:00,746.6159262,731.9349823,116.5644565,14.854844379999975,0.0
2019-04-28 07:00:00+00:00,761.3088784,739.486786,104.9605113,21.772978470000055,0.0
2019-04-28 08:00:00+00:00,774.8140362,744.9340669,103.231903,29.87433525,0.0
2019-04-28 09:00:00+00:00,759.4898732,750.3199513,113.2067142,8.937547419999987,0.0
2019-04-28 10:00:00+00:00,744.4273275,753.4240721,120.1418648,0.0,9.188521320000007
2019-04-28 11:00:00+00:00,730.8790486,745.7660319,117.6997728,0.0,14.586483670000064
2019-04-28 12:00:00+00:00,725.0943043,739.6927898,120.4277806,0.0,14.43918911999998
2019-04-28 13:00:00+00:00,745.615397,755.1781058,119.6212827,0.0,9.517638299999987
2019-04-28 14:00:00+00:00,772.026123,741.6249949,110.3373914,30.472367570000017,0.0
2019-04-28 15:00:00+00:00,792.457723,729.168218,104.3248743,63.326928519999996,0.0
2019-04-28 16:00:00+00:00,803.7048951,720.4825084,105.5390978,83.15817499999997,0.0
2019-04-28 17:00:00+00:00,807.8254089,713.5972035,94.91374592,94.41898859999998,0.0
2019-04-28 18:00:00+00:00,850.7289428,693.9143116,84.98465458,156.71934929999998,0.0
2019-04-28 19:00:00+00:00,830.2687123,702.9745687,83.10078867,127.29854419999998,0.0
2019-04-28 20:00:00+00:00,766.8061167,691.5735933,83.811211,75.40179720000003,0.0
2019-04-28 21:00:00+00:00,701.0735017,676.0840606,77.22718142,24.948481779999952,0.0
2019-04-28 22:00:00+00:00,669.0557148,666.9769186,73.44215525,1.966425769999944,0.0
2019-04-28 23:00:00+00:00,654.0422669,665.7925516,71.91152617,0.0,11.703545899999995
2019-04-29 00:00:00+00:00,652.1077322,659.4977113,68.23701008,0.0,7.535788100000019
2019-04-29 01:00:00+00:00,665.7279001,647.1419881,60.90189667,18.392268100000024,0.0
2019-04-29 02:00:00+00:00,677.6599733,638.8034618,52.18155375,38.73745640000001,0.0
2019-04-29 03:00:00+00:00,785.2314451,637.5344441,44.75400358,147.76167936999997,0.0
2019-04-29 04:00:00+00:00,924.6341858,647.4863027,27.80940533,277.1651444,0.0
2019-04-29 05:00:00+00:00,1017.499425,659.2729136,9.458510167,358.21396759999993,0.0
2019-04-29 06:00:00+00:00,1037.07136,667.4944558,2.876811917,369.66005909999996,0.0
2019-04-29 07:00:00+00:00,1018.089076,675.0590616,1.816046,343.00179610000004,0.0
2019-04-29 08:00:00+00:00,1006.069361,661.7420503,4.787362,344.40133400000013,0.0
2019-04-29 09:00:00+00:00,977.0237987,649.0708822,5.83285775,327.9128235999999,0.0
2019-04-29 10:00:00+00:00,991.1808066,666.4966482,16.14921542,324.6797073,0.0
2019-04-29 11:00:00+00:00,975.4731803,658.1596223,29.92863792,317.5629134999999,0.0
2019-04-29 12:00:00+00:00,964.0069987,665.8819071,42.63118658,298.13473789999995,0.0
2019-04-29 13:00:00+00:00,940.8560841,671.9651236,48.5480945,268.88049749999993,0.0
2019-04-29 14:00:00+00:00,921.9148661,669.6462603,51.75485767,252.2796138,0.0
2019-04-29 15:00:00+00:00,918.533778,664.3426566,51.347657,254.1891187,0.0
2019-04-29 16:00:00+00:00,908.2177379,653.0342355,37.60379533,255.1528257999999,0.0
2019-04-29 17:00:00+00:00,902.826472,661.6041615,34.87201042,241.20176330000004,0.0
2019-04-29 18:00:00+00:00,914.0861103,685.2808431,51.5824995,228.72886369999998,0.0
2019-04-29 19:00:00+00:00,888.122823,683.3390198,52.58133967,204.77448619999996,0.0
2019-04-29 20:00:00+00:00,801.0824993,652.8061573,54.943306,148.28222659999994,0.0
2019-04-29 21:00:00+00:00,744.0871583,649.3762715,53.54510642,94.45469727,0.0
2019-04-29 22:00:00+00:00,703.6296948,651.5516358,49.32624517,51.995508099999995,0.0
2019-04-29 23:00:00+00:00,690.6542764,651.4107615,46.15864725,39.21555590000003,0.0
2019-04-30 00:00:00+00:00,685.3550618,646.9641978,43.47093625,38.37876320000004,0.0
2019-04-30 01:00:00+00:00,691.687317,645.0952404,45.74720608,46.67810259999999,0.0
2019-04-30 02:00:00+00:00,698.462331,637.9853516,37.25175883,60.33003120000001,0.0
2019-04-30 03:00:00+00:00,804.2248484,625.7755128,21.17337483,178.53355879999998,0.0
2019-04-30 04:00:00+00:00,936.7855378,636.0916901,13.83081692,300.80876699999993,0.0
2019-04-30 05:00:00+00:00,1026.741191,672.744512,4.3876315,353.98681209999995,0.0
2019-04-30 06:00:00+00:00,1051.575846,677.9173126,1.332401833,373.75462519999996,0.0
2019-04-30 07:00:00+00:00,1030.495646,680.8612416,0.015182417,349.70702969999996,0.0
2019-04-30 08:00:00+00:00,1010.22935,683.1845703,-1.176531083,327.05245,0.0
2019-04-30 09:00:00+00:00,979.6792501,686.8727925,0.630090167,292.8024855000001,0.0
2019-04-30 10:00:00+00:00,989.1630098,690.6871948,4.071317833,298.4629363000001,0.0
2019-04-30 11:00:00+00:00,969.1619416,692.1544954,6.201588833,277.0119488000001,0.0
2019-04-30 12:00:00+00:00,956.3867696,702.1579742,13.18925975,254.2419739999999,0.0
2019-04-30 13:00:00+00:00,936.4885408,705.4326018,18.67826217,231.08807000000007,0.0
2019-04-30 14:00:00+00:00,913.7076264,699.3977356,16.96098867,214.31221700000003,0.0
2019-04-30 15:00:00+00:00,903.6884103,695.0457254,21.2528385,208.63204059999998,0.0
2019-04-30 16:00:00+00:00,895.0698649,671.9448292,16.704021,223.13163959999997,0.0
2019-04-30 17:00:00+00:00,883.3637136,680.2134958,15.96166925,203.15724220000004,0.0
2019-04-30 18:00:00+00:00,884.4468587,680.5226948,14.83128342,203.93383090000003,0.0
2019-04-30 19:00:00+00:00,868.3660126,684.728892,19.733539,183.62456250000002,0.0
2019-04-30 20:00:00+00:00,787.4577585,650.6777903,20.59324775,136.75878289999991,0.0
2019-04-30 21:00:00+00:00,731.7759248,625.2554118,16.50805308,106.5197475,0.0
2019-04-30 22:00:00+00:00,695.9024098,631.7807364,24.4413405,64.24236009999993,0.0
2019-04-30 23:00:00+00:00,680.9952393,621.7241008,33.275617,59.2990119829999,0.0
2019-05-01 00:00:00+00:00,671.7251536,624.4722443,36.79811675,47.27974434999999,0.0
2019-05-01 01:00:00+00:00,671.3619944,618.3681233,34.99460283,52.91855910000004,0.0
2019-05-01 02:00:00+00:00,653.3482106,617.0115356,34.18152283,36.293670099999986,0.0
2019-05-01 03:00:00+00:00,680.4433543,617.404307,26.52888408,63.05878574999997,0.0
2019-05-01 04:00:00+00:00,736.723531,609.7685393,14.86060408,126.92797229999985,0.0
2019-05-01 05:00:00+00:00,797.9927877,620.7240398,4.971197417,177.33270430000005,0.0
2019-05-01 06:00:00+00:00,836.6259563,630.5290324,0.694331167,206.1853308200001,0.0
2019-05-01 07:00:00+00:00,840.218165,629.6157329,-0.130178,210.61393613300004,0.0
2019-05-01 08:00:00+00:00,831.2268065,641.4448089,7.280528833,189.78755,0.0
2019-05-01 09:00:00+00:00,810.6536254,650.1638489,16.81042108,160.54528868,0.0
2019-05-01 10:00:00+00:00,809.0699616,661.8554788,24.34196825,147.23141177000002,0.0
2019-05-01 11:00:00+00:00,799.9010978,665.9387462,34.8879535,133.588211,0.0
2019-05-01 12:00:00+00:00,790.9675598,674.5848337,48.28890817,116.43415389999996,0.0
2019-05-01 13:00:00+00:00,786.1326548,675.4035237,53.24557758,110.60988020000002,0.0
2019-05-01 14:00:00+00:00,799.6899568,670.7140097,49.5576745,129.1215570999999,0.0
2019-05-01 15:00:00+00:00,812.4587097,666.4292348,43.3962185,146.07572219999997,0.0
2019-05-01 16:00:00+00:00,822.4842019,682.2971445,59.56331117,140.22440691999998,0.0
2019-05-01 17:00:00+00:00,831.4210663,670.3418273,66.32432867,161.2142177300001,0.0
2019-05-01 18:00:00+00:00,847.4703369,674.6004893,62.27711967,172.88219530000003,0.0
2019-05-01 19:00:00+00:00,814.648585,691.9711203,77.51321667,122.70223839999994,0.0
2019-05-01 20:00:00+00:00,735.8685149,710.384435,98.11631792,25.28972440000001,0.0
2019-05-01 21:00:00+00:00,692.4720153,668.8652699,60.59114025,23.64397370000006,0.0
2019-05-01 22:00:00+00:00,657.6878764,645.1446483,40.90162175,12.294195000000002,0.0
2019-05-01 23:00:00+00:00,647.4046376,649.0892587,43.324842,0.0,1.7894511799999577
2019-05-02 00:00:00+00:00,630.2610829,624.5057525,28.47560183,5.790409969999985,0.0
2019-05-02 01:00:00+00:00,639.7805127,613.2223103,19.83465042,26.513814380000014,0.0
2019-05-02 02:00:00+00:00,653.1972096,614.8385469,15.10605,38.66657549999999,0.0
2019-05-02 03:00:00+00:00,760.943624,609.4470826,11.55190625,151.53066800000005,0.0
2019-05-02 04:00:00+00:00,907.729477,602.5300903,8.285216333,305.20537112000005,0.0
2019-05-02 05:00:00+00:00,1028.342483,602.6690928,5.695473,425.6346412999999,0.0
2019-05-02 06:00:00+00:00,1083.056712,612.456426,4.484584917,470.5383239999999,0.0
2019-05-02 07:00:00+00:00,1083.192902,612.3748118,4.131422917,470.6138478,0.0
2019-05-02 08:00:00+00:00,1089.064484,623.5549215,8.37528575,465.39430919999995,0.0
2019-05-02 09:00:00+00:00,1072.016419,627.6179047,8.717921833,444.5056026,0.0
2019-05-02 10:00:00+00:00,1089.424733,625.2472332,12.28928383,464.35523580000006,0.0
2019-05-02 11:00:00+00:00,1079.498586,679.5756989,30.18721167,400.09017289999986,0.0
2019-05-02 12:00:00+00:00,1076.594839,686.9750009,46.05872358,389.7393241799999,0.0
2019-05-02 13:00:00+00:00,1052.973307,713.5289612,65.567648,339.4200941800001,0.0
2019-05-02 14:00:00+00:00,1027.195612,731.946935,64.3681505,295.2234300299999,0.0
2019-05-02 15:00:00+00:00,1007.217041,755.1717986,89.70024092,251.9413581299999,0.0
2019-05-02 16:00:00+00:00,982.9490663,765.6408438,107.7845633,217.32851025000002,0.0
2019-05-02 17:00:00+00:00,964.9688773,781.333018,146.7388995,183.59713681699998,0.0
2019-05-02 18:00:00+00:00,956.0715993,761.3024343,150.6821468,194.92094887999997,0.0
2019-05-02 19:00:00+00:00,897.3390606,756.5411224,161.9574358,140.91989958,0.0
2019-05-02 20:00:00+00:00,803.3384044,754.9080253,158.6353583,48.42879707999998,0.0
2019-05-02 21:00:00+00:00,750.2732391,715.5889739,124.7788464,34.721450799999985,0.0
2019-05-02 22:00:00+00:00,728.3828227,698.2577259,89.15784933,30.29395766999997,0.0
2019-05-02 23:00:00+00:00,703.292755,684.648122,73.4153385,18.519879169999996,0.0
2019-05-03 00:00:00+00:00,706.2865957,719.6406605,83.01442367,0.0,13.45514922999996
2019-05-03 01:00:00+00:00,693.4197032,717.603714,99.48971667,0.0,24.251400569999987
2019-05-03 02:00:00+00:00,704.0589092,720.8034973,107.5756208,0.0,16.740421679999997
2019-05-03 03:00:00+00:00,802.398229,720.3707377,119.2590683,82.02263256999998,0.0
2019-05-03 04:00:00+00:00,949.3083396,717.0185446,123.4137123,232.37498472,0.0
2019-05-03 05:00:00+00:00,1058.722789,754.6236725,145.1768411,304.1246717000001,0.0
2019-05-03 06:00:00+00:00,1108.691935,764.7677563,144.0174122,344.01902989999996,0.0
2019-05-03 07:00:00+00:00,1103.325592,739.4643606,140.2424541,364.11440749999997,0.0
2019-05-03 08:00:00+00:00,1091.314677,724.9575043,118.1320829,366.48890200000005,0.0
2019-05-03 09:00:00+00:00,1053.994303,782.2023976,139.8618789,272.10862944999997,0.0
2019-05-03 10:00:00+00:00,1053.465403,739.9956157,155.7746833,313.48620662999997,0.0
2019-05-03 11:00:00+00:00,1029.949773,739.555074,156.2697294,290.32369415,0.0
2019-05-03 12:00:00+00:00,1017.373749,736.0677796,143.8677963,281.26063760000005,0.0
2019-05-03 13:00:00+00:00,990.9435883,716.6560312,132.7016908,274.22799585,0.0
2019-05-03 14:00:00+00:00,975.8240864,713.9328715,127.7558967,261.91949459999995,0.0
2019-05-03 15:00:00+00:00,971.2711843,696.5905303,115.7826113,274.76637999999997,0.0
2019-05-03 16:00:00+00:00,958.6413473,681.6604106,105.7386001,276.9865607,0.0
2019-05-03 17:00:00+00:00,941.4793955,687.7153523,91.67567842,253.90010570000004,0.0
2019-05-03 18:00:00+00:00,923.914673,654.4769288,85.85787908,269.23433799999987,0.0
2019-05-03 19:00:00+00:00,904.5752868,640.7500356,77.6014155,263.9500855,0.0
2019-05-03 20:00:00+00:00,824.4379984,650.8937326,77.3014085,173.4302609,0.0
2019-05-03 21:00:00+00:00,779.0357818,652.4451956,64.13122958,126.61288980000006,0.0
2019-05-03 22:00:00+00:00,737.3803152,632.1809338,52.40267025,105.16306739999999,0.0
2019-05-03 23:00:00+00:00,719.2417755,611.9297791,40.30811942,107.30731159999999,0.0
2019-05-04 00:00:00+00:00,710.186142,611.4891103,28.77516858,98.69193511699999,0.0
2019-05-04 01:00:00+00:00,710.4454957,613.9160868,32.50111408,96.43628681999999,0.0
2019-05-04 02:00:00+00:00,691.9326934,612.7525126,30.31897783,79.19207566999998,0.0
2019-05-04 03:00:00+00:00,712.5685729,583.8375498,32.18542267,128.9479785,0.0
2019-05-04 04:00:00+00:00,755.215983,585.6180317,23.19450808,169.6531885,0.0
2019-05-04 05:00:00+00:00,807.5095163,606.0456593,26.53614333,201.5371668200001,0.0
2019-05-04 06:00:00+00:00,855.2951762,634.8077239,53.25378025,220.7015939999999,0.0
2019-05-04 07:00:00+00:00,871.9633128,661.5671183,54.66258067,210.50062160000004,0.0
2019-05-04 08:00:00+00:00,874.272166,680.7381389,57.35156575,193.63156249999997,0.0
2019-05-04 09:00:00+00:00,873.0679474,697.6393738,64.99104125,175.24137409999997,0.0
2019-05-04 10:00:00+00:00,862.0101216,704.1578826,76.54637958,158.03006819999996,0.0
2019-05-04 11:00:00+00:00,847.450353,689.5106049,70.36272192,157.7370965,0.0
2019-05-04 12:00:00+00:00,842.97907,652.916865,52.17574808,190.20504170000004,0.0
2019-05-04 13:00:00+00:00,858.5765178,624.9399314,53.14683783,233.59104627,0.0
2019-05-04 14:00:00+00:00,877.5561319,639.0293833,62.55283867,238.33759230000004,0.0
2019-05-04 15:00:00+00:00,877.1864064,672.8865764,72.22458708,204.3887701,0.0
2019-05-04 16:00:00+00:00,879.525126,617.5688018,50.72677858,262.3554176299999,0.0
2019-05-04 17:00:00+00:00,859.7367044,625.7545318,53.92624108,234.09184618000006,0.0
2019-05-04 18:00:00+00:00,856.4717254,650.3863933,61.16442383,206.10877369999992,0.0
2019-05-04 19:00:00+00:00,853.2517142,634.6144664,64.91361375,218.59136811999997,0.0
2019-05-04 20:00:00+00:00,795.9977062,617.2563322,53.993797,178.76321069999995,0.0
2019-05-04 21:00:00+00:00,738.5753481,611.6578523,54.42154092,126.96906232999993,0.0
2019-05-04 22:00:00+00:00,696.7669271,622.8329112,54.76407325,73.90899870000001,0.0
2019-05-04 23:00:00+00:00,679.4261984,608.7241923,49.81903325,70.64572634999999,0.0
2019-05-05 00:00:00+00:00,673.3468271,589.6988373,38.30096825,83.66332179999998,0.0
2019-05-05 01:00:00+00:00,672.3607025,582.1719361,32.648362,90.08234779999998,0.0
2019-05-05 02:00:00+00:00,657.1908008,572.4186351,22.74344808,84.85811272999999,0.0
2019-05-05 03:00:00+00:00,670.6251016,575.1332653,22.57452183,95.47647243,0.0
2019-05-05 04:00:00+00:00,699.3490246,565.0891419,11.59552,134.13265671999997,0.0
2019-05-05 05:00:00+00:00,754.8724772,581.6406605,6.70099625,173.00435729999998,0.0
2019-05-05 06:00:00+00:00,801.5253297,593.399999,6.298410833,208.27606738000003,0.0
2019-05-05 07:00:00+00:00,820.4053599,570.1043702,8.63405325,250.30009993,0.0
2019-05-05 08:00:00+00:00,822.703425,582.2972413,8.824151667,240.56145943299998,0.0
2019-05-05 09:00:00+00:00,818.2301941,587.868042,12.3541445,230.40955333000005,0.0
2019-05-05 10:00:00+00:00,815.4519757,612.0212301,17.10380058,203.65033876999996,0.0
2019-05-05 11:00:00+00:00,808.7482655,612.4013418,21.04089567,196.31632472999996,0.0
2019-05-05 12:00:00+00:00,800.9053904,610.4526927,23.73028875,190.39572492999991,0.0
2019-05-05 13:00:00+00:00,805.2984414,613.2102,26.07814508,192.09006787000004,0.0
2019-05-05 14:00:00+00:00,815.7158609,607.9454041,23.761546,207.7227009,0.0
2019-05-05 15:00:00+00:00,827.5353446,601.7524413,18.928389,226.04277368000004,0.0
2019-05-05 16:00:00+00:00,819.4285482,601.4311167,15.0489905,218.24950029999997,0.0
2019-05-05 17:00:00+00:00,825.0716298,623.1537425,11.58996983,201.84532330000002,0.0
2019-05-05 18:00:00+00:00,841.9291738,678.0738118,12.09879858,164.07928562000012,0.0
2019-05-05 19:00:00+00:00,850.7077434,724.899231,20.44976658,126.07564882999998,0.0
2019-05-05 20:00:00+00:00,783.3054759,759.016973,17.75226958,24.23035440000001,0.0
2019-05-05 21:00:00+00:00,727.4262136,666.7922008,20.615522,60.814144800000065,0.0
2019-05-05 22:00:00+00:00,702.3940278,658.7247518,22.33974142,43.67951403000001,0.0
2019-05-05 23:00:00+00:00,689.8263803,655.1909637,23.79425242,34.57809919999997,0.0
2019-05-06 00:00:00+00:00,688.0638785,664.5717977,29.70441375,23.41226210000002,0.0
2019-05-06 01:00:00+00:00,690.6502788,666.5604046,37.12301375,24.274102499999998,0.0
2019-05-06 02:00:00+00:00,692.3888296,674.0523122,43.72947342,18.442935750000004,0.0
2019-05-06 03:00:00+00:00,789.7828827,718.9327342,57.55425292,71.03168825000003,0.0
2019-05-06 04:00:00+00:00,911.9084473,748.3331909,46.7800565,163.53765937999998,0.0
2019-05-06 05:00:00+00:00,986.0746816,743.3236439,39.82280242,243.00917180000002,0.0
2019-05-06 06:00:00+00:00,1027.609573,770.2362671,51.57930475,257.63898298000004,0.0
2019-05-06 07:00:00+00:00,1009.769602,795.418396,62.22393458,214.49480112000003,0.0
2019-05-06 08:00:00+00:00,999.2429962,793.5318603,60.06207983,206.03373933,0.0
2019-05-06 09:00:00+00:00,979.0516918,793.8915049,61.35093917,185.51876299999995,0.0
2019-05-06 10:00:00+00:00,995.4284518,787.7115937,61.336571,207.97385930000007,0.0
2019-05-06 11:00:00+00:00,976.208725,774.4386443,51.83978383,202.10812029999994,0.0
2019-05-06 12:00:00+00:00,968.6977895,736.0521546,37.76820283,232.49294435000002,0.0
2019-05-06 13:00:00+00:00,941.1579028,722.1094514,27.83876975,219.16977589999993,0.0
2019-05-06 14:00:00+00:00,917.9433238,726.1199342,35.43207858,191.85787390000002,0.0
2019-05-06 15:00:00+00:00,923.0094503,722.9577484,31.190325,200.14978600000006,0.0
2019-05-06 16:00:00+00:00,908.8897198,732.8900198,29.62838992,175.8556827,0.0
2019-05-06 17:00:00+00:00,901.8754475,731.6881663,27.04623925,170.2433327000001,0.0
2019-05-06 18:00:00+00:00,895.5524241,712.5437215,29.970211,182.92699850000008,0.0
2019-05-06 19:00:00+00:00,891.7579243,742.5096893,31.06654983,149.34085034999987,0.0
2019-05-06 20:00:00+00:00,798.333725,747.499293,29.9895845,50.84372468000004,0.0
2019-05-06 21:00:00+00:00,719.4680686,744.601237,29.87419258,0.0,25.088722599999983
2019-05-06 22:00:00+00:00,688.8920898,747.9376831,29.5056845,0.0,58.91389153
2019-05-06 23:00:00+00:00,656.9408315,711.166158,19.3995275,0.0,54.18679033000001
2019-05-07 00:00:00+00:00,646.919988,707.3161824,12.29406992,0.0,60.590946050000014
2019-05-07 01:00:00+00:00,654.6921489,701.9497325,9.94261275,0.0,47.26683882999998
2019-05-07 02:00:00+00:00,659.6679893,720.8489429,9.48462225,0.0,61.30518069999994
2019-05-07 03:00:00+00:00,776.9523417,785.8639223,9.561477917,0.0,9.042363529999989
2019-05-07 04:00:00+00:00,913.1981607,789.5371807,8.050284083,123.75269749999995,0.0
2019-05-07 05:00:00+00:00,1019.816605,890.3920136,13.78097058,129.4455522,0.0
2019-05-07 06:00:00+00:00,1052.684082,1008.747615,14.21591475,43.9937453,0.0
2019-05-07 07:00:00+00:00,1038.023448,737.9112752,8.351382,300.26001610000003,0.0
2019-05-07 08:00:00+00:00,1013.953827,634.3856098,12.5643475,379.6372859,0.0
2019-05-07 09:00:00+00:00,982.016215,669.4605458,21.37111775,312.56009689999996,0.0
2019-05-07 10:00:00+00:00,1008.03686,786.8249563,21.2623355,221.21330039999998,0.0
2019-05-07 11:00:00+00:00,1000.442113,771.3994242,21.72038208,229.03573240000014,0.0
2019-05-07 12:00:00+00:00,992.0493825,793.7244671,34.79429933,198.32478136999998,0.0
2019-05-07 13:00:00+00:00,959.4731853,804.9873198,62.65378692,154.48656076700001,0.0
2019-05-07 14:00:00+00:00,933.0981801,791.351298,57.47463908,141.94437732000006,0.0
2019-05-07 15:00:00+00:00,941.1095683,808.2862905,71.41865092,133.17357199999992,0.0
2019-05-07 16:00:00+00:00,927.54069,811.6373749,64.89169883,116.17128309999998,0.0
2019-05-07 17:00:00+00:00,918.4755452,823.2428385,72.33773658,95.29489349999994,0.0
2019-05-07 18:00:00+00:00,917.9066619,801.7167919,55.19387567,116.2949314299999,0.0
2019-05-07 19:00:00+00:00,904.2378593,801.1004944,59.64019308,103.12848699999995,0.0
2019-05-07 20:00:00+00:00,812.9399363,812.5302937,71.79620333,0.3913949999999886,0.0
2019-05-07 21:00:00+00:00,741.993703,815.1354778,76.949802,0.0,73.09013920000001
2019-05-07 22:00:00+00:00,713.9820303,822.141215,82.98881967,0.0,108.1652497
2019-05-07 23:00:00+00:00,698.1944631,822.0214132,87.42223992,0.0,123.94566120000002
2019-05-08 00:00:00+00:00,696.9503834,789.38562,91.47196167,0.0,92.64708732999998
2019-05-08 01:00:00+00:00,695.411494,812.6682536,84.71905608,0.0,117.25981804999998
2019-05-08 02:00:00+00:00,700.071457,823.0515033,87.90407183,0.0,122.98858145000003
2019-05-08 03:00:00+00:00,793.4087168,806.0726115,71.3401235,0.0,12.656219699999951
2019-05-08 04:00:00+00:00,904.5432993,784.9580892,50.63867233,119.66299149999992,0.0
2019-05-08 05:00:00+00:00,1002.701141,815.7642874,47.55628675,186.92968840000003,0.0
2019-05-08 06:00:00+00:00,1030.997198,930.4320678,40.0879885,100.56450180000002,0.0
2019-05-08 07:00:00+00:00,1024.936579,828.3083649,41.8312065,196.64350790000003,0.0
2019-05-08 08:00:00+00:00,1009.670619,895.7652334,53.409359,113.9189300999999,0.0
2019-05-08 09:00:00+00:00,980.0519511,888.4311473,63.3443275,91.63846190000004,0.0
2019-05-08 10:00:00+00:00,977.8395182,819.4419658,56.61511658,158.40379210000003,0.0
2019-05-08 11:00:00+00:00,976.2243042,825.0340985,58.22974608,151.19674739999994,0.0
2019-05-08 12:00:00+00:00,1002.56839,827.3571065,43.06488058,175.20997770000008,0.0
2019-05-08 13:00:00+00:00,981.1904703,795.7593943,41.195438,185.4377539499999,0.0
2019-05-08 14:00:00+00:00,950.5053762,791.7151286,35.16642175,158.79529732999993,0.0
2019-05-08 15:00:00+00:00,939.0059102,795.5643208,25.96797258,143.4490535,0.0
2019-05-08 16:00:00+00:00,932.500168,779.5383708,13.76973758,152.96139620000008,0.0
2019-05-08 17:00:00+00:00,925.7503611,775.6437529,8.964399833,150.09736090000013,0.0
2019-05-08 18:00:00+00:00,929.1920928,768.5458069,8.449859667,160.66609470000003,0.0
2019-05-08 19:00:00+00:00,924.4314983,764.7457378,7.887913,159.58129172999998,0.0
2019-05-08 20:00:00+00:00,833.6291911,709.9336548,8.365521417,123.65462240000005,0.0
2019-05-08 21:00:00+00:00,770.6196138,715.6028544,11.23282533,55.130369400000006,0.0
2019-05-08 22:00:00+00:00,738.4757894,714.8506827,12.68322958,23.634506429999988,0.0
2019-05-08 23:00:00+00:00,726.4778086,716.6144817,14.76200975,9.994772767,0.0
2019-05-09 00:00:00+00:00,716.1358388,726.4179383,25.19994125,0.0,10.520738380000012
2019-05-09 01:00:00+00:00,714.8915711,756.0583446,50.13770717,0.0,41.165529417
2019-05-09 02:00:00+00:00,717.426585,802.7384388,85.13259983,0.0,85.20949497999999
2019-05-09 03:00:00+00:00,803.2692871,809.6299492,98.64519925,0.0,6.365988467000022
2019-05-09 04:00:00+00:00,933.3072357,831.6052755,72.52021533,101.74046879999997,0.0
2019-05-09 05:00:00+00:00,1013.343953,816.5809784,41.20657567,196.8431776,0.0
2019-05-09 06:00:00+00:00,1020.173025,821.7265522,36.28761808,198.43365640000007,0.0
2019-05-09 07:00:00+00:00,989.5420431,813.4211731,45.35539017,176.11374819999986,0.0
2019-05-09 08:00:00+00:00,984.7680717,814.8375092,62.55550133,169.93577840000006,0.0
2019-05-09 09:00:00+00:00,961.7711283,789.5545757,57.01225833,172.2656666000001,0.0
2019-05-09 10:00:00+00:00,978.5868886,815.5932363,58.607904,163.03444729999995,0.0
2019-05-09 11:00:00+00:00,956.3619384,838.6074218,87.26095608,117.78050560000003,0.0
2019-05-09 12:00:00+00:00,945.1615092,855.2993317,110.4110868,89.8547658999999,0.0
2019-05-09 13:00:00+00:00,920.6615041,870.8942923,129.5507923,49.70290669999997,0.0
2019-05-09 14:00:00+00:00,905.1810049,893.2602896,137.2884983,11.924984000000052,0.0
2019-05-09 15:00:00+00:00,903.2713979,905.8548787,138.2989433,0.0,2.5084763000000407
2019-05-09 16:00:00+00:00,894.2846171,896.3178455,130.3567383,0.0,2.0787405999999464
2019-05-09 17:00:00+00:00,889.572291,862.3398946,110.5750611,27.1442184,0.0
2019-05-09 18:00:00+00:00,886.7454224,850.4443512,104.2273842,36.34533399999998,0.0
2019-05-09 19:00:00+00:00,885.7441711,870.7839508,111.460071,14.68260620000001,0.0
2019-05-09 20:00:00+00:00,787.8691814,878.3097178,116.3465978,0.0,90.52471183
2019-05-09 21:00:00+00:00,726.5622762,820.8705445,117.4568314,0.0,94.20697359999997
2019-05-09 22:00:00+00:00,694.5212453,795.0295714,96.966271,0.0,100.45431449999998
2019-05-09 23:00:00+00:00,682.6402792,794.2232718,92.40502567,0.0,111.48216545
2019-05-10 00:00:00+00:00,669.3497823,785.3436688,91.61892883,0.0,116.04244839999998
2019-05-10 01:00:00+00:00,670.6585084,752.3097382,64.02968342,0.0,81.71746689999998
2019-05-10 02:00:00+00:00,672.9687958,746.0312298,54.67129992,0.0,73.07032780000003
2019-05-10 03:00:00+00:00,778.8096568,737.9042563,47.34589583,40.828931599999976,0.0
2019-05-10 04:00:00+00:00,919.2516328,780.7476858,26.4822425,138.51271033,0.0
2019-05-10 05:00:00+00:00,1019.657456,778.2540995,14.89093308,241.41230399999995,0.0
2019-05-10 06:00:00+00:00,1087.263855,776.5956522,8.242119083,310.67671540000003,0.0
2019-05-10 07:00:00+00:00,1087.96462,777.0890505,7.017676833,310.88893640000003,0.0
2019-05-10 08:00:00+00:00,1087.381633,823.402842,6.610244833,264.0037063,0.0
2019-05-10 09:00:00+00:00,1075.897258,782.670573,10.43663608,293.2129824,0.0
2019-05-10 10:00:00+00:00,1098.350881,768.3294118,10.31237717,330.0209165,0.0
2019-05-10 11:00:00+00:00,1078.358815,770.4497478,11.444673,307.91901820000004,0.0
2019-05-10 12:00:00+00:00,1061.007192,773.8264873,14.78984142,287.18317849999994,0.0
2019-05-10 13:00:00+00:00,1033.443507,776.2633973,15.90450117,257.1993597999999,0.0
2019-05-10 14:00:00+00:00,1017.056071,776.3957978,14.21499625,240.65351100000004,0.0
2019-05-10 15:00:00+00:00,1000.137197,768.6708883,8.343556417,231.4647271,0.0
2019-05-10 16:00:00+00:00,982.1048583,769.5318656,9.533772583,212.65346709999994,0.0
2019-05-10 17:00:00+00:00,959.5400645,773.9379068,16.67678283,185.60855000000004,0.0
2019-05-10 18:00:00+00:00,933.1285349,784.3213958,32.1927435,148.8681588999999,0.0
2019-05-10 19:00:00+00:00,896.0243937,793.7649537,42.26668833,102.23556139999994,0.0
2019-05-10 20:00:00+00:00,810.1256866,778.5962779,36.75895142,31.494063129999972,0.0
2019-05-10 21:00:00+00:00,756.3950246,784.9796854,33.32825175,0.0,28.584440299999983
2019-05-10 22:00:00+00:00,718.5202078,762.8649342,18.65672525,0.0,44.34845283300001
2019-05-10 23:00:00+00:00,688.9954071,718.8595989,13.15727525,0.0,29.91922502
2019-05-11 00:00:00+00:00,677.7037863,718.3437755,13.9837355,0.0,40.601097099999976
2019-05-11 01:00:00+00:00,667.7374675,717.2347566,13.23762975,0.0,49.47250047
2019-05-11 02:00:00+00:00,641.3761139,710.8663482,7.39496125,0.0,69.27793720000003
2019-05-11 03:00:00+00:00,671.1762543,712.1480407,5.23910325,0.0,40.99791177999998
2019-05-11 04:00:00+00:00,722.2231192,705.6327464,4.508737583,16.854507066999986,0.0
2019-05-11 05:00:00+00:00,800.070282,711.1868032,4.333114833,88.89095730000003,0.0
2019-05-11 06:00:00+00:00,864.6415965,746.6056367,6.309302833,118.25726192000002,0.0
2019-05-11 07:00:00+00:00,874.8258004,751.6773375,7.114303083,123.45030143299999,0.0
2019-05-11 08:00:00+00:00,887.4591828,766.0774028,8.198936333,121.58517410000002,0.0
2019-05-11 09:00:00+00:00,876.6617482,773.4091948,15.70277608,103.39943130000006,0.0
2019-05-11 10:00:00+00:00,877.7267863,786.9091287,29.28941458,90.88206740000001,0.0
2019-05-11 11:00:00+00:00,879.7262063,753.1580202,31.27120142,126.64782660000003,0.0
2019-05-11 12:00:00+00:00,874.3416443,761.9695333,46.87174808,112.38234369,0.0
2019-05-11 13:00:00+00:00,886.9410094,788.6390483,72.46267542,98.52611741699998,0.0
2019-05-11 14:00:00+00:00,889.8041433,756.7640228,68.71940042,133.29008229999997,0.0
2019-05-11 15:00:00+00:00,889.6902822,779.3807426,87.22249717,110.58343912999999,0.0
2019-05-11 16:00:00+00:00,875.9660848,780.4660137,89.09972225,95.56932129999998,0.0
2019-05-11 17:00:00+00:00,856.2269948,772.2790782,86.84394733,84.05475604999998,0.0
2019-05-11 18:00:00+00:00,823.6110382,779.5878603,92.79917075,43.86858650000002,0.0
2019-05-11 19:00:00+00:00,808.227656,757.6652171,75.92944458,50.656581149999994,0.0
2019-05-11 20:00:00+00:00,740.8228505,755.8815103,80.90837575,0.0,15.04889701999997
2019-05-11 21:00:00+00:00,682.3885855,769.5774281,97.580215,0.0,87.1950292
2019-05-11 22:00:00+00:00,652.6069488,687.407791,79.63777692,0.0,34.911431230000005
2019-05-11 23:00:00+00:00,633.0403443,649.409785,65.04406592,0.0,16.4608068
2019-05-12 00:00:00+00:00,620.6384838,659.5954184,67.76781975,0.0,39.042193699999984
2019-05-12 01:00:00+00:00,603.9981333,640.648234,60.00017183,0.0,36.70616442
2019-05-12 02:00:00+00:00,579.2869568,638.7159984,53.56809708,0.0,59.4345685
2019-05-12 03:00:00+00:00,605.172582,645.2883301,56.74009983,0.0,40.07318170000002
2019-05-12 04:00:00+00:00,654.5870464,650.8510692,59.48635317,3.6679018000000383,0.0
2019-05-12 05:00:00+00:00,727.2607728,665.3503265,64.57463717,61.97304799999995,0.0
2019-05-12 06:00:00+00:00,784.1214194,659.1733654,61.18484408,125.21314780000006,0.0
2019-05-12 07:00:00+00:00,783.7716014,663.2504121,69.68072242,120.65170110000003,0.0
2019-05-12 08:00:00+00:00,776.9710643,657.2901967,59.10370642,119.62005150000005,0.0
2019-05-12 09:00:00+00:00,772.5510457,667.2685344,45.53805192,105.13605890000002,0.0
2019-05-12 10:00:00+00:00,762.2671,661.3116557,45.35323075,100.96528759999995,0.0
2019-05-12 11:00:00+00:00,759.5951893,659.0261282,45.970239,100.73879220000003,0.0
2019-05-12 12:00:00+00:00,750.3526458,648.8962098,43.64121333,101.66800469999998,0.0
2019-05-12 13:00:00+00:00,751.7641601,648.3890178,42.21881425,103.43570090000003,0.0
2019-05-12 14:00:00+00:00,761.7949117,626.5611623,27.7136845,135.43349370000004,0.0
2019-05-12 15:00:00+00:00,792.7877758,641.7285155,15.18760642,151.11582030000005,0.0
2019-05-12 16:00:00+00:00,808.3345694,639.6330261,12.07452692,168.9442899,0.0
2019-05-12 17:00:00+00:00,813.0751188,659.5628307,13.60730533,153.95518439999995,0.0
2019-05-12 18:00:00+00:00,833.225993,664.1816255,9.421198917,169.05820409999995,0.0
2019-05-12 19:00:00+00:00,839.2283072,661.6203768,7.741490417,177.6148323,0.0
2019-05-12 20:00:00+00:00,779.5547078,671.7479706,6.797520917,108.00126440000003,0.0
2019-05-12 21:00:00+00:00,723.1848348,686.1745858,6.935242833,37.09123100000005,0.0
2019-05-12 22:00:00+00:00,680.9367473,607.4043681,7.324156417,73.50775857,0.0
2019-05-12 23:00:00+00:00,662.0811514,596.4502309,7.09001675,65.62069632000001,0.0
2019-05-13 00:00:00+00:00,656.5916443,600.8885703,9.350348,56.011754429999996,0.0
2019-05-13 01:00:00+00:00,651.4943135,595.5711111,10.08693325,55.894561969999984,0.0
2019-05-13 02:00:00+00:00,651.020045,606.3473765,13.42716833,44.775792730000006,0.0
2019-05-13 03:00:00+00:00,769.3502198,694.7413738,14.04265633,74.5605572,0.0
2019-05-13 04:00:00+00:00,912.8356019,765.0515901,18.91514483,147.99458919999998,0.0
2019-05-13 05:00:00+00:00,1035.939214,775.7365112,19.42275675,260.32515888,0.0
2019-05-13 06:00:00+00:00,1087.138153,773.151113,22.10741175,314.11733083000007,0.0
2019-05-13 07:00:00+00:00,1072.060059,761.8351033,18.64959342,310.33959710000005,0.0
2019-05-13 08:00:00+00:00,1051.698232,754.1415557,21.71363975,297.62440265,0.0
2019-05-13 09:00:00+00:00,1031.221375,754.3768208,22.29192075,276.8240537,0.0
2019-05-13 10:00:00+00:00,1080.761963,771.1656698,26.59239175,309.57807622999997,0.0
2019-05-13 11:00:00+00:00,1081.253917,760.527827,28.17374375,320.6632210829999,0.0
2019-05-13 12:00:00+00:00,1081.900808,505.1650721,44.7155905,576.6858886299999,0.0
2019-05-13 13:00:00+00:00,1058.640625,500.6566799,51.13751458,558.03402155,0.0
2019-05-13 14:00:00+00:00,1039.216675,507.6797511,57.45180725,531.6580050499999,0.0
2019-05-13 15:00:00+00:00,1013.085414,561.2996419,68.69058533,451.66804119999995,0.0
2019-05-13 16:00:00+00:00,991.815806,569.120285,89.1983915,422.85305150000005,0.0
2019-05-13 17:00:00+00:00,968.543747,562.9664611,87.705634,405.61359360000006,0.0
2019-05-13 18:00:00+00:00,945.8752645,574.4051768,105.2442439,371.53819580000004,0.0
2019-05-13 19:00:00+00:00,916.5894468,562.0880941,96.71472717,354.49813109999997,0.0
2019-05-13 20:00:00+00:00,825.2155508,556.3521067,95.78066892,268.8631647800001,0.0
2019-05-13 21:00:00+00:00,757.6474407,566.6219583,107.4841751,190.83546379999996,0.0
2019-05-13 22:00:00+00:00,726.9328868,570.1373647,108.7787578,156.90725097999996,0.0
2019-05-13 23:00:00+00:00,714.6543884,595.1128796,105.3870052,119.40688270000004,0.0
2019-05-14 00:00:00+00:00,707.6844433,623.5524394,109.4079021,84.14775449999996,0.0
2019-05-14 01:00:00+00:00,703.9188638,604.9925334,89.6331795,98.8899745,0.0
2019-05-14 02:00:00+00:00,709.3672993,671.3473358,79.56915117,37.95187199999998,0.0
2019-05-14 03:00:00+00:00,822.5432892,692.0131175,70.86164042,130.46484383,0.0
2019-05-14 04:00:00+00:00,965.8147381,688.7169443,58.11334383,277.27278073,0.0
2019-05-14 05:00:00+00:00,1072.379237,687.0448405,47.74949358,385.43564821999996,0.0
2019-05-14 06:00:00+00:00,1108.456991,693.263743,48.42697667,415.14628521,0.0
2019-05-14 07:00:00+00:00,1100.900065,706.7106578,52.30222333,394.19661265,0.0
2019-05-14 08:00:00+00:00,1086.951518,730.4515585,64.62906275,356.45798525000004,0.0
2019-05-14 09:00:00+00:00,1041.860311,738.9091341,58.7538695,303.27815738000004,0.0
2019-05-14 10:00:00+00:00,1058.725657,738.6454162,48.13472575,320.1273309,0.0
2019-05-14 11:00:00+00:00,1033.837942,767.138499,51.34283342,266.99371360000004,0.0
2019-05-14 12:00:00+00:00,1034.211019,738.7837575,57.79319008,295.40092109999995,0.0
2019-05-14 13:00:00+00:00,994.9870095,708.5032043,66.88047617,286.49074269999994,0.0
2019-05-14 14:00:00+00:00,964.108958,695.7125243,76.616363,268.3244667,0.0
2019-05-14 15:00:00+00:00,954.6601105,687.4228058,70.64311967,267.1660703,0.0
2019-05-14 16:00:00+00:00,940.021866,721.7760977,60.24697908,218.3631011,0.0
2019-05-14 17:00:00+00:00,930.1678874,707.4385123,49.38235225,222.78827159999997,0.0
2019-05-14 18:00:00+00:00,921.5555215,729.8615468,50.85832375,191.72486142999998,0.0
2019-05-14 19:00:00+00:00,916.4895428,783.063268,67.32695183,133.60537296999996,0.0
2019-05-14 20:00:00+00:00,841.9511567,749.6957041,88.27245358,92.0237722,0.0
2019-05-14 21:00:00+00:00,777.9676056,756.6200612,92.455625,21.246611299999984,0.0
2019-05-14 22:00:00+00:00,740.0205638,704.6530661,99.47011767,35.30974810000001,0.0
2019-05-14 23:00:00+00:00,717.6670633,695.9727631,90.56624508,21.619594867000046,0.0
2019-05-15 00:00:00+00:00,709.996994,674.398463,66.058942,35.61917969999999,0.0
2019-05-15 01:00:00+00:00,696.9879404,659.2972513,52.69246225,37.81810453,0.0
2019-05-15 02:00:00+00:00,706.7130026,652.9562735,38.084303,54.03181059999997,0.0
2019-05-15 03:00:00+00:00,815.2811027,647.7422129,24.2593085,167.7177989,0.0
2019-05-15 04:00:00+00:00,934.2315063,640.9089203,15.03822375,293.36997610000003,0.0
2019-05-15 05:00:00+00:00,1015.342438,640.9064076,5.569096083,374.3770074,0.0
2019-05-15 06:00:00+00:00,1032.238536,643.0763753,1.852014167,389.4252636,0.0
2019-05-15 07:00:00+00:00,1018.349406,646.6941834,1.40660475,371.75060970000004,0.0
2019-05-15 08:00:00+00:00,1006.50766,641.9263253,5.992009167,364.6467296,0.0
2019-05-15 09:00:00+00:00,980.5133769,611.6334583,20.09378425,369.379238,0.0
2019-05-15 10:00:00+00:00,1004.990296,618.4617207,32.64545683,386.69511123,0.0
2019-05-15 11:00:00+00:00,989.8034922,636.482127,47.12125967,353.38174935,0.0
2019-05-15 12:00:00+00:00,974.318812,645.7934263,57.677335,328.65416792,0.0
2019-05-15 13:00:00+00:00,956.6014302,634.2239686,50.65664533,322.3617634,0.0
2019-05-15 14:00:00+00:00,927.0046387,571.5118,39.88899292,355.41466760000003,0.0
2019-05-15 15:00:00+00:00,929.559026,578.7183583,36.60446275,350.8901382,0.0
2019-05-15 16:00:00+00:00,915.9689585,565.9575857,39.99487425,349.91255793,0.0
2019-05-15 17:00:00+00:00,908.4235536,558.5294443,34.54568883,349.95976367,0.0
2019-05-15 18:00:00+00:00,888.4368896,562.5608825,43.65529592,326.01692240000006,0.0
2019-05-15 19:00:00+00:00,893.7960714,585.9937593,51.37712225,307.81704809999997,0.0
2019-05-15 20:00:00+00:00,818.3773091,588.1841991,48.85306167,230.11288177,0.0
2019-05-15 21:00:00+00:00,752.7634685,604.132548,40.54630075,148.74036880000003,0.0
2019-05-15 22:00:00+00:00,724.650594,590.4215545,44.36970458,134.369083,0.0
2019-05-15 23:00:00+00:00,706.9556121,591.8109335,48.43319358,115.16409929999998,0.0
2019-05-16 00:00:00+00:00,699.7781067,609.5308023,64.09998875,90.40475789999999,0.0
2019-05-16 01:00:00+00:00,686.0100454,673.2259624,69.75393125,12.83468209999998,0.0
2019-05-16 02:00:00+00:00,699.5692953,686.2397767,67.01119383,13.407728899999995,0.0
2019-05-16 03:00:00+00:00,801.4033914,675.99793,50.84289383,125.75893469999998,0.0
2019-05-16 04:00:00+00:00,924.9255218,656.5781759,23.11503242,268.73691966,0.0
2019-05-16 05:00:00+00:00,1008.26918,648.700058,7.862519917,359.96680133,0.0
2019-05-16 06:00:00+00:00,1035.853699,655.7938893,2.41155275,379.97384598,0.0
2019-05-16 07:00:00+00:00,1015.375697,656.1711986,2.173439833,359.34062035,0.0
2019-05-16 08:00:00+00:00,998.23998,647.7064463,6.336465583,350.39292107,0.0
2019-05-16 09:00:00+00:00,976.7078298,631.9051512999999,7.3887505,344.74436721999996,0.0
2019-05-16 10:00:00+00:00,993.1792449,640.1403808,15.34974125,352.99999053,0.0
2019-05-16 11:00:00+00:00,981.1501364,652.4598949,32.78366758,328.823295133,0.0
2019-05-16 12:00:00+00:00,979.2126975,656.3907064,39.35636875,322.88779918,0.0
2019-05-16 13:00:00+00:00,956.3717245,651.516098,35.68649442,304.86655690000003,0.0
2019-05-16 14:00:00+00:00,939.801524,640.8116354,29.76437375,299.04807180000006,0.0
2019-05-16 15:00:00+00:00,921.6622772,640.0837299,29.14157325,281.59959408,0.0
2019-05-16 16:00:00+00:00,905.3617401,628.4968668,29.64559225,276.63447633,0.0
2019-05-16 17:00:00+00:00,898.969162,620.002665,31.05149042,278.88323479,0.0
2019-05-16 18:00:00+00:00,882.903249,623.9083303,36.29282325,258.9816506,0.0
2019-05-16 19:00:00+00:00,869.8598888,647.1174825,43.86895783,222.83297,0.0
2019-05-16 20:00:00+00:00,805.6753335,653.5199941,45.45304108,152.182680833,0.0
2019-05-16 21:00:00+00:00,744.3050131,660.4067179,60.18207167,83.90541926999997,0.0
2019-05-16 22:00:00+00:00,710.1663513,667.7630514,58.25940092,42.393545730000014,0.0
2019-05-16 23:00:00+00:00,695.4794668,666.8626353,60.86282808,28.737263600000006,0.0
2019-05-17 00:00:00+00:00,687.9465383,666.8155466,63.65018117,21.265877930000016,0.0
2019-05-17 01:00:00+00:00,675.0908253,677.2740631,58.13729392,0.0,2.024218850000011
2019-05-17 02:00:00+00:00,688.2940318,679.738973,49.70073783,8.514753119999995,0.0
2019-05-17 03:00:00+00:00,785.6393788,647.4814047,35.38730942,138.23297680000002,0.0
2019-05-17 04:00:00+00:00,908.874415,647.5907643,19.4049555,261.34723338,0.0
2019-05-17 05:00:00+00:00,995.0750733,680.8690338,6.892550333,313.9935593,0.0
2019-05-17 06:00:00+00:00,1022.187068,696.8306223,3.014129417,325.4091312,0.0
2019-05-17 07:00:00+00:00,1005.334697,682.5749512,8.211265917,322.9169779,0.0
2019-05-17 08:00:00+00:00,988.1493988,663.6754609,16.91342617,324.56311624999995,0.0
2019-05-17 09:00:00+00:00,959.3505198,673.7904562,31.22425008,285.72003578,0.0
2019-05-17 10:00:00+00:00,980.1203054,674.128713,46.06265825,305.86494554999996,0.0
2019-05-17 11:00:00+00:00,969.9704285,689.9245351,63.33917408,280.16464707,0.0
2019-05-17 12:00:00+00:00,954.8541056,677.1057129,53.19456233,277.83015802,0.0
2019-05-17 13:00:00+00:00,930.5724336,712.7452901,49.4295055,217.99829220000004,0.0
2019-05-17 14:00:00+00:00,912.956665,704.7081604,60.04925117,208.28630779999997,0.0
2019-05-17 15:00:00+00:00,901.7248535,688.5358837,64.11280358,213.25597395000003,0.0
2019-05-17 16:00:00+00:00,891.8045809,697.7838338,51.12101308,194.50455900000003,0.0
2019-05-17 17:00:00+00:00,881.0527598,665.0726218,41.50118417,216.13305509999998,0.0
2019-05-17 18:00:00+00:00,858.7341358,653.1455027,50.27302425,205.62036129999996,0.0
2019-05-17 19:00:00+00:00,841.6625214,677.8866628,74.81366033,163.69773120000002,0.0
2019-05-17 20:00:00+00:00,786.2952729,687.0376383,88.30279817,99.19412599999993,0.0
2019-05-17 21:00:00+00:00,722.1554871,571.3569972,99.85290958,150.7184752,0.0
2019-05-17 22:00:00+00:00,688.4292704,512.5718715,91.896822,175.85536960000002,0.0
2019-05-17 23:00:00+00:00,666.4582215,505.4482016,85.55292658,161.1663469,0.0
2019-05-18 00:00:00+00:00,652.7564036,509.0328522,90.09857158,143.75851110000008,0.0
2019-05-18 01:00:00+00:00,625.6066283,494.8176958,84.1702355,130.87887705000003,0.0
2019-05-18 02:00:00+00:00,613.0925192,496.0999044,90.08220575,117.13800749999996,0.0
2019-05-18 03:00:00+00:00,642.2044219,474.1285882,67.13713875,168.052971,0.0
2019-05-18 04:00:00+00:00,684.7572176,458.492213,43.32481492,226.25513143000003,0.0
2019-05-18 05:00:00+00:00,755.5551403,474.2188338,20.6738475,281.45204479999995,0.0
2019-05-18 06:00:00+00:00,808.840042,501.1085308,9.86833075,307.73402110000006,0.0
2019-05-18 07:00:00+00:00,818.1843871,510.3827158,13.80886392,307.8632443999999,0.0
2019-05-18 08:00:00+00:00,808.9873251,507.8287378,25.47811233,301.123523,0.0
2019-05-18 09:00:00+00:00,796.8191019,534.312734,28.09043033,262.76115042000004,0.0
2019-05-18 10:00:00+00:00,792.270401,529.1197205,39.641611,263.21310446999996,0.0
2019-05-18 11:00:00+00:00,783.4484202,524.7694625,49.50867775,258.66077415,0.0
2019-05-18 12:00:00+00:00,781.1036682,493.8540498,44.39848842,287.32698002,0.0
2019-05-18 13:00:00+00:00,779.0356751,503.0745825,43.94443025,276.26416107000006,0.0
2019-05-18 14:00:00+00:00,785.2489574,532.8704606,45.73553942,252.70514808000001,0.0
2019-05-18 15:00:00+00:00,774.3595988,511.3488973,45.71893983,263.40038838,0.0
2019-05-18 16:00:00+00:00,765.617864,499.069369,45.2183525,266.5901027,0.0
2019-05-18 17:00:00+00:00,788.6932577,338.6772512,48.56037225,449.9548289000001,0.0
2019-05-18 18:00:00+00:00,779.0105643,389.2775623,62.46450867,389.6863744,0.0
2019-05-18 19:00:00+00:00,763.8391672,521.6298064,82.02593667,242.6087781,0.0
2019-05-18 20:00:00+00:00,728.2836711,518.6068548,104.9005573,209.60551119999997,0.0
2019-05-18 21:00:00+00:00,683.7680968,542.5097911,125.3650759,141.39383431700003,0.0
2019-05-18 22:00:00+00:00,646.2189484,539.8874816,125.0258624,106.29364879999997,0.0
2019-05-18 23:00:00+00:00,619.3311615,536.2393088,123.4712539,83.08878812999998,0.0
2019-05-19 00:00:00+00:00,601.286606,537.8475547,126.6572132,63.52128354999999,0.0
2019-05-19 01:00:00+00:00,572.3457336,542.9919638,135.8813078,29.569984079999983,0.0
2019-05-19 02:00:00+00:00,565.8046773,528.140157,116.0687696,37.58673458000001,0.0
2019-05-19 03:00:00+00:00,585.3087668,522.8218537,112.9750473,62.52242181999999,0.0
2019-05-19 04:00:00+00:00,626.0570222,496.3666635,83.07980083,129.52660747000002,0.0
2019-05-19 05:00:00+00:00,696.2052663,464.6691104,41.0243785,231.66437660000003,0.0
2019-05-19 06:00:00+00:00,754.770279,437.6112213,15.25002908,317.452924,0.0
2019-05-19 07:00:00+00:00,798.783254,486.9631347,12.31645725,311.7528599,0.0
2019-05-19 08:00:00+00:00,801.914449,507.8487804,17.68600642,293.86888990000006,0.0
2019-05-19 09:00:00+00:00,798.154958,512.2970073,24.27971,286.04481013299994,0.0
2019-05-19 10:00:00+00:00,797.2549896,518.8039118,31.265226,278.35564146999997,0.0
2019-05-19 11:00:00+00:00,793.3813679,511.8155339,25.21121667,281.6276555200001,0.0
2019-05-19 12:00:00+00:00,791.58844,479.9379806,13.45990133,311.60886365,0.0
2019-05-19 13:00:00+00:00,792.8541159,472.9616571,12.70008025,320.061670633,0.0
2019-05-19 14:00:00+00:00,808.9049581,462.5145901,18.75835133,346.1140363800001,0.0
2019-05-19 15:00:00+00:00,821.7754772,487.2083894,21.19792583,334.5317884,0.0
2019-05-19 16:00:00+00:00,832.3936311,472.5011343,19.75016317,359.90423583,0.0
2019-05-19 17:00:00+00:00,835.6280161,484.880572,23.97431317,350.8821165300001,0.0
2019-05-19 18:00:00+00:00,830.9336751,495.9387945,36.92812917,335.00515240000004,0.0
2019-05-19 19:00:00+00:00,819.5107778,526.8450851,86.830049,292.6119711499999,0.0
2019-05-19 20:00:00+00:00,768.4172363,527.2179312,96.94689508,241.15571388000006,0.0
2019-05-19 21:00:00+00:00,700.383723,528.7457427,99.21337475,171.64184441999993,0.0
2019-05-19 22:00:00+00:00,650.3988089,535.8935192,113.0139953,114.48411619999996,0.0
2019-05-19 23:00:00+00:00,638.3767394,548.6368611,130.7265722,89.72709409999993,0.0
2019-05-20 00:00:00+00:00,628.0347698,534.6031953,131.135262,93.43327219999998,0.0
2019-05-20 01:00:00+00:00,608.2558694,520.3282421,118.2697235,87.8925547,0.0
2019-05-20 02:00:00+00:00,628.210678,504.8403549,99.17120642,123.34690668000002,0.0
2019-05-20 03:00:00+00:00,743.7915039,501.617859,92.06412167,242.17560077000005,0.0
2019-05-20 04:00:00+00:00,886.4647368,521.2732646,64.02201917,365.20065429999994,0.0
2019-05-20 05:00:00+00:00,992.5036468,506.8875248,28.90294683,485.59632524000006,0.0
2019-05-20 06:00:00+00:00,1035.174174,506.6246287,12.6897625,528.6773247000001,0.0
2019-05-20 07:00:00+00:00,1028.913854,549.1479748,6.211860333,479.90441646700003,0.0
2019-05-20 08:00:00+00:00,1031.318614,555.1925353,1.392922833,476.2031293200001,0.0
2019-05-20 09:00:00+00:00,1012.784139,563.0287324,9.124366,449.75823,0.0
2019-05-20 10:00:00+00:00,1050.55011,565.902476,12.27537633,484.90460422000007,0.0
2019-05-20 11:00:00+00:00,1024.90657,557.0294596,11.57764633,467.95883402,0.0
2019-05-20 12:00:00+00:00,1009.835302,575.0920104,22.43327408,434.7919569,0.0
2019-05-20 13:00:00+00:00,982.5459949,536.1803691,23.041737,446.29592649999995,0.0
2019-05-20 14:00:00+00:00,960.263041,534.3659262,23.86188258,425.95983899999993,0.0
2019-05-20 15:00:00+00:00,947.841863,565.5326487,24.73690508,382.33920370000004,0.0
2019-05-20 16:00:00+00:00,925.1535186,558.6504111,24.08530825,366.6129723,0.0
2019-05-20 17:00:00+00:00,911.654251,574.2813467,31.042652,337.20403397,0.0
2019-05-20 18:00:00+00:00,887.6961313,535.5118764,35.33560417,352.1216652,0.0
2019-05-20 19:00:00+00:00,859.7020875,567.3716379,54.75035542,292.27677960000005,0.0
2019-05-20 20:00:00+00:00,779.2372894,586.2096763,63.15758483,193.04527480000002,0.0
2019-05-20 21:00:00+00:00,714.1381886,560.6344503,67.00920258,153.58788049999998,0.0
2019-05-20 22:00:00+00:00,682.1461436,557.3625438,67.18827542,124.63778552000002,0.0
2019-05-20 23:00:00+00:00,653.6647543,580.8963369,80.44688425,72.74893925,0.0
2019-05-21 00:00:00+00:00,653.0268658,577.6733957,83.72983467,75.35039419999998,0.0
2019-05-21 01:00:00+00:00,626.7103219,550.6880189,74.45340858,75.96898558000004,0.0
2019-05-21 02:00:00+00:00,630.9956665,529.878423,51.11468833,101.16045777,0.0
2019-05-21 03:00:00+00:00,742.9366202,509.9788158,29.504032,232.96420112,0.0
2019-05-21 04:00:00+00:00,891.0413969,535.378151,15.31943992,355.71629631999997,0.0
2019-05-21 05:00:00+00:00,996.1906076,561.9297486,8.685378333,434.31295751999994,0.0
2019-05-21 06:00:00+00:00,1033.241292,558.977824,4.9422845,474.38909724999996,0.0
2019-05-21 07:00:00+00:00,1034.8614,560.0990448,6.007514667,474.8123444,0.0
2019-05-21 08:00:00+00:00,1023.994634,563.5955555,5.913145667,460.36596748000005,0.0
2019-05-21 09:00:00+00:00,1009.189906,560.6898041,6.206434583,448.46791744999996,0.0
2019-05-21 10:00:00+00:00,1031.020238,561.7748413,10.10144542,469.41470755,0.0
2019-05-21 11:00:00+00:00,1027.079463,570.9921671,14.92417667,456.1701458999999,0.0
2019-05-21 12:00:00+00:00,1028.248922,549.913966,11.74624292,478.44392849999997,0.0
2019-05-21 13:00:00+00:00,1002.330795,521.7611721,12.17785525,480.6933126,0.0
2019-05-21 14:00:00+00:00,979.6701966,510.0580548,7.235573833,469.6003544,0.0
2019-05-21 15:00:00+00:00,957.4403229,503.5148239,8.014975667,453.8706326000001,0.0
2019-05-21 16:00:00+00:00,940.6208752,509.4789989,11.67104875,431.11988110000004,0.0
2019-05-21 17:00:00+00:00,920.6600087,539.9557623,17.25855042,380.9823661000001,0.0
2019-05-21 18:00:00+00:00,892.4609018,541.3022409,24.85493017,351.12479269999994,0.0
2019-05-21 19:00:00+00:00,867.0953267,538.1411031,33.9021315,328.8965656,0.0
2019-05-21 20:00:00+00:00,797.2080638,523.3497924,32.67702808,273.81473869999996,0.0
2019-05-21 21:00:00+00:00,727.1159768,527.7517243,34.79773492,199.20109640000004,0.0
2019-05-21 22:00:00+00:00,689.4888611,525.8489938,33.21338758,163.581689067,0.0
2019-05-21 23:00:00+00:00,667.5717214,523.3648427,31.41392917,144.24364083000003,0.0
2019-05-22 00:00:00+00:00,659.5029856,522.0053965,32.0302355,137.47571880000004,0.0
2019-05-22 01:00:00+00:00,636.4999543,522.7865601,32.95729383,113.58157779999996,0.0
2019-05-22 02:00:00+00:00,643.5923054,524.1150411,32.56567383,119.36859549999997,0.0
2019-05-22 03:00:00+00:00,748.2945148,515.2609203,27.50003375,233.07468368,0.0
2019-05-22 04:00:00+00:00,888.4404857,550.6505738,16.36695108,337.7733608,0.0
2019-05-22 05:00:00+00:00,987.7359058,571.5066681,4.153405167,416.3092544000001,0.0
2019-05-22 06:00:00+00:00,1016.810715,568.5013377,1.051162083,448.26331277,0.0
2019-05-22 07:00:00+00:00,1013.051173,569.0632984,-0.313089667,444.02700442,0.0
2019-05-22 08:00:00+00:00,1006.159994,579.7003021,1.841328833,426.46180762000006,0.0
2019-05-22 09:00:00+00:00,986.1900432,582.7785797,5.294111083,403.42468864999995,0.0
2019-05-22 10:00:00+00:00,1012.751445,587.4850617,9.6292885,425.2977307,0.0
2019-05-22 11:00:00+00:00,1003.041387,584.8391673,11.18856283,418.64604593,0.0
2019-05-22 12:00:00+00:00,1003.720215,534.9633229,17.55249883,468.74007459999996,0.0
2019-05-22 13:00:00+00:00,980.0173187,534.7366383,26.140998,445.24845930000004,0.0
2019-05-22 14:00:00+00:00,968.4445852,534.6445058,24.19057708,433.8025044,0.0
2019-05-22 15:00:00+00:00,953.0589091,529.5254111,25.0646225,423.55195119999996,0.0
2019-05-22 16:00:00+00:00,931.5152893,521.7052613,18.22317917,409.69782649999996,0.0
2019-05-22 17:00:00+00:00,917.5899455,518.7684859,14.04234592,398.8432650999999,0.0
2019-05-22 18:00:00+00:00,885.0492044,510.5438385,14.43886858,374.5936262,0.0
2019-05-22 19:00:00+00:00,860.6536508,512.5838775,18.20941617,348.12932780000006,0.0
2019-05-22 20:00:00+00:00,797.8677267,512.6616109,19.48887325,285.15294400000005,0.0
2019-05-22 21:00:00+00:00,731.0292308,509.5633851,17.59137683,221.40841299999994,0.0
2019-05-22 22:00:00+00:00,692.4979298,511.9326402,19.73947642,180.53648255000002,0.0
2019-05-22 23:00:00+00:00,667.9895581,504.5214157,18.02572208,163.4239654,0.0
2019-05-23 00:00:00+00:00,660.2256825,508.2558036,21.61666767,151.95355817,0.0
2019-05-23 01:00:00+00:00,635.6624958,510.0465826,21.93378333,125.53049329999999,0.0
2019-05-23 02:00:00+00:00,644.8197275,513.7637712,21.7565265,131.05474847,0.0
2019-05-23 03:00:00+00:00,753.8235066,528.6366425,29.51886192,225.31480919999998,0.0
2019-05-23 04:00:00+00:00,883.2136688,565.9851176,39.5331535,317.19205980000004,0.0
2019-05-23 05:00:00+00:00,981.6909485,621.0952402,64.45799217,360.58331770000007,0.0
2019-05-23 06:00:00+00:00,1018.574692,624.6929372,85.07029967,393.9327263,0.0
2019-05-23 07:00:00+00:00,1017.416138,641.9162598,83.52596567,375.58468713,0.0
2019-05-23 08:00:00+00:00,1009.441813,634.7936351,86.84242008,374.64718713,0.0
2019-05-23 09:00:00+00:00,981.6023307,628.8976592,81.61899308,352.59649632,0.0
2019-05-23 10:00:00+00:00,999.5781402,639.8476766,89.5329255,359.74581047000004,0.0
2019-05-23 11:00:00+00:00,983.5189565,625.1566773,85.53080275,358.40803422,0.0
2019-05-23 12:00:00+00:00,978.5931956,630.3832804,89.36254575,348.4134163,0.0
2019-05-23 13:00:00+00:00,956.023173,578.6075795,84.12440667,377.5343605,0.0
2019-05-23 14:00:00+00:00,940.5116424,564.4677581,86.47522992,376.1211475,0.0
2019-05-23 15:00:00+00:00,922.2716778,601.3311004,82.93358283,320.7437763,0.0
2019-05-23 16:00:00+00:00,899.8149059,587.3450011,76.151581,312.55296762,0.0
2019-05-23 17:00:00+00:00,887.2305348,628.0478363,79.89392483,259.21633482000004,0.0
2019-05-23 18:00:00+00:00,862.6320394,606.8612366,83.59255792,255.82242420000009,0.0
2019-05-23 19:00:00+00:00,848.3017323,582.9397636,74.24872433,265.38210919999995,0.0
2019-05-23 20:00:00+00:00,790.0144144,577.5929565,69.0760705,212.52544340000003,0.0
2019-05-23 21:00:00+00:00,725.3242594,547.1341299,49.87899125,178.02193369999998,0.0
2019-05-23 22:00:00+00:00,682.0487925,543.3728333,41.16901867,138.68073768,0.0
2019-05-23 23:00:00+00:00,655.9882915,541.2243703,39.22096375,114.7846098,0.0
2019-05-24 00:00:00+00:00,643.3760427,530.3076373,34.35497425,113.10908940000002,0.0
2019-05-24 01:00:00+00:00,631.8644257,533.8413493,39.37166217,97.93370399999998,0.0
2019-05-24 02:00:00+00:00,643.6400909,532.2491657,37.82687767,111.4441726,0.0
2019-05-24 03:00:00+00:00,754.6677144,520.6198526,25.026463,234.142554517,0.0
2019-05-24 04:00:00+00:00,892.6091359,552.4448089,19.8496855,340.0808296,0.0
2019-05-24 05:00:00+00:00,1007.473526,573.0047252,17.04946467,434.61111370000003,0.0
2019-05-24 06:00:00+00:00,1048.772451,572.2456818,11.11060092,476.5502500300001,0.0
2019-05-24 07:00:00+00:00,1049.220866,562.7031608,13.74925292,486.6904251799999,0.0
2019-05-24 08:00:00+00:00,1047.968353,572.1015524,12.96170717,475.93873701999996,0.0
2019-05-24 09:00:00+00:00,1023.645274,574.5783488,12.54091758,448.93822162,0.0
2019-05-24 10:00:00+00:00,1042.848765,581.8332062,12.74723025,461.11087052999994,0.0
2019-05-24 11:00:00+00:00,1022.821121,577.9885306,10.05800467,444.77658375,0.0
2019-05-24 12:00:00+00:00,1005.863017,534.3341293,15.92180625,471.80384045,0.0
2019-05-24 13:00:00+00:00,970.5802307,474.4474844,9.882181333,496.1940767,0.0
2019-05-24 14:00:00+00:00,944.0987956,465.2985051,7.055080333,478.8042787,0.0
2019-05-24 15:00:00+00:00,921.55071,458.4809012,6.823241583,463.0641257000001,0.0
2019-05-24 16:00:00+00:00,903.9686838,515.3755543,8.37395475,388.6320988,0.0
2019-05-24 17:00:00+00:00,887.739263,545.7191518,7.809662417,342.4853442,0.0
2019-05-24 18:00:00+00:00,865.6833039,461.6942801,10.47970967,403.9317327,0.0
2019-05-24 19:00:00+00:00,849.8122508,465.7224426,12.29805592,384.0995201999999,0.0
2019-05-24 20:00:00+00:00,805.3153026,468.1672084,17.53729033,337.12776600000007,0.0
2019-05-24 21:00:00+00:00,742.07341,496.1980363,40.525422,245.87613690000006,0.0
2019-05-24 22:00:00+00:00,707.8130748,520.1270346,70.46431625,187.67597643,0.0
2019-05-24 23:00:00+00:00,683.3636068,507.5523529,77.34520283,175.83955666999992,0.0
2019-05-25 00:00:00+00:00,666.6884714,527.6705323,102.194256,139.12669045,0.0
2019-05-25 01:00:00+00:00,634.59022,508.0693053,85.75728633,126.52223781999999,0.0
2019-05-25 02:00:00+00:00,620.0292462,510.9655763,83.80248758,109.08023477,0.0
2019-05-25 03:00:00+00:00,654.4046683,517.5027693,89.82620758,136.89899946999998,0.0
2019-05-25 04:00:00+00:00,704.858897,501.8023173,73.34358017,203.03440975,0.0
2019-05-25 05:00:00+00:00,777.4693399,486.7293879,51.26762325,290.91125028,0.0
2019-05-25 06:00:00+00:00,840.3782245,484.3020834,46.80421533,356.06298510000005,0.0
2019-05-25 07:00:00+00:00,877.0808055,493.4040604,59.11859992,383.69671185,0.0
2019-05-25 08:00:00+00:00,877.3711345,503.8463159,73.50349775,373.58023269999995,0.0
2019-05-25 09:00:00+00:00,868.9119313,516.7885132,80.67187933,351.88852540000005,0.0
2019-05-25 10:00:00+00:00,862.4299572,530.2927805,86.13517933,332.1254666,0.0
2019-05-25 11:00:00+00:00,850.1201273,532.9823049,88.38556033,317.11317048000006,0.0
2019-05-25 12:00:00+00:00,832.6598157,446.2845893,92.96006858,386.45334173,0.0
2019-05-25 13:00:00+00:00,824.2731323,550.5073853,108.0930101,273.84013308,0.0
2019-05-25 14:00:00+00:00,830.9265188,548.6616108,109.7796383,282.3681245,0.0
2019-05-25 15:00:00+00:00,843.1472319,552.1160735,115.2034608,291.24125820000006,0.0
2019-05-25 16:00:00+00:00,837.5062154,547.7975516,124.4984038,289.73223412999994,0.0
2019-05-25 17:00:00+00:00,834.1313732,559.0164285,130.8263196,275.30014912,0.0
2019-05-25 18:00:00+00:00,813.5275624,548.7349344,123.4832437,264.7929439199999,0.0
2019-05-25 19:00:00+00:00,809.0970257,548.9711153,124.5578065,260.50444805000006,0.0
2019-05-25 20:00:00+00:00,769.7186178,543.4128062,123.2842512,226.37255143,0.0
2019-05-25 21:00:00+00:00,714.2648264,501.6533968,82.19930858,212.52674717999997,0.0
2019-05-25 22:00:00+00:00,669.5895131,491.6511638,74.46868542,177.83477304999997,0.0
2019-05-25 23:00:00+00:00,648.0658824,493.0908255,77.73088225,154.96208549999997,0.0
2019-05-26 00:00:00+00:00,651.5183358,488.4613596,66.80378433,163.0323121,0.0
2019-05-26 01:00:00+00:00,612.9401806,459.3172378,45.40514692,153.79331372000004,0.0
2019-05-26 02:00:00+00:00,608.2451833,470.6103796,44.30736475,137.59626598,0.0
2019-05-26 03:00:00+00:00,624.6900075,457.2883809,31.81840583,167.4760157,0.0
2019-05-26 04:00:00+00:00,660.9224803,469.6805979,38.23206458,191.24307655,0.0
2019-05-26 05:00:00+00:00,725.5034028,497.8712413,52.453036,227.73380070000007,0.0
2019-05-26 06:00:00+00:00,783.5798949,516.2268652,66.21627225,267.5949939,0.0
2019-05-26 07:00:00+00:00,818.3650513,526.4893901,75.460466,291.8498704000001,0.0
2019-05-26 08:00:00+00:00,833.7281952,553.0182243,104.4244798,280.8166299,0.0
2019-05-26 09:00:00+00:00,841.3919473,572.2980041,124.9505688,269.2718924999999,0.0
2019-05-26 10:00:00+00:00,842.9073945,594.0395151,146.4449618,248.87122899999986,0.0
2019-05-26 11:00:00+00:00,848.3018597,594.8046672,148.5355298,253.4706465,0.0
2019-05-26 12:00:00+00:00,852.6386211,593.5613913,151.534813,259.0096776000001,0.0
2019-05-26 13:00:00+00:00,861.8324942,623.0142314,150.1666098,238.7212796,0.0
2019-05-26 14:00:00+00:00,864.7483316,613.1100514,154.0201222,251.48676933000004,0.0
2019-05-26 15:00:00+00:00,867.4209342,624.6578318,167.7861423,242.67128291699998,0.0
2019-05-26 16:00:00+00:00,872.6507874,526.885025,160.5856844,345.77812399999993,0.0
2019-05-26 17:00:00+00:00,861.9005332,594.4231109,131.1742018,267.59778220000004,0.0
2019-05-26 18:00:00+00:00,844.2923839,590.716624,127.8471056,253.46025902999997,0.0
2019-05-26 19:00:00+00:00,817.6336873,595.6169231,132.0922198,221.84158490000004,0.0
2019-05-26 20:00:00+00:00,771.5483806,607.1744945,149.3491484,164.60012950000007,0.0
2019-05-26 21:00:00+00:00,721.7938079,617.5626933,155.3175472,104.18212440000002,0.0
2019-05-26 22:00:00+00:00,678.9449007,619.3167217,168.729248,59.62912153000002,0.0
2019-05-26 23:00:00+00:00,650.7008006,587.396881,144.848928,63.32598529999996,0.0
2019-05-27 00:00:00+00:00,645.080241,571.0102285,124.1675138,74.1751888,0.0
2019-05-27 01:00:00+00:00,637.3764292,578.7257436,127.9186928,58.71222419999998,0.0
2019-05-27 02:00:00+00:00,653.3597566,558.2660064,110.9167605,94.91985449999999,0.0
2019-05-27 03:00:00+00:00,759.4274852,547.3054149,97.13428308,212.18067000000002,0.0
2019-05-27 04:00:00+00:00,901.6541289,574.1660106,77.65462925,327.47560327,0.0
2019-05-27 05:00:00+00:00,1015.584142,585.7550202,79.1620615,429.764664137,0.0
2019-05-27 06:00:00+00:00,1072.05012,562.3642324,67.54286075,509.673219817,0.0
2019-05-27 07:00:00+00:00,1069.054067,553.0766551,49.2575375,515.90066992,0.0
2019-05-27 08:00:00+00:00,1061.427673,555.3240865,45.57733717,506.31098965999996,0.0
2019-05-27 09:00:00+00:00,1040.958059,551.1008811,43.85385083,489.897296013,0.0
2019-05-27 10:00:00+00:00,1064.762675,541.3267722,31.92702733,523.45811832,0.0
2019-05-27 11:00:00+00:00,1043.302531,536.5028636,29.88309092,506.85238982000004,0.0
2019-05-27 12:00:00+00:00,1041.662435,498.3675792,20.509629,543.4979091,0.0
2019-05-27 13:00:00+00:00,1019.588877,498.6708476,18.53970317,520.9766275000001,0.0
2019-05-27 14:00:00+00:00,999.3340859,487.9482318,15.92541742,511.3942559999999,0.0
2019-05-27 15:00:00+00:00,983.1988933,507.4796067,15.02187883,475.73013536699995,0.0
2019-05-27 16:00:00+00:00,963.8117623,531.0173491,14.80006208,432.94023169999997,0.0
2019-05-27 17:00:00+00:00,951.7949574,553.9221853,35.0215675,397.85478050000006,0.0
2019-05-27 18:00:00+00:00,918.1584322,531.6622848,52.9655375,386.44665530000003,0.0
2019-05-27 19:00:00+00:00,893.0533092,537.2568258,52.80342175,355.7926317,0.0
2019-05-27 20:00:00+00:00,820.290975,494.2539087,49.68318542,325.93891679999996,0.0
2019-05-27 21:00:00+00:00,750.4466553,500.9301529,78.74696867,249.35976343000004,0.0
2019-05-27 22:00:00+00:00,722.0521138,510.8324177,94.43585,211.20832915,0.0
2019-05-27 23:00:00+00:00,700.1320344,506.4225718,95.93296625,193.69851531999996,0.0
2019-05-28 00:00:00+00:00,687.1405641,503.5007146,91.763992,183.6566932,0.0
2019-05-28 01:00:00+00:00,667.1271058,437.7269238,68.492896,229.41379250000006,0.0
2019-05-28 02:00:00+00:00,682.472814,433.1258926,64.85014242,249.39568799999995,0.0
2019-05-28 03:00:00+00:00,793.6568857,442.505394,55.19307433,351.218249,0.0
2019-05-28 04:00:00+00:00,928.8321076,486.9090193,51.3609085,441.97111529999995,0.0
2019-05-28 05:00:00+00:00,1027.15743,498.9534125,40.55220408,528.13824228,0.0
2019-05-28 06:00:00+00:00,1060.356822,503.1359328,44.52055042,557.01307557,0.0
2019-05-28 07:00:00+00:00,1050.542542,501.757243,40.897016,548.846533283,0.0
2019-05-28 08:00:00+00:00,1039.656184,518.0126928,34.0834925,521.57476377,0.0
2019-05-28 09:00:00+00:00,1022.268814,593.2775218,37.37905275,429.08306228,0.0
2019-05-28 10:00:00+00:00,1048.005147,611.0932617,37.11549517,437.04544851699995,0.0
2019-05-28 11:00:00+00:00,1034.077632,614.6488495,51.61263083,419.50444012,0.0
2019-05-28 12:00:00+00:00,1025.734273,534.1619974,47.94549033,491.5847983700001,0.0
2019-05-28 13:00:00+00:00,1001.122442,515.2587205,29.63723067,485.9010421,0.0
2019-05-28 14:00:00+00:00,992.108607,505.2149048,19.95763417,486.8769975000001,0.0
2019-05-28 15:00:00+00:00,976.9898276,496.7505697,13.60240558,480.2281803999999,0.0
2019-05-28 16:00:00+00:00,954.4998068,488.4831797,11.20846992,466.20168342,0.0
2019-05-28 17:00:00+00:00,932.421636,486.1468888,8.615069417,446.44911765,0.0
2019-05-28 18:00:00+00:00,898.2618053,462.6468939,12.67438033,435.6527054,0.0
2019-05-28 19:00:00+00:00,861.4179484,462.2384262,18.15750942,399.17288320000006,0.0
2019-05-28 20:00:00+00:00,787.642339,474.8682251,26.05097775,312.8063267,0.0
2019-05-28 21:00:00+00:00,724.3717955,469.6917826,27.563979,254.61864020000007,0.0
2019-05-28 22:00:00+00:00,683.7330423,466.8160604,31.00133142,216.83348069999997,0.0
2019-05-28 23:00:00+00:00,667.7874094,472.576683,37.99387325,195.2410072,0.0
2019-05-29 00:00:00+00:00,662.9226583,366.630895,39.49982133,296.28043793000006,0.0
2019-05-29 01:00:00+00:00,649.2075602,473.8698298,43.17081833,174.99851890000002,0.0
2019-05-29 02:00:00+00:00,662.8885193,480.4490255,42.0113855,182.4253535,0.0
2019-05-29 03:00:00+00:00,766.5928397,470.1398265,33.55874833,296.19933449999996,0.0
2019-05-29 04:00:00+00:00,915.4413605,472.7014084,16.69810942,442.73488565,0.0
2019-05-29 05:00:00+00:00,1023.616465,492.3258286,19.48376708,531.2808106,0.0
2019-05-29 06:00:00+00:00,1050.157684,508.6902136,20.4308115,541.4696259,0.0
2019-05-29 07:00:00+00:00,1044.463318,523.2713472,26.25857092,521.1877631,0.0
2019-05-29 08:00:00+00:00,1036.398651,528.9568481,31.36788492,507.4696295,0.0
2019-05-29 09:00:00+00:00,1009.654943,533.8904215,39.06622283,475.7617048,0.0
2019-05-29 10:00:00+00:00,1027.628825,549.1794333,74.83676392,478.4450984999999,0.0
2019-05-29 11:00:00+00:00,998.3596548,540.1590983,84.88614192,458.1714454000001,0.0
2019-05-29 12:00:00+00:00,977.1514792,556.1822813,99.32137867,420.9892452999999,0.0
2019-05-29 13:00:00+00:00,953.2694803,573.6668346,115.089865,379.6183919,0.0
2019-05-29 14:00:00+00:00,935.9399058,465.9598567,113.4020641,469.9851527,0.0
2019-05-29 15:00:00+00:00,923.6843568,424.0193431,129.2871836,499.6629201,0.0
2019-05-29 16:00:00+00:00,912.0406239,432.1966298,138.0967778,479.8309726999999,0.0
2019-05-29 17:00:00+00:00,903.2784119,391.8781943,101.9137273,511.40835989999994,0.0
2019-05-29 18:00:00+00:00,900.7212778,363.2244161,76.37060575,537.5221771000001,0.0
2019-05-29 19:00:00+00:00,863.4372356,358.6116842,68.02041033,504.8287525,0.0
2019-05-29 20:00:00+00:00,819.8143462,360.2745819,69.59787567,459.585093,0.0
2019-05-29 21:00:00+00:00,760.6915893,359.9154638,68.71051033,400.7830377000001,0.0
2019-05-29 22:00:00+00:00,727.0488993,345.1706874,57.26378392,381.8637801,0.0
2019-05-29 23:00:00+00:00,708.6420187,339.7821503,47.33721458,368.87610398,0.0
2019-05-30 00:00:00+00:00,698.6079661,368.0890808,48.57519867,330.5249136,0.0
2019-05-30 01:00:00+00:00,678.1599733,395.0472107,44.87617425,283.07103340000003,0.0
2019-05-30 02:00:00+00:00,695.4054056,396.9591928,33.41159892,298.42909499999996,0.0
2019-05-30 03:00:00+00:00,799.8664603,390.1421305,24.36451458,409.78926500000006,0.0
2019-05-30 04:00:00+00:00,918.9054258,378.9345753,12.35851475,540.1308363,0.0
2019-05-30 05:00:00+00:00,1010.105469,435.2028352,5.384474667,575.2569940999999,0.0
2019-05-30 06:00:00+00:00,1033.072632,423.4747518,4.680951667,609.5783719,0.0
2019-05-30 07:00:00+00:00,1016.10613,419.4877343,10.70689425,596.4119595999999,0.0
2019-05-30 08:00:00+00:00,1006.48822,424.4028881,24.14249258,582.1566691,0.0
2019-05-30 09:00:00+00:00,987.2466328,449.4646378,31.79533583,537.8758825,0.0
2019-05-30 10:00:00+00:00,1008.539068,463.2726618,38.86318133,545.4501041999999,0.0
2019-05-30 11:00:00+00:00,999.2065378,463.7074152,43.87767925,535.4791511999999,0.0
2019-05-30 12:00:00+00:00,986.5883231,460.3415402,53.65284592,526.3989928999999,0.0
2019-05-30 13:00:00+00:00,963.3733368,458.2157644,65.98065325,505.13723050000004,0.0
2019-05-30 14:00:00+00:00,947.4526623,462.9213818,76.37995508,484.6412457,0.0
2019-05-30 15:00:00+00:00,937.6954702,454.0276005,73.33727,483.74404319999996,0.0
2019-05-30 16:00:00+00:00,924.508962,444.9806468,70.0669205,479.6706334000001,0.0
2019-05-30 17:00:00+00:00,915.0370585,450.1003037,74.15971142,464.9165488,0.0
2019-05-30 18:00:00+00:00,892.0175475,456.8574855,79.40333608,435.1410869,0.0
2019-05-30 19:00:00+00:00,864.3121643,476.9138894,92.98655992,387.45595799999995,0.0
2019-05-30 20:00:00+00:00,817.9348703,487.3447571,105.674795,330.7170233,0.0
2019-05-30 21:00:00+00:00,756.5323383,498.7608107,123.2731375,257.6938000999999,0.0
2019-05-30 22:00:00+00:00,718.7124125,542.7253037,167.6575869,176.08295530000004,0.0
2019-05-30 23:00:00+00:00,694.5504405,581.0580292,205.4837196,113.20102899999998,0.0
2019-05-31 00:00:00+00:00,661.1518401,580.5889995,204.9903456,80.62736050000004,0.0
2019-05-31 01:00:00+00:00,632.0114542,586.9682516,213.8440138,45.030552599999965,0.0
2019-05-31 02:00:00+00:00,660.5338643,599.0740051,222.7600664,61.38644270000006,0.0
2019-05-31 03:00:00+00:00,766.7016296,581.4949239,204.0064654,185.10679549999995,0.0
2019-05-31 04:00:00+00:00,900.9430033,547.56103,170.0241464,353.3382131,0.0
2019-05-31 05:00:00+00:00,1011.237681,533.3117168,156.9450905,477.9367235,0.0
2019-05-31 06:00:00+00:00,1061.709819,525.5055286,134.8477951,536.2000062,0.0
2019-05-31 07:00:00+00:00,1063.701711,529.3585001,122.7301848,534.3509489999999,0.0
2019-05-31 08:00:00+00:00,1048.683472,520.2873458,107.2940938,528.3632709000001,0.0
2019-05-31 09:00:00+00:00,1022.286311,498.2165883,87.11709833,524.1628888999999,0.0
2019-05-31 10:00:00+00:00,1033.930857,488.0304057,75.67286,545.8931325000001,0.0
2019-05-31 11:00:00+00:00,1013.685425,496.1735968,87.35255083,517.5137293,0.0
2019-05-31 12:00:00+00:00,989.2466278,527.6475169,111.535261,461.5911794,0.0
2019-05-31 13:00:00+00:00,955.5493113,502.8669788,84.402358,452.6854169,0.0
2019-05-31 14:00:00+00:00,930.2809803,478.2709427,80.77509492,452.01183259999993,0.0
2019-05-31 15:00:00+00:00,913.3028261,466.4335252,73.70254525,446.8586971000001,0.0
2019-05-31 16:00:00+00:00,893.1946361,463.8089576,63.69926442,429.56999479999996,0.0
2019-05-31 17:00:00+00:00,877.9531249,434.2408192,57.33009925,443.7123356,0.0
2019-05-31 18:00:00+00:00,854.3367716,421.8405583,52.46724767,432.4874563,0.0
2019-05-31 19:00:00+00:00,830.4574789,451.3373897,55.51489825,379.12112899999994,0.0
2019-05-31 20:00:00+00:00,800.5129596,440.6397197,60.39601125,359.8650809999999,0.0
2019-05-31 21:00:00+00:00,739.7016653,441.9105428,71.17479408,297.8050533999999,0.0
2019-05-31 22:00:00+00:00,704.0250448,436.8456091,76.54854325,267.16893817,0.0
2019-05-31 23:00:00+00:00,675.4151612000001,423.5608571,65.17898558,251.86175843,0.0
2019-06-01 00:00:00+00:00,660.1063893,430.1429392,73.0022965,230.03879796699994,0.0
2019-06-01 01:00:00+00:00,621.4403788,429.7687453,77.716578,191.75568033000002,0.0
2019-06-01 02:00:00+00:00,624.2692414,430.4216944,74.29138833,193.86992090000007,0.0
2019-06-01 03:00:00+00:00,649.4271799,418.5939737,63.841751,230.87996915000002,0.0
2019-06-01 04:00:00+00:00,695.2186636,395.0352478,34.60007158,300.3206196,0.0
2019-06-01 05:00:00+00:00,758.5241089,380.9590862,21.39022092,377.57092167999997,0.0
2019-06-01 06:00:00+00:00,805.4350637,378.460836,24.77494275,426.9628999,0.0
2019-06-01 07:00:00+00:00,814.2587687,397.2242992,41.54310958,416.9885031,0.0
2019-06-01 08:00:00+00:00,796.1392059,416.6702575,56.58249667,379.4582796,0.0
2019-06-01 09:00:00+00:00,774.0095113,433.4833501,72.17361917,340.51960310000004,0.0
2019-06-01 10:00:00+00:00,771.8360749,458.7081374,92.272322,313.1178628,0.0
2019-06-01 11:00:00+00:00,763.206955,482.3457618,122.4067213,280.9085031,0.0
2019-06-01 12:00:00+00:00,773.2238159,508.0408858,146.3789081,265.2937449,0.0
2019-06-01 13:00:00+00:00,784.9405926,521.0284475,161.5185333,263.88309229999993,0.0
2019-06-01 14:00:00+00:00,785.4554595,506.0921604,149.3799216,279.21331978000006,0.0
2019-06-01 15:00:00+00:00,789.3882296,460.4665909,106.0219739,328.96867664999996,0.0
2019-06-01 16:00:00+00:00,792.5950622,458.6587219,82.07064583,333.81282245000006,0.0
2019-06-01 17:00:00+00:00,789.1770427,464.3252818,81.526171,324.88473181700004,0.0
2019-06-01 18:00:00+00:00,778.6788635,457.8523737,104.2350498,320.75014137000005,0.0
2019-06-01 19:00:00+00:00,767.9027457,480.5702388,123.7968658,287.3625005,0.0
2019-06-01 20:00:00+00:00,744.0508373,479.1172078,131.1846088,264.9370867,0.0
2019-06-01 21:00:00+00:00,683.0030468,497.6880288,135.7309629,185.28838760000002,0.0
2019-06-01 22:00:00+00:00,647.6048228,488.4855524,136.8865929,159.3048887,0.0
2019-06-01 23:00:00+00:00,616.775645,470.965482,131.979677,145.817818,0.0
2019-06-02 00:00:00+00:00,606.6322836,447.5407841,101.7099247,158.812951433,0.0
2019-06-02 01:00:00+00:00,576.1405385,423.2037938,87.40628992,152.91861895000005,0.0
2019-06-02 02:00:00+00:00,573.9587809,427.5995891,86.6528985,146.3085621,0.0
2019-06-02 03:00:00+00:00,602.1657154,422.2162856,81.4258,179.97947077,0.0
2019-06-02 04:00:00+00:00,642.5343679,438.4086888,96.0237735,204.24669748000002,0.0
2019-06-02 05:00:00+00:00,713.1922862,451.9715246,99.21140183,261.26783090000004,0.0
2019-06-02 06:00:00+00:00,773.3470712,442.9636459,92.443477,330.3827794999999,0.0
2019-06-02 07:00:00+00:00,798.594991,435.3999455,85.14442192,363.31728489999995,0.0
2019-06-02 08:00:00+00:00,805.1577809,424.4919993,75.130716,380.7802035,0.0
2019-06-02 09:00:00+00:00,801.0847982,427.8732478,79.6157865,373.1151258,0.0
2019-06-02 10:00:00+00:00,790.7972312,437.7108587,92.23707117,353.1458051000001,0.0
2019-06-02 11:00:00+00:00,788.038564,433.5828858,81.61546617,354.5221832,0.0
2019-06-02 12:00:00+00:00,776.7306061,436.6461588,86.54801942,340.21414500000003,0.0
2019-06-02 13:00:00+00:00,774.4222667,444.6708449,96.53121742,329.96527900000007,0.0
2019-06-02 14:00:00+00:00,780.3346253,431.4869589,82.32757283,348.88263589999997,0.0
2019-06-02 15:00:00+00:00,786.0368704,409.5654068,67.781611,376.5524768000001,0.0
2019-06-02 16:00:00+00:00,786.8860168,381.3836619,42.23053925,405.56097275,0.0
2019-06-02 17:00:00+00:00,786.6992849,388.8164496,51.00283058,397.8257747999999,0.0
2019-06-02 18:00:00+00:00,772.8785247,406.869779,52.66541175,365.83730399999996,0.0
2019-06-02 19:00:00+00:00,750.9582928,408.4816793,64.75348758,342.48193489999994,0.0
2019-06-02 20:00:00+00:00,728.5897063,415.3453777,68.01109042,313.23486569999994,0.0
2019-06-02 21:00:00+00:00,677.1832428,423.5164083,80.60748108,253.41951167000013,0.0
2019-06-02 22:00:00+00:00,630.9678447,403.2035447,69.06765208,227.7634151,0.0
2019-06-02 23:00:00+00:00,621.7769268,401.5766574,52.42868133,220.243718583,0.0
2019-06-03 00:00:00+00:00,600.3044027,392.0687053,48.48384,208.23461155,0.0
2019-06-03 01:00:00+00:00,575.8929697,411.1940078,44.07915092,164.6847437,0.0
2019-06-03 02:00:00+00:00,602.2947794,409.0426153,29.05826025,193.27744770000004,0.0
2019-06-03 03:00:00+00:00,697.6927948,475.3685888,15.24896792,222.36282157000002,0.0
2019-06-03 04:00:00+00:00,820.5251263,529.8955434,5.792315,290.93984151,0.0
2019-06-03 05:00:00+00:00,917.1487783,560.4469198,2.5012445,356.66762222000006,0.0
2019-06-03 06:00:00+00:00,952.8406373,516.5803657,0.25123425,436.39650538300003,0.0
2019-06-03 07:00:00+00:00,939.3511758,524.6960273,0.486399417,414.75500830000004,0.0
2019-06-03 08:00:00+00:00,938.3567708,560.7508393,6.182622667,377.69720529999995,0.0
2019-06-03 09:00:00+00:00,914.4905904,580.2589112000001,16.774726,334.42100902,0.0
2019-06-03 10:00:00+00:00,933.9669698,582.55012,20.21854758,351.44023608,0.0
2019-06-03 11:00:00+00:00,925.5243988,589.4356893,28.21934025,336.07502908000004,0.0
2019-06-03 12:00:00+00:00,916.1937459,608.310486,41.4177395,307.9266239,0.0
2019-06-03 13:00:00+00:00,903.0540977,593.3966573,50.18571883,309.60633730000006,0.0
2019-06-03 14:00:00+00:00,892.2319133,602.8153636,73.08830992,289.5120784999999,0.0
2019-06-03 15:00:00+00:00,886.9689078,594.6433055,83.81774383,292.31858628000003,0.0
2019-06-03 16:00:00+00:00,868.4165598,615.8270569,70.76293608,252.5114834800001,0.0
2019-06-03 17:00:00+00:00,862.5718486,645.1172793,87.56989942,217.24777586999994,0.0
2019-06-03 18:00:00+00:00,845.7125601,709.2175598,115.0070853,136.51146402999996,0.0
2019-06-03 19:00:00+00:00,801.9045206,744.8560232,134.3354921,57.00912617000006,0.0
2019-06-03 20:00:00+00:00,747.5701243,744.6395976,161.2599038,2.8969960999999103,0.0
2019-06-03 21:00:00+00:00,685.4812827,741.6862539,171.2054816,0.0,56.13925440000003
2019-06-03 22:00:00+00:00,643.3983816,767.7364198,201.7105137,0.0,124.32172570000003
2019-06-03 23:00:00+00:00,621.3964691,760.4167531,196.6047038,0.0,139.0472513
2019-06-04 00:00:00+00:00,615.551585,756.188558,188.8066037,0.0,140.596156
2019-06-04 01:00:00+00:00,577.0624289,716.6657766,162.6349454,0.0,139.5589353
2019-06-04 02:00:00+00:00,600.4726817,718.3343149,156.851194,0.0,118.02479228
2019-06-04 03:00:00+00:00,712.2520701,735.0036315,141.254142,0.0,22.52142526999998
2019-06-04 04:00:00+00:00,848.9300691,741.0335794,101.1874707,107.95182156999999,0.0
2019-06-04 05:00:00+00:00,943.1634573,704.8779856,85.81840333,238.3767858,0.0
2019-06-04 06:00:00+00:00,977.1239778,688.1482798,61.36829375,289.0670977299999,0.0
2019-06-04 07:00:00+00:00,969.3880158,672.5256398,56.67278883,297.21787120000005,0.0
2019-06-04 08:00:00+00:00,980.7554524,653.0327861,54.19247775,327.78696629999996,0.0
2019-06-04 09:00:00+00:00,960.2083181,641.8558095,50.95914117,318.4667298,0.0
2019-06-04 10:00:00+00:00,990.4436391,657.485031,61.013776,333.03639019999997,0.0
2019-06-04 11:00:00+00:00,956.0222167,830.5646973,69.42074875,125.42042740000005,0.0
2019-06-04 12:00:00+00:00,940.6698913,826.9239045,57.59145942,113.7449699,0.0
2019-06-04 13:00:00+00:00,926.4314883,815.4376373,57.6526445,110.99388490000007,0.0
2019-06-04 14:00:00+00:00,912.5044252,735.8787181,41.03571683,176.6266723999999,0.0
2019-06-04 15:00:00+00:00,895.9628295,743.0445251,29.152382,152.92443140000006,0.0
2019-06-04 16:00:00+00:00,878.6785431,604.0939638,27.19094617,274.58458770000004,0.0
2019-06-04 17:00:00+00:00,866.6311391,693.8507283,22.98870358,172.83508362000003,0.0
2019-06-04 18:00:00+00:00,843.6091459,600.7112477,18.73756933,242.93110220000003,0.0
2019-06-04 19:00:00+00:00,798.4433644,661.0790406,27.39240883,137.36022325,0.0
2019-06-04 20:00:00+00:00,751.3356883,599.8893636,32.84447083,151.44118007999998,0.0
2019-06-04 21:00:00+00:00,686.3015036,771.5630238,39.80245683,0.0,85.25843950000004
2019-06-04 22:00:00+00:00,637.0428366,595.6847179,41.73655383,41.34554006999994,0.0
2019-06-04 23:00:00+00:00,618.0820516,540.9785005,39.62624125,77.03984942000002,0.0
2019-06-05 00:00:00+00:00,601.4260966,570.6704814,50.46917042,30.775054679999982,0.0
2019-06-05 01:00:00+00:00,575.6242217,581.7075858,53.61918392,0.0,6.079279280000009
2019-06-05 02:00:00+00:00,603.1157175,555.6928915,49.468437,47.422822070000024,0.0
2019-06-05 03:00:00+00:00,706.1337738,586.5962168,38.09876375,119.53344305000002,0.0
2019-06-05 04:00:00+00:00,837.7768858,637.6052296,25.92652867,200.21359848000003,0.0
2019-06-05 05:00:00+00:00,947.7499136,654.3692729,8.974241833,293.36937437,0.0
2019-06-05 06:00:00+00:00,983.5719959,667.0581919,5.002222583,316.71846447,0.0
2019-06-05 07:00:00+00:00,988.460439,659.6258493,1.93952,328.71759897000004,0.0
2019-06-05 08:00:00+00:00,981.6766357,662.1532796,1.595199167,319.67480038,0.0
2019-06-05 09:00:00+00:00,958.9711712,658.5518291,2.22197975,300.45413871000005,0.0
2019-06-05 10:00:00+00:00,980.0431621,662.6083578,5.187118917,317.2188562,0.0
2019-06-05 11:00:00+00:00,973.2849374,656.848165,7.4082485,316.32727133,0.0
2019-06-05 12:00:00+00:00,976.3854522,639.0651143,8.239012333,337.32749509999996,0.0
2019-06-05 13:00:00+00:00,956.6179554,648.2687988,8.56974625,308.20863749999995,0.0
2019-06-05 14:00:00+00:00,935.9103547,639.4733124,10.55568267,296.43706230000004,0.0
2019-06-05 15:00:00+00:00,918.4386443,653.4365896,10.46262442,265.00308235,0.0
2019-06-05 16:00:00+00:00,896.3948568,643.1161653,9.023313833,253.38918747,0.0
2019-06-05 17:00:00+00:00,879.1161754,647.8040212,8.684931083,231.44162780000005,0.0
2019-06-05 18:00:00+00:00,854.7335968,682.5168455,13.97724451,172.25154297000003,0.0
2019-06-05 19:00:00+00:00,814.7233582,631.6449737,18.71282733,183.0826055999999,0.0
2019-06-05 20:00:00+00:00,767.6721955,658.4100138,21.393285,109.26012989999998,0.0
2019-06-05 21:00:00+00:00,685.4269614,611.6766663,24.40473342,73.68909200000002,0.0
2019-06-05 22:00:00+00:00,641.5339814,603.6611023,26.67268925,37.87084581999994,0.0
2019-06-05 23:00:00+00:00,625.4011588,589.0938211,27.44045308,36.31448614999999,0.0
2019-06-06 00:00:00+00:00,634.5534058,583.5119935,28.0842005,51.051656933000004,0.0
2019-06-06 01:00:00+00:00,617.8627778,594.336497,30.11759092,23.5170205,0.0
2019-06-06 02:00:00+00:00,638.8706972,593.2485352,29.65862675,45.622141000000056,0.0
2019-06-06 03:00:00+00:00,740.6095173,591.0476076,25.76504083,149.64070180000002,0.0
2019-06-06 04:00:00+00:00,882.7389881,655.9040274,22.20521867,226.94035952999997,0.0
2019-06-06 05:00:00+00:00,1002.166102,661.2563731,11.83553342,340.88517220000006,0.0
2019-06-06 06:00:00+00:00,1038.905101,653.4171347,3.76681675,385.4255117,0.0
2019-06-06 07:00:00+00:00,1034.146667,656.3583729,3.731948333,378.01969139999994,0.0
2019-06-06 08:00:00+00:00,1028.668874,651.3952789,4.31786675,377.3513769,0.0
2019-06-06 09:00:00+00:00,1013.529902,658.6441906,7.946704667,354.90925630000004,0.0
2019-06-06 10:00:00+00:00,1031.387889,662.1023458,12.64413183,369.31316227,0.0
2019-06-06 11:00:00+00:00,1014.511678,653.7759349,12.03585775,360.72037889,0.0
2019-06-06 12:00:00+00:00,1017.500397,645.325653,11.18423858,372.11845672000004,0.0
2019-06-06 13:00:00+00:00,990.6157483,584.2188617,14.02348733,406.4234949999999,0.0
2019-06-06 14:00:00+00:00,969.9850008,595.1987508,24.86184225,374.8001021,0.0
2019-06-06 15:00:00+00:00,951.9455718,579.2213898,23.45428392,372.71909049999994,0.0
2019-06-06 16:00:00+00:00,938.964086,571.9297638,18.32625733,367.2338531,0.0
2019-06-06 17:00:00+00:00,927.0930175,505.4369533,15.46074275,421.7144288,0.0
2019-06-06 18:00:00+00:00,892.9601593,428.1854095,13.503499,464.77678469999995,0.0
2019-06-06 19:00:00+00:00,847.1843973,369.0055238,20.41995183,478.1757789999999,0.0
2019-06-06 20:00:00+00:00,799.3909455,397.3896789,26.28252892,402.11993200000006,0.0
2019-06-06 21:00:00+00:00,729.283381,465.1849671,44.46920517,264.1150863,0.0
2019-06-06 22:00:00+00:00,693.0118661,535.1056545,60.95346808,157.82042119999994,0.0
2019-06-06 23:00:00+00:00,664.8607023,568.5096131,81.67225108,96.49352016999995,0.0
2019-06-07 00:00:00+00:00,645.747233,579.5160167,76.46119867,66.30159007000003,0.0
2019-06-07 01:00:00+00:00,620.8474019,559.3820598,73.43238175,61.40502935000006,0.0
2019-06-07 02:00:00+00:00,645.8906606,568.3424174,65.32386292,77.61856352000001,0.0
2019-06-07 03:00:00+00:00,754.4018402,620.3390553,53.18227108,134.2114939,0.0
2019-06-07 04:00:00+00:00,885.0963796,694.0065257,24.25952775,190.97436749999997,0.0
2019-06-07 05:00:00+00:00,982.7683817,738.7209778,15.69369267,244.31903869999996,0.0
2019-06-07 06:00:00+00:00,1030.557576,714.3627828,20.54262258,316.38638569999995,0.0
2019-06-07 07:00:00+00:00,1032.180492,714.3811978,23.07865327,317.9264969,0.0
2019-06-07 08:00:00+00:00,1029.133418,687.2164001,33.28544992,341.81085870000004,0.0
2019-06-07 09:00:00+00:00,1011.871201,657.0623017,27.24725675,354.90268790000005,0.0
2019-06-07 10:00:00+00:00,1033.886098,663.9032289,18.26673292,369.9699928,0.0
2019-06-07 11:00:00+00:00,1020.582998,665.1934306,26.041586,355.5109609,0.0
2019-06-07 12:00:00+00:00,1003.311905,739.8686981,26.54473333,263.79431640000007,0.0
2019-06-07 13:00:00+00:00,971.2616189,719.9535301,33.39792673,251.32563950000002,0.0
2019-06-07 14:00:00+00:00,952.912796,660.2530061,32.69248633,292.7469475,0.0
2019-06-07 15:00:00+00:00,916.0562031,716.724579,13.5129475,199.617704,0.0
2019-06-07 16:00:00+00:00,887.147227,724.5494182,26.50762817,162.66684909999998,0.0
2019-06-07 17:00:00+00:00,881.7413431,741.6288605,42.22898075,140.1451222,0.0
2019-06-07 18:00:00+00:00,867.4658458,466.0091732,42.37487067,401.53484419999995,0.0
2019-06-07 19:00:00+00:00,818.1387889,411.5064036,47.88060483,406.6244116,0.0
2019-06-07 20:00:00+00:00,789.9444274,342.5439122,47.04032108,447.57352220000007,0.0
2019-06-07 21:00:00+00:00,735.2282461,329.0491663,48.24488292,406.23318530000006,0.0
2019-06-07 22:00:00+00:00,697.5035298,359.5904948,71.80490367,337.94211026999994,0.0
2019-06-07 23:00:00+00:00,667.6729127,351.4229407,68.06756917,316.23336229999995,0.0
2019-06-08 00:00:00+00:00,644.3569744,334.4968923,61.16166983,309.8567959,0.0
2019-06-08 01:00:00+00:00,608.5408987,332.0451404,58.38914667,276.5214126200001,0.0
2019-06-08 02:00:00+00:00,603.7869467,326.7189078,49.67978658,276.9458022000001,0.0
2019-06-08 03:00:00+00:00,628.9712423,324.673673,45.23191383,304.11332238000006,0.0
2019-06-08 04:00:00+00:00,673.1700491,314.7744699,33.579385,358.41468392999997,0.0
2019-06-08 05:00:00+00:00,745.569982,306.2779999,20.92380083,439.28926325000003,0.0
2019-06-08 06:00:00+00:00,798.0343781,323.865209,15.84155225,474.1662565999999,0.0
2019-06-08 07:00:00+00:00,821.5667063,332.802892,17.17406183,488.8036687,0.0
2019-06-08 08:00:00+00:00,817.5460714,335.8352,15.1320775,481.7053035999999,0.0
2019-06-08 09:00:00+00:00,807.0345968,345.6491699,28.78240292,461.3849531,0.0
2019-06-08 10:00:00+00:00,800.2154388,340.4646963,36.74468667,459.7543304699999,0.0
2019-06-08 11:00:00+00:00,794.4294688,344.431783,42.38475558,449.99028973000003,0.0
2019-06-08 12:00:00+00:00,792.2024994,345.9278133,47.53410767,446.26891248,0.0
2019-06-08 13:00:00+00:00,788.5614217,339.7669829,43.22952933,448.79971628,0.0
2019-06-08 14:00:00+00:00,796.5755973,358.5563863,58.39102983,438.0167509,0.0
2019-06-08 15:00:00+00:00,791.3426259,351.3048477,50.09127067,440.0329961,0.0
2019-06-08 16:00:00+00:00,783.2773132,328.723653,40.35430792,454.5624408,0.0
2019-06-08 17:00:00+00:00,777.9072317,327.8453573,40.2700735,450.0325092,0.0
2019-06-08 18:00:00+00:00,760.9562022,326.0198083,41.73819142,434.92633372,0.0
2019-06-08 19:00:00+00:00,735.8764597,332.4372967,37.91814725,403.44170710000003,0.0
2019-06-08 20:00:00+00:00,726.4706727,356.5820109,59.37670467,369.90230756999995,0.0
2019-06-08 21:00:00+00:00,673.6228028,374.7202859,82.65817242,298.9070766000001,0.0
2019-06-08 22:00:00+00:00,632.4036512,352.3786798,60.99082858,280.0481516,0.0
2019-06-08 23:00:00+00:00,597.6388703,335.7168783,52.11215775,261.59912995,0.0
2019-06-09 00:00:00+00:00,583.6336822,338.1172537,53.32089133,245.5384717,0.0
2019-06-09 01:00:00+00:00,550.6977947,338.6103286,54.51474858,212.04898879999996,0.0
2019-06-09 02:00:00+00:00,552.8464916,338.6199213,50.9213965,214.13596750000005,0.0
2019-06-09 03:00:00+00:00,572.1377971,327.0019633,39.946626,245.0514154,0.0
2019-06-09 04:00:00+00:00,615.5011495,335.6605072,46.83490967,279.9590183330001,0.0
2019-06-09 05:00:00+00:00,677.4401651,334.621198,45.52043258,342.90527105,0.0
2019-06-09 06:00:00+00:00,740.3743388,359.1651587,61.93691275,381.21704456999987,0.0
2019-06-09 07:00:00+00:00,767.7197622,367.8994854,69.56920883,399.92770207,0.0
2019-06-09 08:00:00+00:00,770.5549418,386.1984305,82.956444,384.35797902,0.0
2019-06-09 09:00:00+00:00,750.1150463,367.3400243,67.89673375,382.77579155,0.0
2019-06-09 10:00:00+00:00,743.5171662,356.0292993,52.06784208,387.49005266999995,0.0
2019-06-09 11:00:00+00:00,736.6490783,378.1175816,63.83424083,358.52915805,0.0
2019-06-09 12:00:00+00:00,732.2226256,411.8732478,99.448699,320.3485142499999,0.0
2019-06-09 13:00:00+00:00,739.5190024,414.6223958,104.0113728,324.89431788000013,0.0
2019-06-09 14:00:00+00:00,759.2305958,433.0757878,120.9490384,326.1560584,0.0
2019-06-09 15:00:00+00:00,771.5102998,443.2329152,138.3206708,328.26883759999987,0.0
2019-06-09 16:00:00+00:00,783.4355316,428.8633042,125.8238755,354.59978055,0.0
2019-06-09 17:00:00+00:00,781.8557637,410.8856125,120.1292516,370.9494483,0.0
2019-06-09 18:00:00+00:00,766.2805635,407.1951878,95.76822225,359.07386792,0.0
2019-06-09 19:00:00+00:00,744.8848164,407.3297551,93.73611517,337.51831218000007,0.0
2019-06-09 20:00:00+00:00,724.0983123,401.8045222,100.900766,322.28995767000004,0.0
2019-06-09 21:00:00+00:00,678.6394501,408.0259043,115.3949189,270.6178727,0.0
2019-06-09 22:00:00+00:00,629.4850667,413.3101171,122.9050343,216.29711633000002,0.0
2019-06-09 23:00:00+00:00,609.7655385,391.5575002,101.8206685,218.37789621999997,0.0
2019-06-10 00:00:00+00:00,594.6756338,392.9151356,104.2924642,201.74606571999996,0.0
2019-06-10 01:00:00+00:00,574.8558045,377.1293715,92.42583792,197.82832822000003,0.0
2019-06-10 02:00:00+00:00,594.7043508,369.6798707,87.39953808,224.93390854999998,0.0
2019-06-10 03:00:00+00:00,698.8238271,353.9832153,72.06561717,344.94913055000006,0.0
2019-06-10 04:00:00+00:00,818.3404032,329.0615284,44.98692058,489.310162,0.0
2019-06-10 05:00:00+00:00,938.1824392,327.5043413,39.95846717,610.6844120000001,0.0
2019-06-10 06:00:00+00:00,979.001358,329.7891133,39.13908417,649.2147206999999,0.0
2019-06-10 07:00:00+00:00,975.5083973,338.8888523,45.15561925,636.6159479,0.0
2019-06-10 08:00:00+00:00,972.4329936,352.4943924,55.01371525,619.942965,0.0
2019-06-10 09:00:00+00:00,958.4011537,362.8977561,60.06497358,595.4982841000001,0.0
2019-06-10 10:00:00+00:00,977.0534362,355.4630584,54.07575425,621.5738183000001,0.0
2019-06-10 11:00:00+00:00,971.9134827,352.2468848,52.04052675,619.6709732,0.0
2019-06-10 12:00:00+00:00,973.8424223,338.6207937,35.4416875,635.2463121000001,0.0
2019-06-10 13:00:00+00:00,955.6545308,337.7865778,34.22749667,617.8764868999999,0.0
2019-06-10 14:00:00+00:00,926.2455495,324.5564476,24.642826,601.6913359,0.0
2019-06-10 15:00:00+00:00,899.7925365,312.1820908,19.3673965,587.6046263000001,0.0
2019-06-10 16:00:00+00:00,891.1313578,302.6579336,14.59127142,588.47392,0.0
2019-06-10 17:00:00+00:00,898.8219961,298.843839,13.09954492,599.9629773,0.0
2019-06-10 18:00:00+00:00,871.5335998,300.9139482,15.94528483,570.6120813,0.0
2019-06-10 19:00:00+00:00,831.3979034,299.087799,14.47198808,532.3041532000001,0.0
2019-06-10 20:00:00+00:00,791.2368468,301.3439585,15.71812183,489.88580060000004,0.0
2019-06-10 21:00:00+00:00,712.055715,300.9718552,14.06236083,411.0840126,0.0
2019-06-10 22:00:00+00:00,668.4346008,303.9747721,14.94010008,364.46593792000004,0.0
2019-06-10 23:00:00+00:00,649.1608632,310.766716,15.49839208,338.40322132,0.0
2019-06-11 00:00:00+00:00,639.1670634,302.711797,15.2003885,336.45486687999994,0.0
2019-06-11 01:00:00+00:00,612.9396616,304.4501293,16.18763258,308.45218945,0.0
2019-06-11 02:00:00+00:00,632.0170747,312.1072796,20.364498,319.91902765,0.0
2019-06-11 03:00:00+00:00,731.2290904,323.6422755,20.18642033,407.58942875,0.0
2019-06-11 04:00:00+00:00,855.5925598,329.4495393,19.5134355,526.141813,0.0
2019-06-11 05:00:00+00:00,967.7789968,339.7442448,18.56849442,628.0178668000001,0.0
2019-06-11 06:00:00+00:00,1003.569641,355.9001338,19.81562583,647.6278957000001,0.0
2019-06-11 07:00:00+00:00,1001.929983,348.2368521,19.02596417,653.6768625,0.0
2019-06-11 08:00:00+00:00,1003.346242,351.778951,18.12705817,651.5943276,0.0
2019-06-11 09:00:00+00:00,1010.465124,350.8786748,14.84463,659.5916751,0.0
2019-06-11 10:00:00+00:00,1049.366933,359.0858639,23.2546435,690.2834365,0.0
2019-06-11 11:00:00+00:00,1034.469605,359.0311686,26.014385,675.4513535999998,0.0
2019-06-11 12:00:00+00:00,1018.368062,356.9300918,27.88844833,661.4385421000001,0.0
2019-06-11 13:00:00+00:00,990.5540873,375.1268641,45.98950133,615.4222184999999,0.0
2019-06-11 14:00:00+00:00,969.0938722,381.8783823,55.37212683,587.2142377999999,0.0
2019-06-11 15:00:00+00:00,944.4476418,368.1326345,44.16213,576.3246679,0.0
2019-06-11 16:00:00+00:00,923.481486,364.8364995,45.63200933,558.6572503,0.0
2019-06-11 17:00:00+00:00,916.3161265,366.1563723,45.31401467,550.2002123,0.0
2019-06-11 18:00:00+00:00,896.3536937,363.024643,43.67827308,533.346929,0.0
2019-06-11 19:00:00+00:00,843.4064382,360.081927,42.649829,483.31223140000003,0.0
2019-06-11 20:00:00+00:00,794.5070749,356.1955592,39.61767517,438.3069554999999,0.0
2019-06-11 21:00:00+00:00,729.8781688,341.2216846,32.4816905,388.6568598999999,0.0
2019-06-11 22:00:00+00:00,689.691447,348.4274623,41.4479785,341.26022520000004,0.0
2019-06-11 23:00:00+00:00,668.8006948,345.2142614,63.00189967,323.59525133,0.0
2019-06-12 00:00:00+00:00,655.7992097,337.3173218,68.30413517,318.49366454999995,0.0
2019-06-12 01:00:00+00:00,628.2363892,382.3796158,111.9268573,245.8911050499999,0.0
2019-06-12 02:00:00+00:00,649.0571493,415.0549776,138.9790048,234.09929305000003,0.0
2019-06-12 03:00:00+00:00,747.9730936,427.9597754,147.3845788,320.0158476200001,0.0
2019-06-12 04:00:00+00:00,869.1065319,419.5741958,133.3787494,449.524861,0.0
2019-06-12 05:00:00+00:00,963.4186706,421.2302373,110.3925837,542.2178318,0.0
2019-06-12 06:00:00+00:00,996.111201,430.7416431,106.1691767,565.3839118999999,0.0
2019-06-12 07:00:00+00:00,992.6900483,439.2189966,111.5144003,553.4718496999999,0.0
2019-06-12 08:00:00+00:00,993.65331,450.0359903,119.7184744,543.6278355,0.0
2019-06-12 09:00:00+00:00,983.0113577,453.9577713,123.9490936,529.0530019,0.0
2019-06-12 10:00:00+00:00,1003.781031,462.6768772,131.9846051,541.1031356000001,0.0
2019-06-12 11:00:00+00:00,994.5808258,481.8185833,149.6608305,512.7423259,0.0
2019-06-12 12:00:00+00:00,983.6660664,492.8250098,161.2383438,490.83174410000004,0.0
2019-06-12 13:00:00+00:00,960.9252572,505.809644,176.7852678,455.1200113,0.0
2019-06-12 14:00:00+00:00,942.8277282,478.6819713,171.2542596,464.12322299999994,0.0
2019-06-12 15:00:00+00:00,927.6873321,468.992836,166.0074423,458.7062489,0.0
2019-06-12 16:00:00+00:00,913.3234203,461.1857452,166.4199034,452.113555,0.0
2019-06-12 17:00:00+00:00,905.0246378,454.3434245,150.4472669,450.68542409999986,0.0
2019-06-12 18:00:00+00:00,869.3035076,422.8185399,140.2306083,446.4997417999998,0.0
2019-06-12 19:00:00+00:00,833.2912037,445.357394,142.3588693,387.909038,0.0
2019-06-12 20:00:00+00:00,790.3877156,434.6087773,147.0077456,355.7878846,0.0
2019-06-12 21:00:00+00:00,734.0701192,433.7558033,144.7925928,300.2901741,0.0
2019-06-12 22:00:00+00:00,685.1653493,430.8779603,138.776647,254.28023438000008,0.0
2019-06-12 23:00:00+00:00,661.2457072,413.7468389,132.7548323,247.33720246999997,0.0
2019-06-13 00:00:00+00:00,639.0049286,421.0977835,147.2532982,217.60847098,0.0
2019-06-13 01:00:00+00:00,620.6487529,408.9486108,134.1401794,211.7442443000001,0.0
2019-06-13 02:00:00+00:00,641.8808238,414.260671,138.2257225,227.75403352000006,0.0
2019-06-13 03:00:00+00:00,750.6007488,437.8592097,161.6679455,312.7029765,0.0
2019-06-13 04:00:00+00:00,874.8186239,416.1893921,121.1788728,458.6165739,0.0
2019-06-13 05:00:00+00:00,988.7377575,433.1629308,121.4097243,555.5775922999999,0.0
2019-06-13 06:00:00+00:00,1042.93749,454.3216249,132.8508495,588.5889058,0.0
2019-06-13 07:00:00+00:00,1042.488414,457.3564557,132.0625278,585.1299646,0.0
2019-06-13 08:00:00+00:00,1031.025462,442.6420034,121.9937067,588.3976468,0.0
2019-06-13 09:00:00+00:00,1002.733846,430.9460298,112.6536682,571.7926295,0.0
2019-06-13 10:00:00+00:00,1015.919373,394.6904272,85.03130692,621.2429076,0.0
2019-06-13 11:00:00+00:00,1010.237488,396.4891256,75.64435833,613.8056471999998,0.0
2019-06-13 12:00:00+00:00,1018.833934,393.7521413,67.34632933,625.0929974000001,0.0
2019-06-13 13:00:00+00:00,1003.416361,377.4487558,62.34510833,625.9423448999999,0.0
2019-06-13 14:00:00+00:00,992.8467102,360.6246898,66.92238,632.2179044000001,0.0
2019-06-13 15:00:00+00:00,980.0350798,359.9821981,70.36244417,620.0457694,0.0
2019-06-13 16:00:00+00:00,957.9367573,350.160075,48.98223483,607.7731424,0.0
2019-06-13 17:00:00+00:00,952.748225,366.5332108,69.61824133,586.218419,0.0
2019-06-13 18:00:00+00:00,936.4820455,355.0749663,61.29432133,581.4202806,0.0
2019-06-13 19:00:00+00:00,899.2130382,347.6833725,57.38783792,551.5239009,0.0
2019-06-13 20:00:00+00:00,844.795049,337.4085922,47.89693075,507.3893399,0.0
2019-06-13 21:00:00+00:00,777.7986247,317.5985617,29.88800967,460.162238,0.0
2019-06-13 22:00:00+00:00,736.1444856,314.4161709,30.76653383,421.7423452,0.0
2019-06-13 23:00:00+00:00,715.5741678,328.0806376,47.02209475,387.4908729000001,0.0
2019-06-14 00:00:00+00:00,702.372106,320.1245168,26.73331825,382.2764213,0.0
2019-06-14 01:00:00+00:00,668.090393,329.4806596,23.26869175,338.5969934800001,0.0
2019-06-14 02:00:00+00:00,685.1119436,354.0349579,22.87639367,331.0645336200001,0.0
2019-06-14 03:00:00+00:00,773.9780222,354.0251668,24.28020192,419.9565863,0.0
2019-06-14 04:00:00+00:00,905.5967916,359.3847733,21.37597733,546.2135761,0.0
2019-06-14 05:00:00+00:00,1014.892502,433.2333883,10.70773592,581.6653428,0.0
2019-06-14 06:00:00+00:00,1062.689189,473.0960363,9.53511975,589.5836688,0.0
2019-06-14 07:00:00+00:00,1070.981924,486.0160014,16.82789375,584.9613245,0.0
2019-06-14 08:00:00+00:00,1077.55956,494.2230504,26.36267317,583.3385006,0.0
2019-06-14 09:00:00+00:00,1057.772888,496.9997559,31.87570117,560.7672338,0.0
2019-06-14 10:00:00+00:00,1071.462667,492.1793746,23.69548858,579.2859593000001,0.0
2019-06-14 11:00:00+00:00,1052.528381,513.2428182,43.982783,539.2820214000001,0.0
2019-06-14 12:00:00+00:00,1037.037303,529.7495625,51.66283525,507.3002816,0.0
2019-06-14 13:00:00+00:00,1004.087392,541.236196,54.69025558,462.7764805,0.0
2019-06-14 14:00:00+00:00,965.7091522,557.0118865,64.06238642,408.69683620000006,0.0
2019-06-14 15:00:00+00:00,943.1104278,575.1881918,78.09906092,367.92883159999997,0.0
2019-06-14 16:00:00+00:00,925.0207062,566.1431224,74.90494292,358.87752559999996,0.0
2019-06-14 17:00:00+00:00,897.3766326,554.0817618,69.17770358,343.2892565,0.0
2019-06-14 18:00:00+00:00,864.4328613,448.5832266,78.15640017,415.8691036000001,0.0
2019-06-14 19:00:00+00:00,828.3134766,347.1579716,65.607392,481.21991259999993,0.0
2019-06-14 20:00:00+00:00,796.3321941,329.9008788,57.72651033,466.5740743000001,0.0
2019-06-14 21:00:00+00:00,746.2662507,323.2251409,52.05717708,423.15448819999995,0.0
2019-06-14 22:00:00+00:00,690.8394318,339.229515,68.81702775,351.6542296000001,0.0
2019-06-14 23:00:00+00:00,660.8013103,329.9084726,61.22556625,330.84224693,0.0
2019-06-15 00:00:00+00:00,649.0003863,319.9300512,50.32144692,329.21429617,0.0
2019-06-15 01:00:00+00:00,613.6357218,324.3988598,52.29771092,289.2653738700001,0.0
2019-06-15 02:00:00+00:00,611.8445485,327.4841843,54.2508965,284.4555072000001,0.0
2019-06-15 03:00:00+00:00,646.3434397,332.5180003,56.71404833,313.7559740329999,0.0
2019-06-15 04:00:00+00:00,698.9065858,331.320727,54.018671,367.61580322,0.0
2019-06-15 05:00:00+00:00,764.3165436,324.2738623,35.24510633,440.020575,0.0
2019-06-15 06:00:00+00:00,809.7144927,325.8793337,34.09380467,483.8816948,0.0
2019-06-15 07:00:00+00:00,828.302653,337.7653529,31.82501542,490.6250226000001,0.0
2019-06-15 08:00:00+00:00,820.3496195,338.9551492,23.86086917,481.4910809999999,0.0
2019-06-15 09:00:00+00:00,808.5921631,342.211543,22.43453242,466.437556,0.0
2019-06-15 10:00:00+00:00,805.8005218,339.4122595,21.31413408,466.4502549,0.0
2019-06-15 11:00:00+00:00,793.1314443,342.7418874,26.59848667,450.43375303000005,0.0
2019-06-15 12:00:00+00:00,788.6156972,339.8799465,27.6449015,448.77021007999997,0.0
2019-06-15 13:00:00+00:00,777.0692598,330.636879,25.73211883,446.43330003299997,0.0
2019-06-15 14:00:00+00:00,780.0225271,336.969429,29.63812833,443.10200449999996,0.0
2019-06-15 15:00:00+00:00,783.1271973,326.3718212,26.75992508,456.80481310000005,0.0
2019-06-15 16:00:00+00:00,784.3679454,307.7439803,22.64408558,476.63004231700006,0.0
2019-06-15 17:00:00+00:00,780.2087606,288.1737263,22.22954758,492.02695422,0.0
2019-06-15 18:00:00+00:00,761.5412038,256.0330277,21.20171942,505.5125533170001,0.0
2019-06-15 19:00:00+00:00,738.2378895,254.9153199,26.50239333,483.30698185000006,0.0
2019-06-15 20:00:00+00:00,732.3481647,253.6826885,23.95090833,478.594861317,0.0
2019-06-15 21:00:00+00:00,698.4989471,248.3740731,17.23859308,450.0749684,0.0
2019-06-15 22:00:00+00:00,658.1792907,241.0431927,10.60057842,417.1492400000001,0.0
2019-06-15 23:00:00+00:00,634.2829894,236.6510291,8.616722167,397.63802276999996,0.0
2019-06-16 00:00:00+00:00,609.2267965,268.3658206,7.597109083,340.8922017,0.0
2019-06-16 01:00:00+00:00,579.6534526,275.3569259,6.980973667,304.2341628,0.0
2019-06-16 02:00:00+00:00,575.0194297,275.0043133,6.74709675,300.04270490000005,0.0
2019-06-16 03:00:00+00:00,601.0397035,278.9028702,6.776996,322.1383477,0.0
2019-06-16 04:00:00+00:00,642.8708141,282.5796103,6.528087833,360.2446991,0.0
2019-06-16 05:00:00+00:00,702.955602,283.2780966,2.914970167,419.69031660000013,0.0
2019-06-16 06:00:00+00:00,753.5453695,284.5502904,0.94945575,469.00905108000006,0.0
2019-06-16 07:00:00+00:00,781.1589051,283.0146257,0.069987917,498.15835453,0.0
2019-06-16 08:00:00+00:00,779.5091348,288.3673681,0.578493,491.13661790000003,0.0
2019-06-16 09:00:00+00:00,775.377421,291.6016719,0.601537833,483.77479023,0.0
2019-06-16 10:00:00+00:00,778.8035684,304.4484253,8.5779315,474.3704201799999,0.0
2019-06-16 11:00:00+00:00,775.8133138,314.2103144,8.623491417,461.5681305700001,0.0
2019-06-16 12:00:00+00:00,772.3473105,320.6293894,12.05248883,451.699837783,0.0
2019-06-16 13:00:00+00:00,774.8799896,306.7259955,12.98968683,467.9685498999999,0.0
2019-06-16 14:00:00+00:00,788.3485261,293.5401053,12.09075883,494.7938052,0.0
2019-06-16 15:00:00+00:00,796.9371643,284.050293,10.11814025,512.8734016999999,0.0
2019-06-16 16:00:00+00:00,803.0241597,283.2304003,10.59243525,519.9108629,0.0
2019-06-16 17:00:00+00:00,804.5184938,286.0935923,12.47570467,518.52913887,0.0
2019-06-16 18:00:00+00:00,787.9069011,287.4821574,15.05781867,500.4374412,0.0
2019-06-16 19:00:00+00:00,758.8929646,296.5852128,23.425857,462.32931033,0.0
2019-06-16 20:00:00+00:00,738.8622488,299.8659998,27.21289417,438.9969250500001,0.0
2019-06-16 21:00:00+00:00,697.3976442,298.4756902,26.65373008,399.07348270000006,0.0
2019-06-16 22:00:00+00:00,660.5682577,301.2187832,30.73913775,359.35604893,0.0
2019-06-16 23:00:00+00:00,648.7813263,300.5795821,31.67110908,348.30901240000003,0.0
2019-06-17 00:00:00+00:00,626.5063732,305.5560863,35.0021285,320.79177517,0.0
2019-06-17 01:00:00+00:00,610.5126139,306.6302847,35.354239,303.8892103000001,0.0
2019-06-17 02:00:00+00:00,628.0671488,296.8501231,26.39885842,331.0895265,0.0
2019-06-17 03:00:00+00:00,714.9646708,292.5523351,19.09681883,422.2937744999999,0.0
2019-06-17 04:00:00+00:00,838.3326314,303.8076604,11.76613075,534.6269969699999,0.0
2019-06-17 05:00:00+00:00,950.6859029,316.1968764,11.50430583,634.5406758200002,0.0
2019-06-17 06:00:00+00:00,990.7639313,327.6492844,12.78519358,663.0784057000001,0.0
2019-06-17 07:00:00+00:00,989.8974203,343.2296321,15.68550225,646.63161842,0.0
2019-06-17 08:00:00+00:00,1007.535736,338.7940699,10.82817025,668.6375003,0.0
2019-06-17 09:00:00+00:00,999.274053,342.7056122,11.16408342,656.5068550000001,0.0
2019-06-17 10:00:00+00:00,1011.087179,355.9997763,18.26529033,654.9938153,0.0
2019-06-17 11:00:00+00:00,992.1358186,358.5092417,25.42006167,633.9425058999999,0.0
2019-06-17 12:00:00+00:00,985.5114186,372.4590963,36.192707,612.9453816999999,0.0
2019-06-17 13:00:00+00:00,962.5783435,370.6731313,45.71805292,591.9075587,0.0
2019-06-17 14:00:00+00:00,935.246521,376.1738739,69.6730275,558.9899336,0.0
2019-06-17 15:00:00+00:00,919.9823252,383.1836089,80.07169283,536.9505128,0.0
2019-06-17 16:00:00+00:00,898.0285236,381.7635448,83.14961867,516.20925543,0.0
2019-06-17 17:00:00+00:00,890.3313142,398.3710048,97.08528675,491.9396798,0.0
2019-06-17 18:00:00+00:00,863.1652985,397.6646297,98.61913983,465.56345899999997,0.0
2019-06-17 19:00:00+00:00,799.0678304,382.127388,84.60756733,417.02980579999996,0.0
2019-06-17 20:00:00+00:00,746.6566315,390.4529012,96.51893167,356.06221160000007,0.0
2019-06-17 21:00:00+00:00,697.6172129,381.5968805,97.26688225,316.015515583,0.0
2019-06-17 22:00:00+00:00,658.8288523,379.3176982,90.26333242,279.65479032999997,0.0
2019-06-17 23:00:00+00:00,639.3363495,369.4302875,81.90673917,269.9732152000001,0.0
2019-06-18 00:00:00+00:00,619.3435822,367.7092973,77.42607217,251.82986130000006,0.0
2019-06-18 01:00:00+00:00,591.9382578,375.4895196,85.51753558,216.48428380000001,0.0
2019-06-18 02:00:00+00:00,626.1716664,376.2701594,85.16429658,250.02269923000006,0.0
2019-06-18 03:00:00+00:00,734.9152427,369.0837811,73.83366342,365.893243,0.0
2019-06-18 04:00:00+00:00,856.4317779,381.7828343,58.897075,474.64476353000003,0.0
2019-06-18 05:00:00+00:00,954.1296284,397.8465628,58.8857865,556.2856361700001,0.0
2019-06-18 06:00:00+00:00,990.0189666,416.1775972,69.49194825,573.85487328,0.0
2019-06-18 07:00:00+00:00,983.9065043,414.0932235,80.14738858,569.80603483,0.0
2019-06-18 08:00:00+00:00,984.6493429,398.893425,71.72481292,585.7441357999999,0.0
2019-06-18 09:00:00+00:00,966.2097168,390.8331706,65.80965758,575.3673825999999,0.0
2019-06-18 10:00:00+00:00,978.4459992,402.0033543,68.97372392,576.19184783,0.0
2019-06-18 11:00:00+00:00,970.4236502,412.5116578,86.04332325,557.91976183,0.0
2019-06-18 12:00:00+00:00,968.1076303,411.3864619,92.02186492,556.72724755,0.0
2019-06-18 13:00:00+00:00,949.782781,409.5915121,101.7142103,540.18333383,0.0
2019-06-18 14:00:00+00:00,931.4706879,396.2433065,98.15553392,535.21933207,0.0
2019-06-18 15:00:00+00:00,919.0029502,392.0736771,84.351939,526.93276823,0.0
2019-06-18 16:00:00+00:00,898.5685628,375.0482585,75.487507,523.50100505,0.0
2019-06-18 17:00:00+00:00,881.9475809,363.8387782,68.46118092,518.07335718,0.0
2019-06-18 18:00:00+00:00,857.0767924,355.2964985,61.20801983,501.77446967000003,0.0
2019-06-18 19:00:00+00:00,814.1327718,357.8865612,64.50571275,456.23981987999997,0.0
2019-06-18 20:00:00+00:00,769.9502971,369.6090648,75.2156085,400.35980917999996,0.0
2019-06-18 21:00:00+00:00,720.2324268,351.2633642,58.15174283,368.99599119999993,0.0
2019-06-18 22:00:00+00:00,685.180537,354.2256496,60.01179975,330.9527947,0.0
2019-06-18 23:00:00+00:00,658.3582255,349.9029668,60.25161708,308.30076438000003,0.0
2019-06-19 00:00:00+00:00,637.7080587,354.9228312,57.38572508,283.03793934999993,0.0
2019-06-19 01:00:00+00:00,613.3423513,372.8233769,59.77857183,240.5221741,0.0
2019-06-19 02:00:00+00:00,629.4148101,390.9148967,64.37005033,238.43181669999993,0.0
2019-06-19 03:00:00+00:00,731.0281015,394.2843323,52.84548708,336.84354476699997,0.0
2019-06-19 04:00:00+00:00,846.6569823,407.9567592,31.8413025,438.71593425000003,0.0
2019-06-19 05:00:00+00:00,938.5785065,488.4259338,23.39170575,450.1465006,0.0
2019-06-19 06:00:00+00:00,981.8947298,512.6474583,27.53338033,469.2632714829999,0.0
2019-06-19 07:00:00+00:00,984.9623668,524.7553001,33.18904917,460.21479272000005,0.0
2019-06-19 08:00:00+00:00,988.8588258,520.9624889,29.10453583,467.93812089999994,0.0
2019-06-19 09:00:00+00:00,971.0915883,541.4809011,21.68965,429.60505129999996,0.0
2019-06-19 10:00:00+00:00,990.1449178,524.888031,24.732895,465.2614130999999,0.0
2019-06-19 11:00:00+00:00,971.1327261,518.7011922,31.89271167,452.42589659999993,0.0
2019-06-19 12:00:00+00:00,968.7247622,511.4265672,36.17617233,457.2835893999999,0.0
2019-06-19 13:00:00+00:00,944.6763408,504.3938828,34.62288267,440.2891538999999,0.0
2019-06-19 14:00:00+00:00,928.399938,487.9925003,22.3361225,440.4230646,0.0
2019-06-19 15:00:00+00:00,916.1652273,508.1794484,14.76025525,407.9778605000001,0.0
2019-06-19 16:00:00+00:00,901.935089,486.8774745,13.50401483,415.0396736,0.0
2019-06-19 17:00:00+00:00,868.5193939,463.5029272,13.83903083,405.026033,0.0
2019-06-19 18:00:00+00:00,835.2972261,374.8334097,12.08709075,460.50772053,0.0
2019-06-19 19:00:00+00:00,803.1825764,343.4557521,19.54984317,459.73564153,0.0
2019-06-19 20:00:00+00:00,755.465378,298.7930323,20.03319825,456.6626416799999,0.0
2019-06-19 21:00:00+00:00,695.488439,282.4301098,19.5135735,413.04899422999995,0.0
2019-06-19 22:00:00+00:00,656.6529693,273.4047699,14.46304717,383.2607541,0.0
2019-06-19 23:00:00+00:00,629.5067748,278.4606807,12.17180067,351.0456031,0.0
2019-06-20 00:00:00+00:00,607.6950024,280.9290898,11.39409833,326.8143259000001,0.0
2019-06-20 01:00:00+00:00,582.2408345,286.1508332,17.93935942,296.31904829999996,0.0
2019-06-20 02:00:00+00:00,598.7696788,294.1750286,27.13573492,304.7618428,0.0
2019-06-20 03:00:00+00:00,696.0306345,303.9190471,33.81693108,392.11162629999995,0.0
2019-06-20 04:00:00+00:00,818.928426,308.1090393,32.74163792,510.8035881,0.0
2019-06-20 05:00:00+00:00,925.1104583,308.0952023,19.03003983,617.0092267,0.0
2019-06-20 06:00:00+00:00,975.309682,311.4860026,8.2019825,663.8038859999999,0.0
2019-06-20 07:00:00+00:00,985.4640146,304.9815852,4.650237333,680.4851570999999,0.0
2019-06-20 08:00:00+00:00,989.1019693,308.9587021,3.180000917,680.2020284,0.0
2019-06-20 09:00:00+00:00,967.859792,322.5427678,8.662219583,645.3015039,0.0
2019-06-20 10:00:00+00:00,990.3993887,331.4355367,19.00685758,659.0236358999999,0.0
2019-06-20 11:00:00+00:00,984.5222169,326.4101078,23.272854,658.1180267999999,0.0
2019-06-20 12:00:00+00:00,980.8248953,321.4164786,30.05846658,659.33340572,0.0
2019-06-20 13:00:00+00:00,947.8291372,338.9605865,54.19061058,608.82027025,0.0
2019-06-20 14:00:00+00:00,910.5971578,320.1779431,41.270192,590.41447873,0.0
2019-06-20 15:00:00+00:00,892.1450908,315.0517782,38.15104508,577.0971004200001,0.0
2019-06-20 16:00:00+00:00,868.7667286,317.1380463,43.814596,551.5730246,0.0
2019-06-20 17:00:00+00:00,855.3504385,318.4330443,43.59721517,536.95091955,0.0
2019-06-20 18:00:00+00:00,812.8330688,302.7045085,40.72768358,510.12826359999997,0.0
2019-06-20 19:00:00+00:00,775.60466,318.2476324,48.35405075,457.34453770000016,0.0
2019-06-20 20:00:00+00:00,739.4977824,334.3423133,58.995387,405.1366064,0.0
2019-06-20 21:00:00+00:00,684.3471731,343.4884008,66.36636108,340.84693348300004,0.0
2019-06-20 22:00:00+00:00,639.4778137,353.1970318,76.12352033,286.27136959999996,0.0
2019-06-20 23:00:00+00:00,611.4057107,350.1861444,77.865787,261.2810829,0.0
2019-06-21 00:00:00+00:00,596.2785693,335.8835628,71.8920345,260.3680283000001,0.0
2019-06-21 01:00:00+00:00,567.9617413,313.6633758,52.96672858,254.2321169,0.0
2019-06-21 02:00:00+00:00,608.2040507,309.8088455,42.07170925,298.4742484,0.0
2019-06-21 03:00:00+00:00,700.83462,329.9879048,44.69615967,370.79796350000004,0.0
2019-06-21 04:00:00+00:00,824.7315318,353.7328543,32.89985417,470.96620356999995,0.0
2019-06-21 05:00:00+00:00,935.3333843,385.0542679,26.54172308,550.288244,0.0
2019-06-21 06:00:00+00:00,982.0274251,409.3373821,24.24811308,572.6828951,0.0
2019-06-21 07:00:00+00:00,984.1550089,361.5471013,20.21601433,622.6143777999999,0.0
2019-06-21 08:00:00+00:00,983.4761913,376.0445098,24.69560433,607.4219406999999,0.0
2019-06-21 09:00:00+00:00,966.2487437,384.1279602,34.77410808,582.1251055200001,0.0
2019-06-21 10:00:00+00:00,974.3149109,395.5928116,52.92596517,578.6602032700001,0.0
2019-06-21 11:00:00+00:00,941.6726786,378.7148412,43.91889742,562.95897423,0.0
2019-06-21 12:00:00+00:00,927.6073761,370.9139888,41.47545725,556.68721337,0.0
2019-06-21 13:00:00+00:00,902.9768728,349.972679,45.506654,552.99356377,0.0
2019-06-21 14:00:00+00:00,896.4543611,350.4728725,46.30763725,545.9803316,0.0
2019-06-21 15:00:00+00:00,868.4195658,369.6273295,65.33969675,498.80232739999997,0.0
2019-06-21 16:00:00+00:00,851.5323283,356.1302413,55.412301,495.4062548500001,0.0
2019-06-21 17:00:00+00:00,830.2062023,341.8242263,47.5675655,488.38408187999994,0.0
2019-06-21 18:00:00+00:00,787.7310741,298.7688649,54.84067333,488.98906509999995,0.0
2019-06-21 19:00:00+00:00,754.2297058,289.7258962,42.88130717,464.52512880000006,0.0
2019-06-21 20:00:00+00:00,726.1960093,277.9732412,30.38695567,448.3375606000001,0.0
2019-06-21 21:00:00+00:00,688.974289,298.2627488,44.61921008,390.77981523000005,0.0
2019-06-21 22:00:00+00:00,642.3179983,283.1705933,42.40051917,359.2849118,0.0
2019-06-21 23:00:00+00:00,613.9364371,287.0628407,47.16424067,326.91289680000006,0.0
2019-06-22 00:00:00+00:00,588.2200064,293.9525732,54.55683117,294.24139102,0.0
2019-06-22 01:00:00+00:00,547.2789002,284.7130991,47.70356483,262.67791344999995,0.0
2019-06-22 02:00:00+00:00,546.9075063,284.8916983,44.25428775,262.08540861999995,0.0
2019-06-22 03:00:00+00:00,578.7654521,290.7973658,46.25217433,288.03422675,0.0
2019-06-22 04:00:00+00:00,624.8159076,299.9478048,55.25792492,324.8717904299999,0.0
2019-06-22 05:00:00+00:00,693.3631337,348.5476404,92.53139225,344.76067901700003,0.0
2019-06-22 06:00:00+00:00,734.6513368,319.2938563,66.77929442,415.38605373000007,0.0
2019-06-22 07:00:00+00:00,770.3654481,408.2405243,103.7873448,362.12445462999995,0.0
2019-06-22 08:00:00+00:00,775.5101571,414.8763301,125.6353909,360.62667222999994,0.0
2019-06-22 09:00:00+00:00,763.1799673,415.9280726,135.5205297,347.29534215,0.0
2019-06-22 10:00:00+00:00,745.4443918,425.3485793,160.1635683,320.08478478300003,0.0
2019-06-22 11:00:00+00:00,730.461024,432.3163324,170.1952291,298.14706381999997,0.0
2019-06-22 12:00:00+00:00,723.5200704,432.9402339,170.1392943,290.56265551700005,0.0
2019-06-22 13:00:00+00:00,716.5069428,432.1525064,166.6574521,284.35375548,0.0
2019-06-22 14:00:00+00:00,719.3642628,421.427882,161.2075466,297.92930650000005,0.0
2019-06-22 15:00:00+00:00,714.3321178,386.0655036,136.7560707,328.2199703,0.0
2019-06-22 16:00:00+00:00,717.7741801,360.1443583,112.7723307,357.6646046999999,0.0
2019-06-22 17:00:00+00:00,701.6351166,347.3568472,83.97916683,354.2132447,0.0
2019-06-22 18:00:00+00:00,686.7795614,309.3861568,64.05367758,377.26160000000004,0.0
2019-06-22 19:00:00+00:00,662.8180441,288.813151,50.48606792,374.0228863,0.0
2019-06-22 20:00:00+00:00,656.2090607,290.4496563,56.48681475,365.8408531,0.0
2019-06-22 21:00:00+00:00,632.7227376,310.9233908,73.7121535,321.9793059,0.0
2019-06-22 22:00:00+00:00,593.9500173,305.6442898,69.90256542,288.4383269,0.0
2019-06-22 23:00:00+00:00,568.1987408,295.9893367,64.35379067,272.1260161,0.0
2019-06-23 00:00:00+00:00,540.3525696,299.4171857,67.41130358,240.97641620000002,0.0
2019-06-23 01:00:00+00:00,514.3792751,300.1243616,65.7739395,214.24074602000002,0.0
2019-06-23 02:00:00+00:00,513.8879903,283.980601,50.18252,230.01245813000003,0.0
2019-06-23 03:00:00+00:00,529.4495596,265.6960688,31.18482975,263.84328022000005,0.0
2019-06-23 04:00:00+00:00,560.7637382,256.3210233,16.91997083,304.56313020000005,0.0
2019-06-23 05:00:00+00:00,619.3881583,262.5646848,10.16941067,356.80880147999994,0.0
2019-06-23 06:00:00+00:00,664.1488648,342.1901576,4.502588,321.9473119999999,0.0
2019-06-23 07:00:00+00:00,689.5308483,346.0533141,1.999155583,343.43267815,0.0
2019-06-23 08:00:00+00:00,693.8188578,345.8510056,4.57985275,348.03969558000006,0.0
2019-06-23 09:00:00+00:00,691.2377827,363.3126526,9.157707083,327.83886773000006,0.0
2019-06-23 10:00:00+00:00,683.4906718,376.6204834,15.30638133,306.98998655,0.0
2019-06-23 11:00:00+00:00,675.6772003,379.8101222,15.16993792,295.84232488,0.0
2019-06-23 12:00:00+00:00,667.1436564,356.3663737,14.95415942,310.90302823,0.0
2019-06-23 13:00:00+00:00,662.396398,340.9443564,20.90089817,321.4802364699999,0.0
2019-06-23 14:00:00+00:00,670.2680867,348.3288548,19.87796675,321.93596494999997,0.0
2019-06-23 15:00:00+00:00,667.7856344,316.3541159,18.89425083,351.3008382699999,0.0
2019-06-23 16:00:00+00:00,655.2743937,268.3705088,20.14161692,387.06207976999997,0.0
2019-06-23 17:00:00+00:00,642.508784,267.9048513,21.87506075,374.5039947,0.0
2019-06-23 18:00:00+00:00,633.4177754,284.8741277,18.273636,348.56413691700004,0.0
2019-06-23 19:00:00+00:00,620.2771249,313.3148474,19.94748425,306.87269297,0.0
2019-06-23 20:00:00+00:00,635.5593363,345.4042129,26.53447983,290.2008061199999,0.0
2019-06-23 21:00:00+00:00,608.9286753,311.8934784,28.61973892,297.32815600000004,0.0
2019-06-23 22:00:00+00:00,589.2100526,285.5735118,33.04884867,303.62629019999997,0.0
2019-06-23 23:00:00+00:00,560.3626455,273.6711959,31.56548992,286.504593,0.0
2019-06-24 00:00:00+00:00,539.6089579,273.8566081,33.5080005,265.57510793,0.0
2019-06-24 01:00:00+00:00,506.6616974,274.9296749,34.58662233,232.10268236999997,0.0
2019-06-24 02:00:00+00:00,507.4408009,269.4900743,27.85766817,238.0501162000001,0.0
2019-06-24 03:00:00+00:00,526.6887106,267.6663972,19.827635,259.1419653,0.0
2019-06-24 04:00:00+00:00,565.8406627,259.2522213,11.94904075,306.80686870000005,0.0
2019-06-24 05:00:00+00:00,605.7730864,259.3192088,3.87116125,346.57608658000004,0.0
2019-06-24 06:00:00+00:00,639.2048188,282.7005438,1.442573917,356.4622343,0.0
2019-06-24 07:00:00+00:00,667.0326538,357.3680243,2.2075535,309.84297468,0.0
2019-06-24 08:00:00+00:00,681.6221416,398.9386648,6.707136167,282.66551343000003,0.0
2019-06-24 09:00:00+00:00,680.0675812,385.9991532,13.41286825,293.95698361999996,0.0
2019-06-24 10:00:00+00:00,681.1964213,373.0641836,21.8391705,308.13695078,0.0
2019-06-24 11:00:00+00:00,679.2611237,398.1167221,32.10733767,281.1304718800001,0.0
2019-06-24 12:00:00+00:00,678.1499991,433.5883763,41.74053292,244.55824946999996,0.0
2019-06-24 13:00:00+00:00,681.8457335,440.215355,48.23953617,241.61545975,0.0
2019-06-24 14:00:00+00:00,689.9364421,442.6976243,53.2945585,247.23490495,0.0
2019-06-24 15:00:00+00:00,699.1656849,440.3449402,55.31903475,258.81914770000003,0.0
2019-06-24 16:00:00+00:00,708.5597025,429.9948452,49.510738,278.5733422200001,0.0
2019-06-24 17:00:00+00:00,714.5822196,423.662239,47.75093458,290.9238012200001,0.0
2019-06-24 18:00:00+00:00,701.5285087,415.5761794,39.50979,285.98325768000007,0.0
2019-06-24 19:00:00+00:00,671.6135711,379.4163947,50.07670192,292.21316518000003,0.0
2019-06-24 20:00:00+00:00,653.5832468,367.0644862,58.65378358,286.54542129999993,0.0
2019-06-24 21:00:00+00:00,615.917862,325.4878057,59.29199083,290.32271890000004,0.0
2019-06-24 22:00:00+00:00,578.0172373,298.274915,46.54882125,279.62456280000004,0.0
2019-06-24 23:00:00+00:00,559.4069773,280.9570058,33.33465067,278.4177192000001,0.0
2019-06-25 00:00:00+00:00,537.9694062,273.5308406,28.35968475,264.525563,0.0
2019-06-25 01:00:00+00:00,518.5659383,264.0272624,20.54656883,254.5713381,0.0
2019-06-25 02:00:00+00:00,542.6422526,262.2277883,16.10921842,280.4410482,0.0
2019-06-25 03:00:00+00:00,662.0410206,261.7260844,10.31064092,400.3242643,0.0
2019-06-25 04:00:00+00:00,778.8619283,310.8821665,5.774795083,467.9077583,0.0
2019-06-25 05:00:00+00:00,885.6200766,373.9719723,3.8718845,511.5792479999998,0.0
2019-06-25 06:00:00+00:00,941.8400114,385.2781602,2.264717083,556.6303646000001,0.0
2019-06-25 07:00:00+00:00,945.5279847,398.0967484,1.733445167,547.4124694000001,0.0
2019-06-25 08:00:00+00:00,955.4608408,394.2442371,-0.298318,561.2233699000001,0.0
2019-06-25 09:00:00+00:00,946.6396229,392.6683553,1.370829917,554.0151710000001,0.0
2019-06-25 10:00:00+00:00,958.0394897,392.7982635,2.01602225,565.2317081000001,0.0
2019-06-25 11:00:00+00:00,945.8399711,393.0838393,0.742949333,552.7623090999999,0.0
2019-06-25 12:00:00+00:00,941.818624,395.6760634,2.99991075,546.1346938,0.0
2019-06-25 13:00:00+00:00,917.8268688,395.6104178,2.977496833,522.2258361,0.0
2019-06-25 14:00:00+00:00,899.5399984,392.186793,3.593106167,507.3338593300001,0.0
2019-06-25 15:00:00+00:00,887.1912333,390.4264959,4.429672917,496.83098992,0.0
2019-06-25 16:00:00+00:00,866.7247009,388.0487136,5.699320083,478.7583584700001,0.0
2019-06-25 17:00:00+00:00,850.9326529,378.6725134,6.362428167,472.27864637000005,0.0
2019-06-25 18:00:00+00:00,820.0194194,357.2847544,6.7332885,462.7350849999999,0.0
2019-06-25 19:00:00+00:00,782.958842,377.5170567,6.861656333,405.4616129699998,0.0
2019-06-25 20:00:00+00:00,723.3232778,385.7973556,7.285344333,337.561475,0.0
2019-06-25 21:00:00+00:00,649.4005127,388.6004971,10.86992817,260.9355647000001,0.0
2019-06-25 22:00:00+00:00,603.1280518,361.786176,17.62844833,241.40810159999995,0.0
2019-06-25 23:00:00+00:00,593.1832886,372.8418961,35.5469155,220.29762480000005,0.0
2019-06-26 00:00:00+00:00,581.3552245,370.2949575,30.92100492,211.06602966999998,0.0
2019-06-26 01:00:00+00:00,553.8444418,392.7602158,37.59754617,160.94880662000003,0.0
2019-06-26 02:00:00+00:00,575.0705414,411.9457296,29.68666175,162.91977157,0.0
2019-06-26 03:00:00+00:00,668.3283742,429.0453567,30.26920742,239.1684639,0.0
2019-06-26 04:00:00+00:00,793.2707011,462.562912,30.64032742,330.7184056,0.0
2019-06-26 05:00:00+00:00,903.6549071,482.6101149,17.11229642,421.11756479999997,0.0
2019-06-26 06:00:00+00:00,955.4982299,546.2910053,25.19406117,409.24086941999997,0.0
2019-06-26 07:00:00+00:00,972.2839102,546.0451761,31.21558667,426.26617009999995,0.0
2019-06-26 08:00:00+00:00,978.7097575,549.6969808,25.82882242,429.0180436999999,0.0
2019-06-26 09:00:00+00:00,964.9694773,549.0550792,14.39562142,415.96540500000003,0.0
2019-06-26 10:00:00+00:00,985.9089457,558.8052673,12.24880725,427.24823215000004,0.0
2019-06-26 11:00:00+00:00,968.703537,552.64976,15.49194817,416.43989727999997,0.0
2019-06-26 12:00:00+00:00,975.2379812,551.6485444,15.17838367,423.66372543,0.0
2019-06-26 13:00:00+00:00,942.5306957,557.5146127,20.34520233,385.01715609999997,0.0
2019-06-26 14:00:00+00:00,924.5584004,557.481964,15.93645083,367.0863922499999,0.0
2019-06-26 15:00:00+00:00,905.049591,565.5242512,11.566175,339.67028429999993,0.0
2019-06-26 16:00:00+00:00,886.0647633,543.3088228,7.161688417,342.77517245,0.0
2019-06-26 17:00:00+00:00,871.5828503,485.9279073,7.703569167,385.6739368499999,0.0
2019-06-26 18:00:00+00:00,844.036443,450.0201722,12.31329442,394.0248536700001,0.0
2019-06-26 19:00:00+00:00,810.6825155,390.4720663,14.28027975,420.21035674999996,0.0
2019-06-26 20:00:00+00:00,753.2518261,380.4761582,16.41401242,372.7797650499999,0.0
2019-06-26 21:00:00+00:00,680.0988209,283.311559,17.72923642,396.8276276700001,0.0
2019-06-26 22:00:00+00:00,638.2230783,258.9599469,14.49884958,379.44655475,0.0
2019-06-26 23:00:00+00:00,620.2202301,258.5002417,11.29665658,361.50659153000004,0.0
2019-06-27 00:00:00+00:00,612.2201944,259.8119418,9.3227045,352.38844670000003,0.0
2019-06-27 01:00:00+00:00,582.2678172,267.9879646,13.52169208,314.17251003,0.0
2019-06-27 02:00:00+00:00,596.0292103,290.9092305,25.61129817,305.07896559999995,0.0
2019-06-27 03:00:00+00:00,692.650223,294.361435,32.83554717,398.33529489999995,0.0
2019-06-27 04:00:00+00:00,803.8911793,344.5856348,38.8454915,459.18405110000003,0.0
2019-06-27 05:00:00+00:00,919.7766978,403.554418,61.90405458,515.934433,0.0
2019-06-27 06:00:00+00:00,979.426122,429.9820531,65.12300683,549.4378321,0.0
2019-06-27 07:00:00+00:00,993.4427592,430.6026992,64.37496117,562.8532351999999,0.0
2019-06-27 08:00:00+00:00,998.7387848,453.3916983,79.89883883,545.3429964000001,0.0
2019-06-27 09:00:00+00:00,982.3093516,464.7068175,101.6186133,517.6080394999999,0.0
2019-06-27 10:00:00+00:00,1000.18604,452.0741375,100.4877555,548.11460423,0.0
2019-06-27 11:00:00+00:00,982.9677023,451.7925113,93.13118017,531.1985483300001,0.0
2019-06-27 12:00:00+00:00,966.5763246,464.2338817,113.7890063,502.34832371999994,0.0
2019-06-27 13:00:00+00:00,931.3455048,464.2441787,156.444558,467.09848288,0.0
2019-06-27 14:00:00+00:00,912.1095632,432.2297668,152.2599573,479.86851727,0.0
2019-06-27 15:00:00+00:00,897.0104218,485.7968878,156.9310414,411.21942038299994,0.0
2019-06-27 16:00:00+00:00,877.164861,501.5365501,176.9532257,375.6435472200001,0.0
2019-06-27 17:00:00+00:00,856.311793,468.5368244,185.7514927,387.7723182499999,0.0
2019-06-27 18:00:00+00:00,827.171992,429.7624434,175.3335679,397.40213267,0.0
2019-06-27 19:00:00+00:00,782.8084768,402.396253,161.4367968,380.40314090000004,0.0
2019-06-27 20:00:00+00:00,744.1338753,411.5427474,169.0785633,332.59457541999996,0.0
2019-06-27 21:00:00+00:00,686.6590983,424.6125259,175.7550155,262.0589038999999,0.0
2019-06-27 22:00:00+00:00,636.2069294,430.4933423,173.1847314,205.57930262999992,0.0
2019-06-27 23:00:00+00:00,608.8632812,427.1760534,169.9635457,182.02355728000003,0.0
2019-06-28 00:00:00+00:00,589.2528993,430.7552542,183.2525768,158.477139933,0.0
2019-06-28 01:00:00+00:00,565.1748556,419.7203393,173.52555,145.24963355000006,0.0
2019-06-28 02:00:00+00:00,585.2327422,399.7051773,150.4987479,185.65068309999998,0.0
2019-06-28 03:00:00+00:00,687.3600208,385.8796438,130.0857028,301.4857265500001,0.0
2019-06-28 04:00:00+00:00,798.6983133,428.7119598,105.4163511,370.02753839999997,0.0
2019-06-28 05:00:00+00:00,898.8274384,473.8585332,82.84142725,424.97438624999995,0.0
2019-06-28 06:00:00+00:00,939.9198099,475.5524979,71.99145667,464.32236292000005,0.0
2019-06-28 07:00:00+00:00,947.2728578,467.1748123,75.89957292,480.30052680000006,0.0
2019-06-28 08:00:00+00:00,937.8770293,466.61837,89.643285,471.26934830000005,0.0
2019-06-28 09:00:00+00:00,918.3636068,460.3999532,96.62081467,457.94586269999996,0.0
2019-06-28 10:00:00+00:00,933.2049205,485.8258922,118.140977,447.41744555,0.0
2019-06-28 11:00:00+00:00,911.8937886,493.7603278,127.364611,418.13065067,0.0
2019-06-28 12:00:00+00:00,902.8943685,497.2015432,133.3232828,405.7121435,0.0
2019-06-28 13:00:00+00:00,882.3825479,504.5536424,139.8801663,377.84304327000007,0.0
2019-06-28 14:00:00+00:00,877.6215312,514.2379048,148.9847274,363.38760958,0.0
2019-06-28 15:00:00+00:00,871.2052665,535.3980001,161.5391918,335.82190116999993,0.0
2019-06-28 16:00:00+00:00,847.1220448,521.8124798,157.1838738,325.3799647200001,0.0
2019-06-28 17:00:00+00:00,830.7713165,468.7998098,133.100077,361.9693881669999,0.0
2019-06-28 18:00:00+00:00,801.212509,384.3646063,112.1139502,416.8554293169999,0.0
2019-06-28 19:00:00+00:00,762.5038452,358.5422389,112.0085018,403.97541306999995,0.0
2019-06-28 20:00:00+00:00,724.7669524,356.4016114,110.9655814,368.3795313,0.0
2019-06-28 21:00:00+00:00,677.8998923,349.5379894,112.1612433,328.46531645000005,0.0
2019-06-28 22:00:00+00:00,627.2774811,338.2666473,97.66367925,289.0666728,0.0
2019-06-28 23:00:00+00:00,604.7087199,346.4334361,91.34147167,258.1081244999999,0.0
2019-06-29 00:00:00+00:00,581.6148734,377.3755137,94.34121942,204.2224352,0.0
2019-06-29 01:00:00+00:00,551.7933858,363.7831854,81.22036192,188.0113733,0.0
2019-06-29 02:00:00+00:00,554.2051087,334.1293818,67.07501583,220.19781830000005,0.0
2019-06-29 03:00:00+00:00,588.8707072,277.8120398,57.82955125,311.08466190000007,0.0
2019-06-29 04:00:00+00:00,629.9651082,236.6384138,39.90596042,393.4701431,0.0
2019-06-29 05:00:00+00:00,702.1399384,231.9368425,29.05811817,470.24155856999994,0.0
2019-06-29 06:00:00+00:00,752.7012738,235.7224045,30.15475567,516.95413108,0.0
2019-06-29 07:00:00+00:00,785.4763538,243.1549326,33.76170558,542.312039817,0.0
2019-06-29 08:00:00+00:00,788.9035239,250.9208729,40.17081742,537.98284772,0.0
2019-06-29 09:00:00+00:00,783.8989004,257.4056358,40.23837358,526.53584467,0.0
2019-06-29 10:00:00+00:00,764.4532523,260.4624773,45.4004265,503.98620380000006,0.0
2019-06-29 11:00:00+00:00,754.5989331,270.3981451,52.45730258,484.21007969999994,0.0
2019-06-29 12:00:00+00:00,747.3492889,266.6784923,49.77038592,480.6758943299999,0.0
2019-06-29 13:00:00+00:00,747.788442,260.9796423,46.60477967,486.81590505,0.0
2019-06-29 14:00:00+00:00,753.4302877,261.1784668,54.34312667,492.2570456699999,0.0
2019-06-29 15:00:00+00:00,754.9297842,264.9801814,57.47616092,489.96404548000004,0.0
2019-06-29 16:00:00+00:00,750.9525858,252.4082717,52.20353192,498.5442987,0.0
2019-06-29 17:00:00+00:00,755.9469655,270.4538638,74.84219467,485.50639332000003,0.0
2019-06-29 18:00:00+00:00,726.1404623,254.3826713,61.13654092,471.76077058000004,0.0
2019-06-29 19:00:00+00:00,701.5291493,255.6574542,63.61597733,445.8898922700001,0.0
2019-06-29 20:00:00+00:00,692.4733583,272.6305593,78.91882575,419.7899065300001,0.0
2019-06-29 21:00:00+00:00,655.9052583,266.5043004,77.864457,389.4465260300001,0.0
2019-06-29 22:00:00+00:00,645.0409547,210.2743684,69.10139283,434.8237996,0.0
2019-06-29 23:00:00+00:00,625.0366058,193.7738305,63.67399725,431.27326289999996,0.0
2019-06-30 00:00:00+00:00,595.5665894,185.7995299,56.34539725,409.7670708200001,0.0
2019-06-30 01:00:00+00:00,563.1618755,178.6666437,52.750736,384.47735747,0.0
2019-06-30 02:00:00+00:00,568.3764497,166.5833053,37.69782842,401.77609462000004,0.0
2019-06-30 03:00:00+00:00,588.7257944,152.6942533,24.03718633,436.001653,0.0
2019-06-30 04:00:00+00:00,629.9087527,153.1716437,23.16834108,476.80764579999993,0.0
2019-06-30 05:00:00+00:00,679.6175538,151.4656273,18.38058833,528.1519559,0.0
2019-06-30 06:00:00+00:00,727.6125183,152.4679654,13.04250158,575.15203457,0.0
2019-06-30 07:00:00+00:00,752.6753794,157.2463315,11.419679,595.4002294,0.0
2019-06-30 08:00:00+00:00,722.337443,194.0519334,17.19725633,528.2839837199999,0.0
2019-06-30 09:00:00+00:00,721.2867585,222.1299058,19.221324,499.15855380000005,0.0
2019-06-30 10:00:00+00:00,723.0572713,228.0215303,21.88126342,495.0466842,0.0
2019-06-30 11:00:00+00:00,712.587682,224.6420479,19.88509725,487.94158849999997,0.0
2019-06-30 12:00:00+00:00,713.0033315,217.8817264,18.07384625,495.18000077,0.0
2019-06-30 13:00:00+00:00,712.2232514,211.0126902,11.92015533,501.21324035,0.0
2019-06-30 14:00:00+00:00,725.1760864,220.4719658,18.11968158,504.69753737999997,0.0
2019-06-30 15:00:00+00:00,744.7234296,233.8486505,28.8571905,510.87549749999994,0.0
2019-06-30 16:00:00+00:00,753.8172558,227.0548096,35.50054233,526.76285063,0.0
2019-06-30 17:00:00+00:00,758.4508513,218.8023974,34.1206335,539.64328587,0.0
2019-06-30 18:00:00+00:00,753.4259948,257.7658807,63.1999195,495.6664281499999,0.0
2019-06-30 19:00:00+00:00,719.0235748,267.7532845,75.53249283,451.25553034999996,0.0
2019-06-30 20:00:00+00:00,692.3261413,300.0039292,106.7244513,392.33601740000006,0.0
2019-06-30 21:00:00+00:00,655.1279197,314.5387244,122.1521345,340.52564670000004,0.0
2019-06-30 22:00:00+00:00,604.3900909,310.0051372,118.3173067,294.4426144,0.0
2019-06-30 23:00:00+00:00,577.3567301,384.4759878,133.5628465,192.86114320000001,0.0
2019-07-01 00:00:00+00:00,551.898173,377.0426075,113.7718404,174.84838001999992,0.0
2019-07-01 01:00:00+00:00,570.0880127,365.5918553,87.45608525,204.58621235,0.0
2019-07-01 02:00:00+00:00,566.6679382,393.4585546,118.7122828,173.22986135000002,0.0
2019-07-01 03:00:00+00:00,643.0603383,409.875829,146.6159094,233.22965574999995,0.0
2019-07-01 04:00:00+00:00,762.2749837,417.57812,150.1804855,344.68600962,0.0
2019-07-01 05:00:00+00:00,864.6004434,432.6125464,149.3528327,431.98749907,0.0
2019-07-01 06:00:00+00:00,916.7751364,468.9164708,164.8915032,447.86874098,0.0
2019-07-01 07:00:00+00:00,933.6866405,462.0854898,165.869754,471.60847792,0.0
2019-07-01 08:00:00+00:00,931.1102551,473.5477804,176.3370168,457.5640460799999,0.0
2019-07-01 09:00:00+00:00,911.8829346,484.7765429,183.9458385,427.06277862999997,0.0
2019-07-01 10:00:00+00:00,928.0244192,486.7974905,185.0648564,441.41671525,0.0
2019-07-01 11:00:00+00:00,917.2364603,494.0941085,180.8857748,423.080190067,0.0
2019-07-01 12:00:00+00:00,906.5177052,505.2443238,187.138803,401.22501697999996,0.0
2019-07-01 13:00:00+00:00,917.1456655,496.3662491,177.6939332,420.78449739999996,0.0
2019-07-01 14:00:00+00:00,921.1805521,488.817861,175.3432155,432.35292025000007,0.0
2019-07-01 15:00:00+00:00,912.9693602,490.0760295,190.4995392,422.98168205,0.0
2019-07-01 16:00:00+00:00,894.0534871,469.0002543,186.5508114,425.05882105,0.0
2019-07-01 17:00:00+00:00,874.6774089,444.520462,166.4099853,430.1493207000001,0.0
2019-07-01 18:00:00+00:00,848.1977386,406.5947164,133.6209022,441.59435971999994,0.0
2019-07-01 19:00:00+00:00,796.225413,377.2437109,104.7359848,418.98081279999997,0.0
2019-07-01 20:00:00+00:00,753.7709147,376.3984425,91.96951942,377.29062443,0.0
2019-07-01 21:00:00+00:00,684.7826079,386.5856729,105.1356799,298.1561382000001,0.0
2019-07-01 22:00:00+00:00,622.4989063,399.2678173,110.1913213,223.26071976999998,0.0
2019-07-01 23:00:00+00:00,596.6076608,375.3940201,106.3085638,221.35690839999995,0.0
2019-07-02 00:00:00+00:00,566.0771891,373.3272809,110.1803493,192.71619327999997,0.0
2019-07-02 01:00:00+00:00,539.9092713,360.2878623,74.5352495,179.55279628,0.0
2019-07-02 02:00:00+00:00,551.751409,419.6892626,70.13674517,131.99912602,0.0
2019-07-02 03:00:00+00:00,649.4649963,461.5945484,62.70893625,187.85347190000005,0.0
2019-07-02 04:00:00+00:00,784.0939484,521.7270787,64.25088792,262.33043184999997,0.0
2019-07-02 05:00:00+00:00,885.5174155,596.5017446,60.35917683,289.00520027,0.0
2019-07-02 06:00:00+00:00,936.8605295,629.6015319,59.7186125,307.32549308,0.0
2019-07-02 07:00:00+00:00,933.4431051,593.6189118,54.33929125,339.8376190000001,0.0
2019-07-02 08:00:00+00:00,922.5730539,584.9709373,53.44158633,337.67187293,0.0
2019-07-02 09:00:00+00:00,910.1704254,627.3060151,61.27251233,282.9818498,0.0
2019-07-02 10:00:00+00:00,929.0003916,632.9261373,58.38031358,296.05280452999995,0.0
2019-07-02 11:00:00+00:00,922.5809478,626.4733023,56.52107825,296.0762758799999,0.0
2019-07-02 12:00:00+00:00,908.6388194,605.5182597,60.84220792,303.28290372,0.0
2019-07-02 13:00:00+00:00,889.5467631,618.6463724,58.05596808,271.05158471999994,0.0
2019-07-02 14:00:00+00:00,870.8052164,583.8305868,56.62741258,286.80745232,0.0
2019-07-02 15:00:00+00:00,850.5740153,604.2328441,74.30826125,246.32377581999992,0.0
2019-07-02 16:00:00+00:00,836.1399892,546.6329193,53.629927,289.51924515,0.0
2019-07-02 17:00:00+00:00,821.2990418,525.1241251,40.93335508,296.32906297999995,0.0
2019-07-02 18:00:00+00:00,793.9887084,479.3358612,54.91149283,314.681143667,0.0
2019-07-02 19:00:00+00:00,744.4719034,482.7865398,85.3088685,261.76833569999997,0.0
2019-07-02 20:00:00+00:00,705.1442617,488.8192163,90.26009725,216.49276289999995,0.0
2019-07-02 21:00:00+00:00,635.7806091,488.1308084,99.77686275,147.6198764,0.0
2019-07-02 22:00:00+00:00,603.8503519,507.5716908,108.9124517,96.18011340000004,0.0
2019-07-02 23:00:00+00:00,585.7651672,495.4579849,99.19104642,90.28336481999997,0.0
2019-07-03 00:00:00+00:00,577.8894855,505.1246618,103.6826683,72.72321966999999,0.0
2019-07-03 01:00:00+00:00,554.6495056,530.4697622,130.6522984,24.197832129999995,0.0
2019-07-03 02:00:00+00:00,572.5935414,559.4627074,145.3074501,13.023388529999977,0.0
2019-07-03 03:00:00+00:00,640.9615428,543.0177104,138.0857294,98.11020478,0.0
2019-07-03 04:00:00+00:00,768.6453552,504.3879725,116.4089961,264.26804025,0.0
2019-07-03 05:00:00+00:00,877.7260183,409.2630843,110.0978301,468.68085849999994,0.0
2019-07-03 06:00:00+00:00,931.7737325,519.8586453,130.9283533,411.90256506700007,0.0
2019-07-03 07:00:00+00:00,964.0481873,431.5788854,135.1671817,532.65191577,0.0
2019-07-03 08:00:00+00:00,953.5138753,490.145879,162.0752317,463.32872018,0.0
2019-07-03 09:00:00+00:00,944.1167908,513.0124054,167.652905,431.1126780000001,0.0
2019-07-03 10:00:00+00:00,955.5015768,538.1407879,177.8980191,417.35892182999993,0.0
2019-07-03 11:00:00+00:00,943.3870748,554.4398548,180.0495798,388.93778838000003,0.0
2019-07-03 12:00:00+00:00,935.3030143,506.2162119,160.0085638,429.0316904,0.0
2019-07-03 13:00:00+00:00,916.5313467,538.4127351,169.2068048,378.10900512,0.0
2019-07-03 14:00:00+00:00,893.8598988,565.0472666,187.6130997,328.76085975,0.0
2019-07-03 15:00:00+00:00,868.6009521,535.9899597,189.4626842,332.7784005000001,0.0
2019-07-03 16:00:00+00:00,859.1450093,499.823723,172.8895073,359.3759284799999,0.0
2019-07-03 17:00:00+00:00,840.1686807,478.4538626,143.4069475,361.60500940000003,0.0
2019-07-03 18:00:00+00:00,806.1834768,475.0792872,114.8339335,331.07164068,0.0
2019-07-03 19:00:00+00:00,774.4059041,433.0490188,89.19387925,341.361037,0.0
2019-07-03 20:00:00+00:00,730.5601756,358.4015427,79.25682925,372.0995119,0.0
2019-07-03 21:00:00+00:00,670.1356863,345.8083013,72.49165042,324.30742150000003,0.0
2019-07-03 22:00:00+00:00,620.3733469,343.7027183,70.49019225,276.8699284,0.0
2019-07-03 23:00:00+00:00,598.4892119,337.1336313,77.42051633,261.4071445000001,0.0
2019-07-04 00:00:00+00:00,582.4137575,330.3010407,73.89292192,252.12318179999994,0.0
2019-07-04 01:00:00+00:00,553.5598907,321.8966065,68.17314342,231.72589350000004,0.0
2019-07-04 02:00:00+00:00,580.4736532,309.0186083,46.89186033,271.4775631,0.0
2019-07-04 03:00:00+00:00,661.2020518,289.2243423,32.37825567,372.1104358,0.0
2019-07-04 04:00:00+00:00,775.8338623,281.0666708,21.40680958,494.84234805,0.0
2019-07-04 05:00:00+00:00,876.1123809,307.9950586,13.22708658,568.0432566999999,0.0
2019-07-04 06:00:00+00:00,912.4605103,438.1617915,12.02003058,474.47402045,0.0
2019-07-04 07:00:00+00:00,909.5496216,296.9899777,14.38049217,612.6386112299999,0.0
2019-07-04 08:00:00+00:00,907.4676007,307.1853537,22.95527017,600.35765212,0.0
2019-07-04 09:00:00+00:00,884.3525289,322.7503356,34.3617495,561.7370447999999,0.0
2019-07-04 10:00:00+00:00,892.0330505,351.8526739,67.57793642,540.4004691,0.0
2019-07-04 11:00:00+00:00,891.737152,346.3673883,63.12384592,545.3154799,0.0
2019-07-04 12:00:00+00:00,904.1089579,320.5072708,40.19214567,583.6076906999999,0.0
2019-07-04 13:00:00+00:00,883.6555888,318.6071524,47.86623817,565.1616945300001,0.0
2019-07-04 14:00:00+00:00,865.1848349,333.5291317,55.09791167,531.7192888,0.0
2019-07-04 15:00:00+00:00,840.4214326,326.5073088,47.25764667,514.1378483,0.0
2019-07-04 16:00:00+00:00,838.3738048,318.8997727,44.51812667,519.537069,0.0
2019-07-04 17:00:00+00:00,828.5384369,314.7828369,42.93080425,513.7753405000001,0.0
2019-07-04 18:00:00+00:00,813.1440835,349.5677823,79.65941825,463.46659407000004,0.0
2019-07-04 19:00:00+00:00,785.3011576,352.4419759,80.28321833,432.73324750000006,0.0
2019-07-04 20:00:00+00:00,755.8128458,397.1056238,119.1392775,358.83755770000005,0.0
2019-07-04 21:00:00+00:00,692.0361175,421.6701177,143.3599243,270.29786079999997,0.0
2019-07-04 22:00:00+00:00,647.1034544,433.8531672,154.4195018,213.26473580000004,0.0
2019-07-04 23:00:00+00:00,623.1009827,404.8917518,129.8409473,218.24619560000002,0.0
2019-07-05 00:00:00+00:00,592.3759663,344.2245483,70.92215217,248.28103059999995,0.0
2019-07-05 01:00:00+00:00,575.7456463,348.1215362,77.13075567,227.60962190000004,0.0
2019-07-05 02:00:00+00:00,585.0066733,360.8317033,84.36674958,224.24450489999998,0.0
2019-07-05 03:00:00+00:00,665.0241953,360.9544042,78.91267133,304.1276459999999,0.0
2019-07-05 04:00:00+00:00,765.0442708,387.4685923,87.54711775,377.62710522000003,0.0
2019-07-05 05:00:00+00:00,876.7047678,410.8857548,98.339474,465.77904795,0.0
2019-07-05 06:00:00+00:00,923.2920226,412.3941114,97.13684308,510.88677445,0.0
2019-07-05 07:00:00+00:00,929.5957945,405.8903225,97.193807,523.75766613,0.0
2019-07-05 08:00:00+00:00,931.0526683,390.9088313,103.7586728,540.1326724999999,0.0
2019-07-05 09:00:00+00:00,917.4581707,396.9442266,109.1840573,520.589005417,0.0
2019-07-05 10:00:00+00:00,932.2983194,361.7248993,74.35319833,570.55625297,0.0
2019-07-05 11:00:00+00:00,916.735026,328.903534,47.425276,587.8454405000001,0.0
2019-07-05 12:00:00+00:00,897.8401998,345.5995203,59.91629892,552.240411717,0.0
2019-07-05 13:00:00+00:00,884.6589406,355.2886303,67.42010683,529.35061922,0.0
2019-07-05 14:00:00+00:00,863.8470868,343.7132619,58.99331708,520.2224284,0.0
2019-07-05 15:00:00+00:00,842.8842519,349.4377061,68.15433825,493.595945,0.0
2019-07-05 16:00:00+00:00,825.9874113,392.5987701,83.14871617,433.4017981,0.0
2019-07-05 17:00:00+00:00,805.3493093,387.2620773,98.31461058,418.058981,0.0
2019-07-05 18:00:00+00:00,783.2066854,380.6116027,103.4189035,402.77399928,0.0
2019-07-05 19:00:00+00:00,761.7639516,293.3147673,86.81145183,468.48617107,0.0
2019-07-05 20:00:00+00:00,725.3618876,265.4118233,69.52268342,459.98496748,0.0
2019-07-05 21:00:00+00:00,674.0482635,267.5007502,72.52392233,406.4418010000001,0.0
2019-07-05 22:00:00+00:00,627.5452474,257.1103466,66.3118175,370.48668940000005,0.0
2019-07-05 23:00:00+00:00,599.5886333,273.7956544,75.98216583,325.8387159,0.0
2019-07-06 00:00:00+00:00,581.0348153,308.2140173,112.3291253,272.84437069999996,0.0
2019-07-06 01:00:00+00:00,559.6270193,313.2163593,116.372479,246.34744459999996,0.0
2019-07-06 02:00:00+00:00,551.0400136,317.460617,119.4492748,233.5724889,0.0
2019-07-06 03:00:00+00:00,575.8491465,309.1255314,108.6972793,266.79734909999996,0.0
2019-07-06 04:00:00+00:00,621.4946849,298.366979,96.12279867,323.08054852999993,0.0
2019-07-06 05:00:00+00:00,688.0718333,287.5259653,81.346543,400.5148664800001,0.0
2019-07-06 06:00:00+00:00,742.2533468,272.1674399,62.75569158,469.98155067999994,0.0
2019-07-06 07:00:00+00:00,777.6327159,255.1237273,47.50406583,522.5912023200001,0.0
2019-07-06 08:00:00+00:00,782.1671853,250.0993131,45.15887225,532.0112905999999,0.0
2019-07-06 09:00:00+00:00,769.505478,255.3234978,47.56497983,514.3716447,0.0
2019-07-06 10:00:00+00:00,759.3370768,244.3833492,38.73868417,515.0072556,0.0
2019-07-06 11:00:00+00:00,745.4191488,245.8527323,41.70879533,499.42393840000005,0.0
2019-07-06 12:00:00+00:00,731.7617188,246.5139909,42.51501325,485.42360019999995,0.0
2019-07-06 13:00:00+00:00,729.1325123,246.0703493,45.63880033,483.06958923,0.0
2019-07-06 14:00:00+00:00,732.1364441,252.210406,44.93676417,479.900446,0.0
2019-07-06 15:00:00+00:00,738.7372538,241.8125497,38.6609605,496.7935127,0.0
2019-07-06 16:00:00+00:00,733.4235891,226.0247066,29.52604308,507.3955733,0.0
2019-07-06 17:00:00+00:00,730.324473,212.6528357,21.49769583,517.7271644799998,0.0
2019-07-06 18:00:00+00:00,706.3122813,216.3057365,26.06059992,490.02254252000006,0.0
2019-07-06 19:00:00+00:00,685.6327261,216.3779832,25.62754192,469.26351589999996,0.0
2019-07-06 20:00:00+00:00,676.2011768,211.5627327,21.24302967,464.6014224000001,0.0
2019-07-06 21:00:00+00:00,645.6235555,208.9752871,16.54904808,436.45901639999994,0.0
2019-07-06 22:00:00+00:00,613.2661643,201.8223724,11.41640658,411.3416512,0.0
2019-07-06 23:00:00+00:00,600.4805858,196.553262,8.684512167,403.8234909,0.0
2019-07-07 00:00:00+00:00,584.6324156,196.3246333,7.080517417,388.403185,0.0
2019-07-07 01:00:00+00:00,556.5166626,194.3701845,6.809721,362.15990209999995,0.0
2019-07-07 02:00:00+00:00,558.8139292,198.7599157,6.49888325,360.06374209999996,0.0
2019-07-07 03:00:00+00:00,577.6184541,208.5623411,5.71072825,369.1640112,0.0
2019-07-07 04:00:00+00:00,613.9271953,209.6231893,6.92931625,404.21747572000004,0.0
2019-07-07 05:00:00+00:00,674.8711345,217.7743314,6.204265583,457.13652019999995,0.0
2019-07-07 06:00:00+00:00,724.0145721,213.0443484,3.967053667,511.089207,0.0
2019-07-07 07:00:00+00:00,758.9357758,212.5384484,2.1890205,546.6203644500001,0.0
2019-07-07 08:00:00+00:00,741.6894479,209.7887918,2.478647667,531.9218291699999,0.0
2019-07-07 09:00:00+00:00,734.2277782,211.3092028,6.894313583,522.9299783200001,0.0
2019-07-07 10:00:00+00:00,729.6881358,223.6495374,13.61090008,506.0653549830001,0.0
2019-07-07 11:00:00+00:00,724.6952719,217.9598758,13.79860442,506.66921931999997,0.0
2019-07-07 12:00:00+00:00,725.5715282,211.3687198,10.57669383,514.1554271,0.0
2019-07-07 13:00:00+00:00,731.2147472,216.0166181,14.44415967,515.0530647,0.0
2019-07-07 14:00:00+00:00,734.0549011,216.2511013,14.41235367,517.8543241,0.0
2019-07-07 15:00:00+00:00,736.7979686,215.7738673,19.40568317,521.0214885170001,0.0
2019-07-07 16:00:00+00:00,739.1654408,218.3794733,22.1650855,520.7924004199999,0.0
2019-07-07 17:00:00+00:00,732.4695282,217.4576608,21.13905492,515.0172097,0.0
2019-07-07 18:00:00+00:00,728.2243906,211.6553142,16.28989592,516.5726306500001,0.0
2019-07-07 19:00:00+00:00,722.4836375,234.3677775,32.96956908,488.15449907,0.0
2019-07-07 20:00:00+00:00,695.7321422,227.790203,34.39468317,467.9195049499999,0.0
2019-07-07 21:00:00+00:00,651.8654428,231.859918,36.83924258,419.93767849999995,0.0
2019-07-07 22:00:00+00:00,609.9294688,221.0557098,31.46119392,388.72795840000003,0.0
2019-07-07 23:00:00+00:00,593.2305705,219.5706648,29.77342792,373.56833130000007,0.0
2019-07-08 00:00:00+00:00,580.6593373,215.5962841,27.33352058,364.95784230000004,0.0
2019-07-08 01:00:00+00:00,555.3280997,210.1186828,24.38724942,345.4358492999999,0.0
2019-07-08 02:00:00+00:00,573.2877858,207.3805683,19.79292117,365.80057060000007,0.0
2019-07-08 03:00:00+00:00,653.5703889,197.5049402,13.58257317,456.0919279,0.0
2019-07-08 04:00:00+00:00,759.1572011,191.6142197,6.782633333,567.57606837,0.0
2019-07-08 05:00:00+00:00,859.0915729,252.6038005,3.323523583,606.4911143999999,0.0
2019-07-08 06:00:00+00:00,907.5720723,304.2894083,2.0289865,603.28631552,0.0
2019-07-08 07:00:00+00:00,919.0092062,307.9960481,4.1140315,610.9943942,0.0
2019-07-08 08:00:00+00:00,925.1544598,295.8097074,12.16508883,629.3809706,0.0
2019-07-08 09:00:00+00:00,909.6689148,309.6399282,28.58655225,600.0208484,0.0
2019-07-08 10:00:00+00:00,920.1602173,319.3560358,37.94569025,600.7865381000001,0.0
2019-07-08 11:00:00+00:00,911.2845713,325.1806743,42.93915683,586.0930522,0.0
2019-07-08 12:00:00+00:00,898.4850262,323.8246868,46.88464308,574.6841079,0.0
2019-07-08 13:00:00+00:00,869.8030548,325.4728012,46.41027717,544.3290370999999,0.0
2019-07-08 14:00:00+00:00,851.4226683,326.5438488,40.75695108,524.8872833,0.0
2019-07-08 15:00:00+00:00,840.3600008,314.0189515,39.91581242,526.3467862000001,0.0
2019-07-08 16:00:00+00:00,816.5336965,296.6948218,27.77175608,519.8530165999999,0.0
2019-07-08 17:00:00+00:00,801.4043323,287.1493987,20.29802092,514.25027173,0.0
2019-07-08 18:00:00+00:00,774.2747702,284.6557566,17.35054892,489.5696398,0.0
2019-07-08 19:00:00+00:00,747.8257395,316.8615749,50.6256735,430.95567040000003,0.0
2019-07-08 20:00:00+00:00,716.8998616,345.9197643,78.04893958,370.89414739999995,0.0
2019-07-08 21:00:00+00:00,651.8336893,340.5032653,71.83419617,311.25206090000006,0.0
2019-07-08 22:00:00+00:00,618.9206644,338.819453,60.66685217,280.1155566,0.0
2019-07-08 23:00:00+00:00,597.3536783,335.7258481,59.53699208,261.61284209999997,0.0
2019-07-09 00:00:00+00:00,585.9807586,329.3490169,54.73566167,256.50798269999996,0.0
2019-07-09 01:00:00+00:00,565.4585113,339.7903646,47.85599125,225.68417680000005,0.0
2019-07-09 02:00:00+00:00,573.0795288,351.2061615,50.03576483,221.85876330000008,0.0
2019-07-09 03:00:00+00:00,656.8621471,350.8440653,47.82894058,306.0078510000001,0.0
2019-07-09 04:00:00+00:00,760.5682475,350.0024083,46.10562233,410.70503243,0.0
2019-07-09 05:00:00+00:00,872.5342049,361.9818395,52.26524142,510.55526740000005,0.0
2019-07-09 06:00:00+00:00,935.2930298,370.0938313,58.23721617,565.1846437999999,0.0
2019-07-09 07:00:00+00:00,943.8430533,373.2615333,56.02995208,570.5775074999999,0.0
2019-07-09 08:00:00+00:00,938.947342,372.1498718,57.72164725,566.798389,0.0
2019-07-09 09:00:00+00:00,928.87146,370.4687627,55.73800575,558.4189112000001,0.0
2019-07-09 10:00:00+00:00,944.3387857,380.2028047,64.44133292,564.1944469000001,0.0
2019-07-09 11:00:00+00:00,942.3660278,390.052536,74.47052108,552.3101632,0.0
2019-07-09 12:00:00+00:00,929.9418386,398.5446142,80.73659633,531.3972266,0.0
2019-07-09 13:00:00+00:00,907.1080475,403.6880009,84.93678958,503.42258591999996,0.0
2019-07-09 14:00:00+00:00,892.9453328,401.5813091,86.6692975,491.3482904000001,0.0
2019-07-09 15:00:00+00:00,886.0820109,392.1396102,81.14223167,493.92812960000003,0.0
2019-07-09 16:00:00+00:00,863.2836914,376.235682,67.86963417,487.05140289999997,0.0
2019-07-09 17:00:00+00:00,845.7618153,383.6220958,78.61298075,462.1570266000001,0.0
2019-07-09 18:00:00+00:00,824.8206482,378.6130678,74.78235567,446.21800989999997,0.0
2019-07-09 19:00:00+00:00,793.7839559,344.2200142,62.67676992,449.5566303999999,0.0
2019-07-09 20:00:00+00:00,741.9439087,331.0895031,58.62763783,410.84823419999987,0.0
2019-07-09 21:00:00+00:00,668.4782003,318.3669738,51.02355708,350.0686247000001,0.0
2019-07-09 22:00:00+00:00,623.4917146,313.5661749,54.53398042,309.75501569999994,0.0
2019-07-09 23:00:00+00:00,603.0117341,307.9515609,53.50348008,295.1474469000001,0.0
2019-07-10 00:00:00+00:00,593.1025136,302.9751003,50.37932708,289.9084404,0.0
2019-07-10 01:00:00+00:00,570.5799764,305.7734299,49.434715,264.9696910000001,0.0
2019-07-10 02:00:00+00:00,579.5191344,305.0543543,55.48738108,274.3784674000001,0.0
2019-07-10 03:00:00+00:00,659.2944896,319.7265523,51.67848858,339.61940909999987,0.0
2019-07-10 04:00:00+00:00,761.4444986,337.5061952,40.8628605,423.75964438000005,0.0
2019-07-10 05:00:00+00:00,880.3031362,345.8951619,36.59025308,534.3774200999999,0.0
2019-07-10 06:00:00+00:00,931.6065674,343.3932394,30.87288883,588.2201231999999,0.0
2019-07-10 07:00:00+00:00,941.6405792,343.9963785,31.30598208,597.6588017000001,0.0
2019-07-10 08:00:00+00:00,937.5196634,341.2447408,29.68066675,596.2687466000001,0.0
2019-07-10 09:00:00+00:00,919.0274809,344.4720203,35.37141792,574.55531793,0.0
2019-07-10 10:00:00+00:00,930.3527018,321.4111303,19.09828342,608.9276680000002,0.0
2019-07-10 11:00:00+00:00,915.8242443,318.7816798,16.71309658,597.0232589699999,0.0
2019-07-10 12:00:00+00:00,901.2573598,319.5325978,16.31544242,581.72994042,0.0
2019-07-10 13:00:00+00:00,875.9117738,322.0463231,19.33131267,553.8532482200001,0.0
2019-07-10 14:00:00+00:00,856.3368785,328.6406836,25.95146375,527.7036486000002,0.0
2019-07-10 15:00:00+00:00,854.1128642,324.5600638,23.10147942,529.5510406,0.0
2019-07-10 16:00:00+00:00,842.2955067,320.0269164,22.43874867,522.2653153000001,0.0
2019-07-10 17:00:00+00:00,828.1094106,317.4051259,22.99390383,510.6033513,0.0
2019-07-10 18:00:00+00:00,811.557841,317.4475733,23.47055192,494.10326499999985,0.0
2019-07-10 19:00:00+00:00,786.9277294,319.5006434,25.85936525,467.41313479999997,0.0
2019-07-10 20:00:00+00:00,752.9529977,316.9135007,23.36796125,435.85734560000003,0.0
2019-07-10 21:00:00+00:00,684.2417857,306.108401,16.22499783,378.0505724000002,0.0
2019-07-10 22:00:00+00:00,628.0447338,300.8656896,16.912892,327.23491279999996,0.0
2019-07-10 23:00:00+00:00,593.4868978,278.6304016,17.24123367,314.8744953999999,0.0
2019-07-11 00:00:00+00:00,584.7052664,279.4490534,20.03017,305.2971484000001,0.0
2019-07-11 01:00:00+00:00,559.7564238,294.5439886,23.79229133,265.257119,0.0
2019-07-11 02:00:00+00:00,558.8344726,331.0044862,32.3404485,227.8402253999999,0.0
2019-07-11 03:00:00+00:00,646.32959,353.433665,31.40517067,293.14582970000004,0.0
2019-07-11 04:00:00+00:00,755.1457518,362.9911219,21.08548817,392.16464177,0.0
2019-07-11 05:00:00+00:00,863.3568371,451.2663623,18.75552867,412.08711044999995,0.0
2019-07-11 06:00:00+00:00,910.4499002,490.5634003,17.925164,419.8693050699999,0.0
2019-07-11 07:00:00+00:00,924.5493417,496.460289,17.83522258,428.11172194999995,0.0
2019-07-11 08:00:00+00:00,917.0006103,504.8818614,20.67502308,412.1162543799999,0.0
2019-07-11 09:00:00+00:00,908.7237599,508.4269486,23.71047258,400.28083327,0.0
2019-07-11 10:00:00+00:00,924.5221558,502.9130427,18.0280475,421.61309355000014,0.0
2019-07-11 11:00:00+00:00,921.8004355,500.6716893,14.754014,421.12325117,0.0
2019-07-11 12:00:00+00:00,915.4033609,503.9934972,15.49418925,411.41160734999994,0.0
2019-07-11 13:00:00+00:00,892.6798958,507.6810175,13.24401467,385.0083738000001,0.0
2019-07-11 14:00:00+00:00,871.6073202,506.7262065,15.56459408,364.87527250000005,0.0
2019-07-11 15:00:00+00:00,851.0564014,505.3526179,14.94988958,345.7944801,0.0
2019-07-11 16:00:00+00:00,837.0986583,499.4012427,12.75344667,337.67822847000014,0.0
2019-07-11 17:00:00+00:00,824.5845543,496.3500265,13.33108008,328.20925641999986,0.0
2019-07-11 18:00:00+00:00,801.1993663,426.5674388,9.604743167,374.64499720000003,0.0
2019-07-11 19:00:00+00:00,764.2949065,313.4222082,12.68001967,450.87940503000004,0.0
2019-07-11 20:00:00+00:00,747.1829732,299.3529688,13.41025608,447.83099400000003,0.0
2019-07-11 21:00:00+00:00,686.0391898,287.7358094,15.72724592,398.29396280000003,0.0
2019-07-11 22:00:00+00:00,651.8451082,273.8976897,14.80792133,377.9517413,0.0
2019-07-11 23:00:00+00:00,628.8080138,261.2264302,11.04791192,367.64284748,0.0
2019-07-12 00:00:00+00:00,613.4093729,281.0252278,9.471233667,332.46706582,0.0
2019-07-12 01:00:00+00:00,589.0112863,262.4811072,9.172362833,326.573426,0.0
2019-07-12 02:00:00+00:00,597.3011018,261.3178024,10.95805425,335.9518131,0.0
2019-07-12 03:00:00+00:00,679.616806,283.0952657,12.94154767,396.55094687999997,0.0
2019-07-12 04:00:00+00:00,771.1254783,345.4117508,15.26526867,425.72024429999993,0.0
2019-07-12 05:00:00+00:00,861.3840586,462.3615392,8.037008917,399.02045732,0.0
2019-07-12 06:00:00+00:00,906.4721374,495.7137401,5.070002167,410.75177957000005,0.0
2019-07-12 07:00:00+00:00,911.205831,511.7418392,12.12837175,399.46376458000003,0.0
2019-07-12 08:00:00+00:00,909.954895,504.3878098,17.51636625,405.55894861999997,0.0
2019-07-12 09:00:00+00:00,889.8824796,493.8009277,21.29315767,390.87057139,0.0
2019-07-12 10:00:00+00:00,893.8677268,480.4848023,19.97142742,413.3783675000001,0.0
2019-07-12 11:00:00+00:00,882.4617718,480.0636673,20.37670708,402.40738607000003,0.0
2019-07-12 12:00:00+00:00,870.6889955,506.6389363,20.21340117,364.04227750000007,0.0
2019-07-12 13:00:00+00:00,854.5315398,496.7779693,21.85874392,357.8510976,0.0
2019-07-12 14:00:00+00:00,837.4534454,485.7206598,19.461324,351.73271833,0.0
2019-07-12 15:00:00+00:00,821.8188579,483.9137929,17.94952333,337.89336976999994,0.0
2019-07-12 16:00:00+00:00,803.2002972,479.2408625,18.33452633,323.9662006000001,0.0
2019-07-12 17:00:00+00:00,785.4889271,481.5547028,17.76360767,303.9172183,0.0
2019-07-12 18:00:00+00:00,754.4315188,391.7498601,18.83668333,362.66489480000007,0.0
2019-07-12 19:00:00+00:00,735.8099213,312.986712,24.55604675,422.81615450000004,0.0
2019-07-12 20:00:00+00:00,711.6084493,309.6883952,29.68578275,401.8663250000001,0.0
2019-07-12 21:00:00+00:00,667.0909068,282.1895115,27.20542333,384.82082219999995,0.0
2019-07-12 22:00:00+00:00,624.2816418,283.5898209,27.72510942,340.89788909999993,0.0
2019-07-12 23:00:00+00:00,598.6583201,283.3561757,31.89996625,315.2444531,0.0
2019-07-13 00:00:00+00:00,583.2983194,280.7435506,30.98347233,302.5752830000001,0.0
2019-07-13 01:00:00+00:00,553.4391122,278.001208,28.53601858,275.49611890000006,0.0
2019-07-13 02:00:00+00:00,551.4129233,274.7410203,21.83636683,276.810886,0.0
2019-07-13 03:00:00+00:00,577.3896586,269.8110555,17.37802567,307.61857799999996,0.0
2019-07-13 04:00:00+00:00,622.5077362,270.373164,12.37539117,352.1172232,0.0
2019-07-13 05:00:00+00:00,690.0001782,269.9474005,8.97020725,420.11237029999984,0.0
2019-07-13 06:00:00+00:00,738.4647674,296.1540578,3.940239167,442.314936,0.0
2019-07-13 07:00:00+00:00,751.5406444,307.971896,3.768963083,443.5742636,0.0
2019-07-13 08:00:00+00:00,760.0378927,293.46683,3.440160833,466.57454530000007,0.0
2019-07-13 09:00:00+00:00,748.2069396,277.1409812,3.544037583,471.1298121,0.0
2019-07-13 10:00:00+00:00,746.3166403,274.8945541,8.900415583,471.38936519999993,0.0
2019-07-13 11:00:00+00:00,744.6450092,282.9989677,11.315179,461.6464775999999,0.0
2019-07-13 12:00:00+00:00,742.8527628,281.0983479,15.07368367,461.7006568999999,0.0
2019-07-13 13:00:00+00:00,737.9821166,297.5047225,31.32610075,440.47224489999996,0.0
2019-07-13 14:00:00+00:00,740.7339579,282.0574011,25.17547758,458.63265219999994,0.0
2019-07-13 15:00:00+00:00,739.7852681,274.9925818,24.42282467,464.81861189999995,0.0
2019-07-13 16:00:00+00:00,739.337209,275.5760422,21.47914258,463.76576909999994,0.0
2019-07-13 17:00:00+00:00,734.7399292,268.293663,14.62680667,466.2951233000001,0.0
2019-07-13 18:00:00+00:00,719.8988139,262.6631139,10.52788333,457.2898653000001,0.0
2019-07-13 19:00:00+00:00,704.04953,254.6677105,11.138157,449.41110850000007,0.0
2019-07-13 20:00:00+00:00,697.4617003,242.5421194,11.79879783,454.9502704,0.0
2019-07-13 21:00:00+00:00,649.9777528,243.6111018,15.776675,406.35863700000016,0.0
2019-07-13 22:00:00+00:00,614.1971487,244.7232933,12.01070825,369.3791798,0.0
2019-07-13 23:00:00+00:00,589.1374919,244.1864103,9.97855775,344.9403625,0.0
2019-07-14 00:00:00+00:00,573.2400869,245.0703469,10.357349,328.08913300000006,0.0
2019-07-14 01:00:00+00:00,545.493505,242.1100427,12.77544825,303.4617821,0.0
2019-07-14 02:00:00+00:00,533.8900808,250.3188388,16.94531383,283.71343840000003,0.0
2019-07-14 03:00:00+00:00,552.2805836,250.2913639,15.789607,302.0082191000001,0.0
2019-07-14 04:00:00+00:00,590.5254058,248.7211838,12.668772,341.96799709999993,0.0
2019-07-14 05:00:00+00:00,647.6595409,251.1488343,10.06586192,396.5681257,0.0
2019-07-14 06:00:00+00:00,702.1558328,254.2774836,11.57624158,447.8730421,0.0
2019-07-14 07:00:00+00:00,733.177419,266.4372125,18.20311725,466.7613121999999,0.0
2019-07-14 08:00:00+00:00,738.8963013,262.8015545,15.46489583,476.09853669999995,0.0
2019-07-14 09:00:00+00:00,736.1915893,261.7454353,14.00649808,474.4652556000001,0.0
2019-07-14 10:00:00+00:00,728.7071992,273.5055492,23.18882567,455.20688229999996,0.0
2019-07-14 11:00:00+00:00,717.6996717,272.8914441,22.14402325,444.79860270000006,0.0
2019-07-14 12:00:00+00:00,710.820282,278.2683793,30.61611708,432.55344019999995,0.0
2019-07-14 13:00:00+00:00,713.2543182,282.5348893,33.79892792,430.7227889999999,0.0
2019-07-14 14:00:00+00:00,725.1173198,267.3770014,23.9005645,457.7344903999999,0.0
2019-07-14 15:00:00+00:00,731.1603139,266.2184017,23.74122583,464.89484170000003,0.0
2019-07-14 16:00:00+00:00,739.3993428,261.0431493,25.07203242,478.3511992000001,0.0
2019-07-14 17:00:00+00:00,737.4094798,255.6947759,22.51700775,481.71436229999995,0.0
2019-07-14 18:00:00+00:00,725.9836527,248.2932993,18.98384592,477.6629207000001,0.0
2019-07-14 19:00:00+00:00,716.2901102,251.2130101,20.6916075,465.06631460000017,0.0
2019-07-14 20:00:00+00:00,695.8211111,250.4988723,18.20665567,445.26022999999986,0.0
2019-07-14 21:00:00+00:00,642.0360362,248.9052289,15.77268142,393.06859840000004,0.0
2019-07-14 22:00:00+00:00,600.4106598,245.2422767,11.84029167,355.14490209999997,0.0
2019-07-14 23:00:00+00:00,576.4769794,241.7380334,14.15638192,334.70532019999996,0.0
2019-07-15 00:00:00+00:00,574.6268056,261.9858958,16.68801583,312.6138409,0.0
2019-07-15 01:00:00+00:00,549.1812794,261.0066833,18.10339067,288.15067640000007,0.0
2019-07-15 02:00:00+00:00,559.8081818,265.495791,13.463164,294.2902292000001,0.0
2019-07-15 03:00:00+00:00,623.1395671,279.2441077,9.073714167,344.1082033999999,0.0
2019-07-15 04:00:00+00:00,710.6750438,311.1171213,7.538709917,399.54971693000005,0.0
2019-07-15 05:00:00+00:00,803.4352012,391.5898183,8.263876583,411.8719636700001,0.0
2019-07-15 06:00:00+00:00,862.0960847,450.8044738,7.986613333,411.44372812999995,0.0
2019-07-15 07:00:00+00:00,869.5180459,453.0840963,4.069548,416.3239141999999,0.0
2019-07-15 08:00:00+00:00,879.3294831,431.1466039,6.460615583,448.08364244999996,0.0
2019-07-15 09:00:00+00:00,865.3571982,434.5497133,9.88510475,430.90218215000004,0.0
2019-07-15 10:00:00+00:00,871.4520163,428.1944274,18.10632775,443.37436890000004,0.0
2019-07-15 11:00:00+00:00,863.6736298,446.2376226,18.78439317,417.60649994999994,0.0
2019-07-15 12:00:00+00:00,860.3720092,444.2095211,19.36073625,416.25945628,0.0
2019-07-15 13:00:00+00:00,861.7521821,432.7012583,23.40604483,429.0035600000001,0.0
2019-07-15 14:00:00+00:00,840.918574,444.3920338,28.5382465,396.7375016,0.0
2019-07-15 15:00:00+00:00,845.1289267,454.3807526,33.392089,390.78053709999995,0.0
2019-07-15 16:00:00+00:00,820.0478108,463.4181417,31.66465483,356.64808053,0.0
2019-07-15 17:00:00+00:00,810.6871033,394.0930328,35.1565495,416.58980771999995,0.0
2019-07-15 18:00:00+00:00,790.4305827,333.813085,54.93436375,456.6139592999999,0.0
2019-07-15 19:00:00+00:00,769.1705118,339.8696341,58.40860017,429.2993545999999,0.0
2019-07-15 20:00:00+00:00,727.7551625,360.1107992,73.04213375,367.6380663,0.0
2019-07-15 21:00:00+00:00,658.6814219,363.187261,78.72590608,295.57470250000006,0.0
2019-07-15 22:00:00+00:00,611.6428223,323.5597536,74.90219358,288.04593109999996,0.0
2019-07-15 23:00:00+00:00,585.2048493,329.7511215,85.62239317,255.43801899999994,0.0
2019-07-16 00:00:00+00:00,585.8491058,346.6748582,98.87605267,239.11719919999996,0.0
2019-07-16 01:00:00+00:00,569.3600007,354.037379,108.294942,215.29738639999994,0.0
2019-07-16 02:00:00+00:00,566.4644928,333.0147884,93.880844,233.49887460000002,0.0
2019-07-16 03:00:00+00:00,645.6116129,316.4533486,61.81766308,329.1157478,0.0
2019-07-16 04:00:00+00:00,732.5785216,371.3307013,52.67736183,361.26259455,0.0
2019-07-16 05:00:00+00:00,829.5318858,507.9151764,73.12770483,321.613136283,0.0
2019-07-16 06:00:00+00:00,868.1630758,511.9215572,42.85586533,356.239164983,0.0
2019-07-16 07:00:00+00:00,882.9979197,526.1044923,55.8616785,357.0225807700001,0.0
2019-07-16 08:00:00+00:00,887.2342224,542.1521759,81.70678067,345.08209937000004,0.0
2019-07-16 09:00:00+00:00,869.5488433,499.7980372,63.215462,369.7643416000001,0.0
2019-07-16 10:00:00+00:00,875.5446421,502.0543416,48.9364675,373.48233998,0.0
2019-07-16 11:00:00+00:00,876.5697683,476.1976648,23.16927475,400.3813285,0.0
2019-07-16 12:00:00+00:00,879.9879913,477.9203821,15.30971275,402.05782015,0.0
2019-07-16 13:00:00+00:00,881.844503,471.4739938,12.44324367,410.36924228,0.0
2019-07-16 14:00:00+00:00,875.3815511,476.8736828,15.94589058,398.50090322000005,0.0
2019-07-16 15:00:00+00:00,855.4541525,465.1066588,15.88979758,390.35411436999993,0.0
2019-07-16 16:00:00+00:00,830.6621857,464.3636143,13.3131545,366.29832521700007,0.0
2019-07-16 17:00:00+00:00,807.9068044,452.4769668,13.47712733,355.422533683,0.0
2019-07-16 18:00:00+00:00,787.0836131,471.8073858,18.02101692,315.24939212000004,0.0
2019-07-16 19:00:00+00:00,760.1288298,479.9221751,28.7261105,280.20661533299995,0.0
2019-07-16 20:00:00+00:00,723.3230388,496.6538977,40.2460915,226.66679026999998,0.0
2019-07-16 21:00:00+00:00,653.6138458,505.8675892,46.470939,147.6919686,0.0
2019-07-16 22:00:00+00:00,611.6725769,350.6956914,40.79451825,260.8734895,0.0
2019-07-16 23:00:00+00:00,585.7648061,285.0916366,43.78805192,300.60886389999996,0.0
2019-07-17 00:00:00+00:00,579.4418791,272.3861975,36.30902092,307.04616110000006,0.0
2019-07-17 01:00:00+00:00,560.3579407,270.5905253,34.25017067,289.7186467,0.0
2019-07-17 02:00:00+00:00,563.4681243,272.2667795,30.16688175,291.29251480000005,0.0
2019-07-17 03:00:00+00:00,638.1250508,280.9050752,23.22299375,357.2685802,0.0
2019-07-17 04:00:00+00:00,732.6353201,328.1402868,12.5357255,404.546747283,0.0
2019-07-17 05:00:00+00:00,832.9203694,439.9724351,5.15191325,392.9505329200001,0.0
2019-07-17 06:00:00+00:00,874.2433268,470.870547,2.073066333,403.37490230000003,0.0
2019-07-17 07:00:00+00:00,881.8990324,478.9515278,4.026555583,402.94460981999987,0.0
2019-07-17 08:00:00+00:00,874.8489989,491.0249939,14.84055075,383.82924791999994,0.0
2019-07-17 09:00:00+00:00,864.4624633,494.443718,21.64299208,370.02713005,0.0
2019-07-17 10:00:00+00:00,879.3798575,504.6561152,29.90515708,374.7278676799999,0.0
2019-07-17 11:00:00+00:00,881.3297728,511.0601146,38.2800995,370.27204012000004,0.0
2019-07-17 12:00:00+00:00,866.8748829,521.7198259,45.38855483,345.14948762000006,0.0
2019-07-17 13:00:00+00:00,846.3798013,515.5113425,38.12546842,330.861337317,0.0
2019-07-17 14:00:00+00:00,842.3969573,501.2631709,31.21222,341.137106183,0.0
2019-07-17 15:00:00+00:00,834.9587961,488.6212337,33.78114633,346.31590115000006,0.0
2019-07-17 16:00:00+00:00,816.5367635,498.6315638,39.61033308,317.9991342999999,0.0
2019-07-17 17:00:00+00:00,800.8704122,497.4530715,40.39441267,303.47098563,0.0
2019-07-17 18:00:00+00:00,785.6547954,492.2101388,34.198264,293.47280272,0.0
2019-07-17 19:00:00+00:00,758.6548919,501.3641128,40.4244295,257.27994817,0.0
2019-07-17 20:00:00+00:00,725.8802083,506.4544855,50.36785042,219.47993910000002,0.0
2019-07-17 21:00:00+00:00,654.4975992,486.3420943,58.08326658,167.99725888000006,0.0
2019-07-17 22:00:00+00:00,617.8444316,375.6935273,56.77093083,242.19933532999994,0.0
2019-07-17 23:00:00+00:00,590.5793407,344.5472743,43.96312383,246.08647001999998,0.0
2019-07-18 00:00:00+00:00,575.8155211,330.8951363,34.9267545,244.96882850000003,0.0
2019-07-18 01:00:00+00:00,558.6779532,329.6221238,39.817714,228.9964193,0.0
2019-07-18 02:00:00+00:00,556.4525655,326.9742509,36.117676,229.60872980000005,0.0
2019-07-18 03:00:00+00:00,632.7097219,327.4239704,31.46539133,305.32443082000003,0.0
2019-07-18 04:00:00+00:00,728.1719259,324.1999613,23.60592825,404.0350852999999,0.0
2019-07-18 05:00:00+00:00,826.8630321,361.042249,15.2512435,465.90931699999993,0.0
2019-07-18 06:00:00+00:00,878.7441713,379.3643749,18.51284975,499.41755718,0.0
2019-07-18 07:00:00+00:00,892.0821024,373.876058,19.096816,518.23021618,0.0
2019-07-18 08:00:00+00:00,882.5764618,371.2426833,17.49520667,511.3293934999999,0.0
2019-07-18 09:00:00+00:00,866.1249949,395.9025091,23.14058425,470.19978319999996,0.0
2019-07-18 10:00:00+00:00,897.2328288,425.6914267,30.69323542,471.5503196,0.0
2019-07-18 11:00:00+00:00,884.2900238,434.3606516,39.75832417,449.9253783,0.0
2019-07-18 12:00:00+00:00,885.3864288,448.1682333,48.27488783,437.2171586999999,0.0
2019-07-18 13:00:00+00:00,870.3142395,436.7359415,55.30098767,433.56591000000003,0.0
2019-07-18 14:00:00+00:00,860.1170452,445.3665391,69.94474467,414.80214409999996,0.0
2019-07-18 15:00:00+00:00,846.2394563,453.4625423,85.5835325,392.76151182999996,0.0
2019-07-18 16:00:00+00:00,828.3161925,439.3738022,79.69008583,388.9411677000001,0.0
2019-07-18 17:00:00+00:00,815.3158518,417.3706233,75.51675008,397.94955211999996,0.0
2019-07-18 18:00:00+00:00,793.4084321,399.6063283,81.24656792,393.8078993799999,0.0
2019-07-18 19:00:00+00:00,762.958369,399.043012,81.04978058,363.8997954,0.0
2019-07-18 20:00:00+00:00,732.7898306,401.6642711,68.68912758,331.1048663,0.0
2019-07-18 21:00:00+00:00,666.865392,393.4668604,62.81463367,273.32172249999996,0.0
2019-07-18 22:00:00+00:00,632.1777853,416.0806912,89.1121405,216.17638482000007,0.0
2019-07-18 23:00:00+00:00,599.8102366,422.6891378,89.57924125,177.0125233,0.0
2019-07-19 00:00:00+00:00,588.6334281,423.4084677,90.60147458,165.094068,0.0
2019-07-19 01:00:00+00:00,570.5937552,402.9729945,76.36409083,167.4836735,0.0
2019-07-19 02:00:00+00:00,572.3830158,396.4150975,65.78024108,175.98968269999995,0.0
2019-07-19 03:00:00+00:00,643.6969402,404.4255626,58.38442867,239.2782065,0.0
2019-07-19 04:00:00+00:00,746.6470236,419.2939785,45.61035392,327.40448648,0.0
2019-07-19 05:00:00+00:00,844.5627899,412.0750784,36.2841935,432.54242511999996,0.0
2019-07-19 06:00:00+00:00,900.7016195,419.7478511,37.7261005,480.9611151300001,0.0
2019-07-19 07:00:00+00:00,910.7639058,434.0805765,40.99333708,476.687483267,0.0
2019-07-19 08:00:00+00:00,907.7518107,453.4003931,54.21168767,454.35176751999995,0.0
2019-07-19 09:00:00+00:00,894.2893983,441.9644903,60.03758158,452.32396488,0.0
2019-07-19 10:00:00+00:00,901.9993948,446.3283387,63.86615733,455.63687245000006,0.0
2019-07-19 11:00:00+00:00,892.0714366,441.599205,61.825379,450.4717145300001,0.0
2019-07-19 12:00:00+00:00,882.2153015,436.160342,59.89452567,446.08758097,0.0
2019-07-19 13:00:00+00:00,861.7895661,447.5723852,64.81418092,414.2250204,0.0
2019-07-19 14:00:00+00:00,844.089681,456.8746058,70.19287267,387.3190573,0.0
2019-07-19 15:00:00+00:00,832.9281363,450.0217998,66.1999055,383.12081294999996,0.0
2019-07-19 16:00:00+00:00,809.7432404,428.6541723,57.12343683,381.20540743,0.0
2019-07-19 17:00:00+00:00,790.5872091,432.3907623,60.35688992,358.29549427,0.0
2019-07-19 18:00:00+00:00,770.0594941,418.12751,54.29992858,351.9261065300001,0.0
2019-07-19 19:00:00+00:00,742.4523011,412.6668474,47.04417983,329.7768466,0.0
2019-07-19 20:00:00+00:00,715.9668478,378.8648834,50.70958683,337.10325290000003,0.0
2019-07-19 21:00:00+00:00,667.9910279,325.4574458,53.59876267,342.51956399999995,0.0
2019-07-19 22:00:00+00:00,633.1593273,258.8068783,57.91160025,374.35730479999995,0.0
2019-07-19 23:00:00+00:00,607.650182,256.598732,56.72620758,351.0514372,0.0
2019-07-20 00:00:00+00:00,593.9348347,251.2854221,53.72061308,342.6351320000001,0.0
2019-07-20 01:00:00+00:00,565.9198761,243.03375,46.92674942,322.9122051999999,0.0
2019-07-20 02:00:00+00:00,540.3272297,236.1598688,42.71904808,304.09543540000004,0.0
2019-07-20 03:00:00+00:00,574.05012,236.9060847,34.90413508,337.0100713,0.0
2019-07-20 04:00:00+00:00,623.5404613,231.7287688,26.7783185,391.88553750000005,0.0
2019-07-20 05:00:00+00:00,689.8818106,235.8980305,19.901975,454.0376762000001,0.0
2019-07-20 06:00:00+00:00,745.4425354,242.1878028,16.44707517,503.2717533,0.0
2019-07-20 07:00:00+00:00,770.4004518,242.7947262,13.72126533,527.60322565,0.0
2019-07-20 08:00:00+00:00,766.8686473,245.7850761,14.83693217,521.08418263,0.0
2019-07-20 09:00:00+00:00,749.5739745,239.0346337,13.83366408,510.53521624999996,0.0
2019-07-20 10:00:00+00:00,734.622411,237.5458348,11.32973775,497.0836089699999,0.0
2019-07-20 11:00:00+00:00,721.4231262,235.0199038,10.57072658,486.40486415,0.0
2019-07-20 12:00:00+00:00,729.3814291,226.2150993,6.998563333,503.1804257,0.0
2019-07-20 13:00:00+00:00,732.4045461,224.6659572,6.920570417,507.731528733,0.0
2019-07-20 14:00:00+00:00,739.3460338,218.5214615,4.922992333,520.8209220200001,0.0
2019-07-20 15:00:00+00:00,750.7001037,217.5297344,8.029637833,533.1782391500001,0.0
2019-07-20 16:00:00+00:00,756.6159821,211.9146207,9.954820167,544.6417554999999,0.0
2019-07-20 17:00:00+00:00,748.4143219,207.8865535,11.51347575,540.51954017,0.0
2019-07-20 18:00:00+00:00,725.6420594,204.9296723,13.31462708,520.71116957,0.0
2019-07-20 19:00:00+00:00,712.5335133,212.59014,18.00807383,499.9813789,0.0
2019-07-20 20:00:00+00:00,700.3725943,213.4405138,16.19999333,486.8018571,0.0
2019-07-20 21:00:00+00:00,649.9217378,213.5087343,14.66844717,436.38756539999997,0.0
2019-07-20 22:00:00+00:00,608.7303163,206.7416648,13.67582625,402.03996970000003,0.0
2019-07-20 23:00:00+00:00,586.6358847,207.4289983,13.53214142,379.192334,0.0
2019-07-21 00:00:00+00:00,574.3290405,209.7948265,12.99771708,364.497406,0.0
2019-07-21 01:00:00+00:00,553.7171582,211.5528946,16.44302992,342.1618024,0.0
2019-07-21 02:00:00+00:00,530.5544535,208.3701527,18.336559,322.1640412,0.0
2019-07-21 03:00:00+00:00,547.4493613,215.0914432,18.40355367,332.3337997,0.0
2019-07-21 04:00:00+00:00,594.3373666,218.5390523,15.53824017,375.8311746,0.0
2019-07-21 05:00:00+00:00,659.5080312,216.0281538,3.04812375,443.5462305,0.0
2019-07-21 06:00:00+00:00,712.7934215,218.3011792,-2.264864,494.53068809999996,0.0
2019-07-21 07:00:00+00:00,737.3212333,222.7213376,-5.502798917,514.5553014,0.0
2019-07-21 08:00:00+00:00,737.4899395,225.3121047,-7.793339583,512.19357262,0.0
2019-07-21 09:00:00+00:00,732.1157887,222.2392832,-7.154564583,509.86868312,0.0
2019-07-21 10:00:00+00:00,723.6180165,220.4998422,-6.447737667,503.11364402999993,0.0
2019-07-21 11:00:00+00:00,722.7115173,220.8556506,-2.034989667,501.86101213000006,0.0
2019-07-21 12:00:00+00:00,723.7102814,226.8019968,-1.26615425,496.95939085,0.0
2019-07-21 13:00:00+00:00,729.6751761,231.6531602,3.876129333,497.9651227,0.0
2019-07-21 14:00:00+00:00,746.0735777,233.1599045,11.95550108,512.9493207999999,0.0
2019-07-21 15:00:00+00:00,760.1029563,231.8574028,17.77599208,528.2875376,0.0
2019-07-21 16:00:00+00:00,768.0348714,218.7927983,16.30963875,549.2106615999999,0.0
2019-07-21 17:00:00+00:00,773.2847443,210.7566045,14.65143758,562.4892149,0.0
2019-07-21 18:00:00+00:00,760.932836,212.3372131,17.682359,548.6049254000001,0.0
2019-07-21 19:00:00+00:00,740.2510275,216.7218258,25.360617,523.4766399,0.0
2019-07-21 20:00:00+00:00,717.6679383,235.5904184,43.19304258,482.04943699999995,0.0
2019-07-21 21:00:00+00:00,652.103429,222.2360765,39.42863542,430.0627800000001,0.0
2019-07-21 22:00:00+00:00,613.998225,244.8607737,51.17834117,369.05089223000004,0.0
2019-07-21 23:00:00+00:00,590.5760448,238.1945497,42.8660515,352.36726959999993,0.0
2019-07-22 00:00:00+00:00,569.4820403,266.8796261,51.32020675,302.5590235,0.0
2019-07-22 01:00:00+00:00,556.2823996,277.1116079,46.53473842,279.2937314999999,0.0
2019-07-22 02:00:00+00:00,551.4264933,291.4381409,46.27334167,260.0072912,0.0
2019-07-22 03:00:00+00:00,629.2752431,305.9380138,35.95362625,323.3518705,0.0
2019-07-22 04:00:00+00:00,742.2011007,322.4493968,17.50829508,419.78839098000003,0.0
2019-07-22 05:00:00+00:00,854.0156248,376.0811741,7.539493583,477.96209472,0.0
2019-07-22 06:00:00+00:00,921.9247742,387.0053178,2.734153,535.038956,0.0
2019-07-22 07:00:00+00:00,942.2991741,397.1201883,2.260047083,545.18717182,0.0
2019-07-22 08:00:00+00:00,949.7848918,401.6472778,1.440161417,548.12381765,0.0
2019-07-22 09:00:00+00:00,940.8463745,398.8464813,2.079961333,542.0245454999999,0.0
2019-07-22 10:00:00+00:00,961.9147694,404.0325518,7.412485583,557.9173831999999,0.0
2019-07-22 11:00:00+00:00,955.4569805,398.5097553,11.87216575,556.75633765,0.0
2019-07-22 12:00:00+00:00,940.7785187,402.8014806,12.48208108,538.03702573,0.0
2019-07-22 13:00:00+00:00,924.5939332,404.9577102,14.0034745,519.6232332500001,0.0
2019-07-22 14:00:00+00:00,902.4703776,405.8818639,14.82785442,496.64686617000007,0.0
2019-07-22 15:00:00+00:00,886.3658142,402.3891653,13.031071,484.15676510000003,0.0
2019-07-22 16:00:00+00:00,856.2588908,392.4251199,11.54057733,463.8638151,0.0
2019-07-22 17:00:00+00:00,831.5506133,388.891299,9.604068333,442.5925897999999,0.0
2019-07-22 18:00:00+00:00,806.4845579,367.2966995,10.34817642,439.2928616,0.0
2019-07-22 19:00:00+00:00,784.179306,364.6062419,10.19789533,419.5972562,0.0
2019-07-22 20:00:00+00:00,730.0994008,368.6279193,11.63233483,361.42532839999996,0.0
2019-07-22 21:00:00+00:00,664.165273,377.0817923,13.009691,287.1423114,0.0
2019-07-22 22:00:00+00:00,634.2594504,379.6430129,16.97852592,254.63951540000005,0.0
2019-07-22 23:00:00+00:00,604.6174011,381.7955322,19.39915683,222.9142759,0.0
2019-07-23 00:00:00+00:00,594.9382783,376.7300162,20.49673617,218.12209290000004,0.0
2019-07-23 01:00:00+00:00,580.7198182,358.7896475,17.86149475,221.8785229,0.0
2019-07-23 02:00:00+00:00,579.9356028,352.8665084,17.76777475,227.08575680000007,0.0
2019-07-23 03:00:00+00:00,652.3849843,358.8054022,13.385805,293.59649499999995,0.0
2019-07-23 04:00:00+00:00,760.8268636,374.1188025,8.816395417,386.7826676699999,0.0
2019-07-23 05:00:00+00:00,868.4414874,371.8163148,4.07298,496.89800318299996,0.0
2019-07-23 06:00:00+00:00,923.7725068,438.4888051,0.5778875,485.34882572,0.0
2019-07-23 07:00:00+00:00,935.0927633,492.1108958,-3.275709833,443.1316739199999,0.0
2019-07-23 08:00:00+00:00,931.2854208,491.8871483,-2.282070917,439.4693572,0.0
2019-07-23 09:00:00+00:00,917.245458,499.6399078,2.471941083,417.82104530000004,0.0
2019-07-23 10:00:00+00:00,931.2560729,500.3922857,4.136619667,430.94767419999994,0.0
2019-07-23 11:00:00+00:00,930.1154073,501.0951716,6.964007167,429.2383618,0.0
2019-07-23 12:00:00+00:00,922.315623,500.790367,11.15997533,421.71158698,0.0
2019-07-23 13:00:00+00:00,911.314565,474.0669403,12.11414642,437.40295715,0.0
2019-07-23 14:00:00+00:00,899.5136211,465.0475642,14.05923042,434.69030239999995,0.0
2019-07-23 15:00:00+00:00,888.6959178,449.4520341,15.43476283,439.3525483000001,0.0
2019-07-23 16:00:00+00:00,867.1233064,486.7853471,15.07065758,380.4078582300001,0.0
2019-07-23 17:00:00+00:00,845.1188659,494.749593,21.485823,350.32614257,0.0
2019-07-23 18:00:00+00:00,815.0185445,503.6961618,33.47222858,311.4420255,0.0
2019-07-23 19:00:00+00:00,790.4450328,512.6312993,40.33976558,277.93683810000005,0.0
2019-07-23 20:00:00+00:00,746.6599579,510.3805009,47.48429583,236.29626630000007,0.0
2019-07-23 21:00:00+00:00,673.7802532,478.2438863,56.77296258,195.37799080000002,0.0
2019-07-23 22:00:00+00:00,635.7938282,476.6294912,51.55232992,159.13890697000005,0.0
2019-07-23 23:00:00+00:00,610.4052276,443.1497625,44.15498308,167.17393149999998,0.0
2019-07-24 00:00:00+00:00,602.8719533,432.1675493,39.66672842,170.65350853000007,0.0
2019-07-24 01:00:00+00:00,588.0671945,430.7819368,35.01206233,157.24957756999999,0.0
2019-07-24 02:00:00+00:00,576.5360158,418.3732504,25.09346,158.1271744,0.0
2019-07-24 03:00:00+00:00,652.1285503,420.0806503,20.68933425,232.0278487,0.0
2019-07-24 04:00:00+00:00,758.9587962,470.0144933,13.33115967,288.93184005,0.0
2019-07-24 05:00:00+00:00,871.4394124,474.3171996,7.323436667,397.18231365,0.0
2019-07-24 06:00:00+00:00,926.4465586,461.8647182,2.596680083,464.61463236699996,0.0
2019-07-24 07:00:00+00:00,936.6681824,484.0634842,3.220731083,452.51063965,0.0
2019-07-24 08:00:00+00:00,940.2529194,479.9492951,6.23796375,460.27685177999996,0.0
2019-07-24 09:00:00+00:00,922.3003337,501.4481583,10.36698633,420.82309028000003,0.0
2019-07-24 10:00:00+00:00,934.3554943,509.8420993,16.3659885,424.75463644999996,0.0
2019-07-24 11:00:00+00:00,928.9612121,516.6382447,25.81531742,412.42676433,0.0
2019-07-24 12:00:00+00:00,923.2558543,541.7880504,29.75424542,381.46629472,0.0
2019-07-24 13:00:00+00:00,915.4910533,532.6050719,39.29213717,383.1145091,0.0
2019-07-24 14:00:00+00:00,901.7597706,541.7877756,52.76207542,359.6529146000001,0.0
2019-07-24 15:00:00+00:00,887.5667724,536.5566864,51.2788685,351.02763529999993,0.0
2019-07-24 16:00:00+00:00,862.9759522,548.3089092,44.34606642,314.86142469999993,0.0
2019-07-24 17:00:00+00:00,847.6162565,560.4593302,50.55120608,287.10678113,0.0
2019-07-24 18:00:00+00:00,826.2921702,559.707733,51.33517775,266.57513817999995,0.0
2019-07-24 19:00:00+00:00,805.1234692,520.5192769,48.54168292,284.8166852500001,0.0
2019-07-24 20:00:00+00:00,756.8042705,516.2885793,58.19121308,240.48037245,0.0
2019-07-24 21:00:00+00:00,684.575297,509.9357378,57.81553308,174.67328808299987,0.0
2019-07-24 22:00:00+00:00,639.3487549,500.2682469,43.12858275,138.9766489000001,0.0
2019-07-24 23:00:00+00:00,610.694112,486.8461253,45.23186008,123.8639665799999,0.0
2019-07-25 00:00:00+00:00,601.2421163,485.7139868,48.14411342,115.47283972000002,0.0
2019-07-25 01:00:00+00:00,590.0522208,475.9392904,37.81082858,114.10243690000004,0.0
2019-07-25 02:00:00+00:00,582.5019177,479.9425941,39.83247017,102.67909109999994,0.0
2019-07-25 03:00:00+00:00,660.9889426,474.5455832,33.97279067,186.47416564999997,0.0
2019-07-25 04:00:00+00:00,759.9761454,483.0386175,26.04493833,276.99293123000007,0.0
2019-07-25 05:00:00+00:00,866.5439809,480.919238,18.21157942,385.64536622,0.0
2019-07-25 06:00:00+00:00,919.2788697,484.6603877,14.58373633,434.61167423,0.0
2019-07-25 07:00:00+00:00,931.2892659,502.0263748,13.12096033,429.27930272000003,0.0
2019-07-25 08:00:00+00:00,930.431071,519.5961406,20.530594,410.85416125,0.0
2019-07-25 09:00:00+00:00,912.5141854,530.8231101,30.928392,381.68608105000004,0.0
2019-07-25 10:00:00+00:00,919.2301178,528.2261809,29.63934108,391.15555965000004,0.0
2019-07-25 11:00:00+00:00,907.7030284,532.4158986,36.79723117,375.3717897199999,0.0
2019-07-25 12:00:00+00:00,904.2186993,539.2820332,42.31837392,364.92912422,0.0
2019-07-25 13:00:00+00:00,891.8045247,561.5466563,66.79529442,330.3193287,0.0
2019-07-25 14:00:00+00:00,883.6072998,526.1023,43.83129383,357.4927477,0.0
2019-07-25 15:00:00+00:00,873.2696583,495.0870283,27.69923608,378.48467239999997,0.0
2019-07-25 16:00:00+00:00,854.0592905,495.6000518,26.64127783,358.70608068,0.0
2019-07-25 17:00:00+00:00,840.6078948,483.4409256,23.982627,357.10706287999994,0.0
2019-07-25 18:00:00+00:00,820.1475218,489.7269823,21.35173875,330.4391981999999,0.0
2019-07-25 19:00:00+00:00,792.3681947,501.6311238,30.31528633,290.61065403,0.0
2019-07-25 20:00:00+00:00,741.88797,488.9531835,32.39423308,253.20049287,0.0
2019-07-25 21:00:00+00:00,682.6208547,452.3978271,33.983648,230.22893185000004,0.0
2019-07-25 22:00:00+00:00,630.5694783,368.4191309,38.90620917,262.36270565,0.0
2019-07-25 23:00:00+00:00,607.3844859,358.8140691,41.19517075,248.76496659999992,0.0
2019-07-26 00:00:00+00:00,596.2895052,366.1458614,40.7580995,230.22613470000005,0.0
2019-07-26 01:00:00+00:00,579.1245523,370.252426,43.57649333,208.78516119999995,0.0
2019-07-26 02:00:00+00:00,576.0049236,373.0292664,42.8536505,203.04970939999998,0.0
2019-07-26 03:00:00+00:00,654.0547993,420.2780482,39.47545167,233.83556800000002,0.0
2019-07-26 04:00:00+00:00,758.0187938,481.4921747,19.1506145,276.65119237000005,0.0
2019-07-26 05:00:00+00:00,867.4216158,503.7430241,7.98904625,363.87395205,0.0
2019-07-26 06:00:00+00:00,924.1698658,522.3289491,13.27377808,401.93663128300005,0.0
2019-07-26 07:00:00+00:00,945.7066143,545.8965301,25.99590633,399.86267625,0.0
2019-07-26 08:00:00+00:00,945.3539938,559.4135436,32.02379442,385.95861262,0.0
2019-07-26 09:00:00+00:00,929.2827964,564.5656077,35.20217392,364.79316862999997,0.0
2019-07-26 10:00:00+00:00,935.5151773,565.2899831,36.82567025,370.3056687999999,0.0
2019-07-26 11:00:00+00:00,922.47937,565.6149801,36.42432508,356.71798629999995,0.0
2019-07-26 12:00:00+00:00,910.6324819,547.7988993,28.47083983,363.08682558,0.0
2019-07-26 13:00:00+00:00,891.1448213,548.4878388,29.66250058,342.82639759999995,0.0
2019-07-26 14:00:00+00:00,877.1365204,533.2469583,33.29179967,344.13528701999996,0.0
2019-07-26 15:00:00+00:00,855.8039093,528.1232046,47.03629617,327.82089740000004,0.0
2019-07-26 16:00:00+00:00,840.558553,535.0804188,41.03658925,305.4145255000001,0.0
2019-07-26 17:00:00+00:00,807.4954986,510.7208658,27.16586325,296.76008379999996,0.0
2019-07-26 18:00:00+00:00,788.5944518,516.4515127,26.11504075,272.13608201999995,0.0
2019-07-26 19:00:00+00:00,769.1195068,517.1343283,34.38119833,251.88484900000003,0.0
2019-07-26 20:00:00+00:00,721.4331358,492.5127207,41.87702967,228.95666523,0.0
2019-07-26 21:00:00+00:00,673.6764018,462.2885336,52.29908233,211.45373760000007,0.0
2019-07-26 22:00:00+00:00,622.0324048,377.026357,48.39945808,245.094227,0.0
2019-07-26 23:00:00+00:00,601.32517,325.3991648,49.45061958,275.9364983999999,0.0
2019-07-27 00:00:00+00:00,591.1419526,313.0547461,34.58993617,277.9295571999999,0.0
2019-07-27 01:00:00+00:00,562.0157725,308.0510685,33.5451375,253.99984854999994,0.0
2019-07-27 02:00:00+00:00,538.6219482,313.1141714,47.86130317,225.5106723,0.0
2019-07-27 03:00:00+00:00,576.9382629,324.9580638,47.43343408,252.0394933,0.0
2019-07-27 04:00:00+00:00,638.0959828,314.1769204,27.89358333,323.99592579999995,0.0
2019-07-27 05:00:00+00:00,710.8146923,312.3814011,9.0661115,398.5212856,0.0
2019-07-27 06:00:00+00:00,774.7667134,326.7724811,1.1670435,447.92312239999995,0.0
2019-07-27 07:00:00+00:00,798.4756266,341.8327305,7.893395833,456.6064510300001,0.0
2019-07-27 08:00:00+00:00,799.8078611,359.0663224,21.71648008,440.6842770799999,0.0
2019-07-27 09:00:00+00:00,787.6788889,371.7350033,33.28859508,415.93615912999996,0.0
2019-07-27 10:00:00+00:00,781.5511016,369.6566161,32.44630392,411.79294959999993,0.0
2019-07-27 11:00:00+00:00,778.3196208,353.2200088,36.04054525,424.99674230000005,0.0
2019-07-27 12:00:00+00:00,773.5900878,353.829165,45.83428167,419.76531652,0.0
2019-07-27 13:00:00+00:00,774.7477417,348.1454267,47.45983742,426.67377707,0.0
2019-07-27 14:00:00+00:00,778.7401632,349.1063233,46.02677117,429.69291625000005,0.0
2019-07-27 15:00:00+00:00,786.8652242,348.3791861,36.87955317,438.68447649999996,0.0
2019-07-27 16:00:00+00:00,782.5495401,329.9770686,24.03293175,452.6589840999999,0.0
2019-07-27 17:00:00+00:00,774.2448933,325.0010172,20.98497008,449.2571636,0.0
2019-07-27 18:00:00+00:00,755.1751862,330.7190577,25.00833317,424.45479761999997,0.0
2019-07-27 19:00:00+00:00,739.6917674,332.7477544,33.52513075,406.97626110000004,0.0
2019-07-27 20:00:00+00:00,715.025477,322.1554388,40.98879508,392.87060479999997,0.0
2019-07-27 21:00:00+00:00,658.1113129,310.0762762,39.11897258,348.1188116,0.0
2019-07-27 22:00:00+00:00,623.0108032,308.0175172,36.52498092,315.06518300000005,0.0
2019-07-27 23:00:00+00:00,593.3385975,295.0498836,32.49448783,298.2096343,0.0
2019-07-28 00:00:00+00:00,586.2375845,302.0745849,32.80523575,284.1915385,0.0
2019-07-28 01:00:00+00:00,567.0687256,302.2151083,32.92342842,264.8802986,0.0
2019-07-28 02:00:00+00:00,542.1838938,292.9667207,22.6297355,249.2433165,0.0
2019-07-28 03:00:00+00:00,563.1998341,289.6129458,15.34254033,273.58222480000006,0.0
2019-07-28 04:00:00+00:00,610.850001,293.5561575,9.704134917,317.4027907000001,0.0
2019-07-28 05:00:00+00:00,683.4614358,292.5816064,2.82473075,391.04002555000005,0.0
2019-07-28 06:00:00+00:00,742.0641123,306.2639363,-1.58305925,435.85906895000005,0.0
2019-07-28 07:00:00+00:00,777.1933338,318.3912404,-4.996389083,458.82357104999994,0.0
2019-07-28 08:00:00+00:00,782.3419496,323.7845332,-4.349436417,458.57687716999993,0.0
2019-07-28 09:00:00+00:00,777.3741658,334.6548335,5.193687667,442.84141172999995,0.0
2019-07-28 10:00:00+00:00,777.7380828,339.0227331,8.816375,438.72196021700006,0.0
2019-07-28 11:00:00+00:00,771.1837668,330.231626,5.555358667,440.95170387,0.0
2019-07-28 12:00:00+00:00,770.5953574,328.6428628,7.24584125,441.95539117999994,0.0
2019-07-28 13:00:00+00:00,779.1306153,347.9044088,30.56077225,431.22803405,0.0
2019-07-28 14:00:00+00:00,787.1426799,356.0183334,41.57469167,431.10375546999995,0.0
2019-07-28 15:00:00+00:00,794.2563528,359.1343892,45.54306642,435.1348025000001,0.0
2019-07-28 16:00:00+00:00,794.6773478,351.7620543,43.787521,442.7894295,0.0
2019-07-28 17:00:00+00:00,801.1745758,352.3447419,47.94730792,448.83148819999997,0.0
2019-07-28 18:00:00+00:00,785.9411826,345.8194528,43.59946992,439.98581992999993,0.0
2019-07-28 19:00:00+00:00,776.2095185,374.2283019,68.97272308,401.7965601,0.0
2019-07-28 20:00:00+00:00,731.1246593,391.3636576,83.977963,339.73345569999987,0.0
2019-07-28 21:00:00+00:00,663.3271433,389.3516337,91.51480133,274.02467399999995,0.0
2019-07-28 22:00:00+00:00,617.6435292,364.3919043,84.93064183,253.18717999999996,0.0
2019-07-28 23:00:00+00:00,591.8555095,354.4807713,79.70878425,237.34295980000007,0.0
2019-07-29 00:00:00+00:00,590.7881471,371.5465469,78.9068815,219.38284930000003,0.0
2019-07-29 01:00:00+00:00,589.0334727,403.1137772,77.94571075,185.85081850000006,0.0
2019-07-29 02:00:00+00:00,576.6634928,414.4172313,79.20086125,161.97960129999996,0.0
2019-07-29 03:00:00+00:00,638.0033823,431.8849843,68.85567192,206.28923450000008,0.0
2019-07-29 04:00:00+00:00,745.1799827,517.4384283,54.43583708,227.71757209999998,0.0
2019-07-29 05:00:00+00:00,862.629186,516.2716421,25.34186267,346.32005188299996,0.0
2019-07-29 06:00:00+00:00,931.0168915,551.2675577,11.995361,379.783324,0.0
2019-07-29 07:00:00+00:00,944.8908183,561.8521931,6.02461975,383.03134422000005,0.0
2019-07-29 08:00:00+00:00,949.0122632,593.6856436,8.080327583,355.3087818669999,0.0
2019-07-29 09:00:00+00:00,945.2335459,629.9874066,11.08969733,315.24295799999993,0.0
2019-07-29 10:00:00+00:00,960.2461396,628.8290099,4.6118915,331.36162487,0.0
2019-07-29 11:00:00+00:00,959.0617014,604.3990832,3.740212583,354.66386573,0.0
2019-07-29 12:00:00+00:00,947.4774323,523.7566629,2.976083417,423.7228539,0.0
2019-07-29 13:00:00+00:00,928.4705759,513.0005264,2.846008083,415.4610626,0.0
2019-07-29 14:00:00+00:00,913.0716758,506.1573334,3.546816083,406.91189339999994,0.0
2019-07-29 15:00:00+00:00,909.6387482,498.8900988,6.454104,410.74362840000003,0.0
2019-07-29 16:00:00+00:00,895.9640046,501.1843948,18.71232467,394.7726417,0.0
2019-07-29 17:00:00+00:00,872.5371704,491.7909927,15.37258292,380.74462483,0.0
2019-07-29 18:00:00+00:00,857.352824,474.3099213,12.95127592,383.0475295000001,0.0
2019-07-29 19:00:00+00:00,841.5570374,464.87854,16.85234442,376.69744649999996,0.0
2019-07-29 20:00:00+00:00,772.9879352,455.1200434,13.69171167,317.87242479999986,0.0
2019-07-29 21:00:00+00:00,696.2512563,417.4657058,12.10772317,278.84898680000003,0.0
2019-07-29 22:00:00+00:00,650.4707132,399.0337982,11.22097617,251.53569190000007,0.0
2019-07-29 23:00:00+00:00,630.2511191,397.1114679,10.47781033,233.09004500000015,0.0
2019-07-30 00:00:00+00:00,618.4283752,403.6874823,15.532335,214.8259273,0.0
2019-07-30 01:00:00+00:00,616.1154073,411.5834783,20.05523058,204.4430256999999,0.0
2019-07-30 02:00:00+00:00,611.3236441,446.6621756,50.67183625,164.75675060000003,0.0
2019-07-30 03:00:00+00:00,685.9848379,466.601209,69.13495875,219.45790979999992,0.0
2019-07-30 04:00:00+00:00,786.5093586,473.6133677,73.26040117,312.8804261,0.0
2019-07-30 05:00:00+00:00,897.1747081,506.655866,62.62162742,390.5119740999999,0.0
2019-07-30 06:00:00+00:00,959.7379455,567.9670868,81.14907233,391.7636555,0.0
2019-07-30 07:00:00+00:00,971.9925283,581.193746,87.00778258,390.77454020000005,0.0
2019-07-30 08:00:00+00:00,973.9401854,594.9402926,95.64441192,379.0049605999999,0.0
2019-07-30 09:00:00+00:00,951.2101544,608.9942933,107.9174955,342.21838800000006,0.0
2019-07-30 10:00:00+00:00,959.1669515,582.0170032,87.6845645,377.14820639999994,0.0
2019-07-30 11:00:00+00:00,936.4571685,532.2894288,51.038363,404.1857526,0.0
2019-07-30 12:00:00+00:00,933.9012248,509.6934053,47.50011408,424.2389881999999,0.0
2019-07-30 13:00:00+00:00,912.4216716,526.1248679,52.22994967,386.4674816,0.0
2019-07-30 14:00:00+00:00,893.6655732,526.2399903,68.72601408,367.39817519999997,0.0
2019-07-30 15:00:00+00:00,883.1954754,527.2049891,81.39182233,356.1596438999999,0.0
2019-07-30 16:00:00+00:00,864.296819,518.9637936,94.04693075,345.239676,0.0
2019-07-30 17:00:00+00:00,849.8539529,522.0760217,75.967576,327.7772598,0.0
2019-07-30 18:00:00+00:00,835.5405935,511.2688268,97.26888025,324.3125900299999,0.0
2019-07-30 19:00:00+00:00,824.621943,526.3013764,110.2250502,298.14549650000004,0.0
2019-07-30 20:00:00+00:00,775.1552735,525.7937494,111.8972836,249.3469632,0.0
2019-07-30 21:00:00+00:00,698.0657043,534.2615713,122.3229254,163.64255190000006,0.0
2019-07-30 22:00:00+00:00,654.4874116,521.6253508,110.0943199,132.7534177000001,0.0
2019-07-30 23:00:00+00:00,633.1646678,518.2735316,107.8283959,114.8656049,0.0
2019-07-31 00:00:00+00:00,625.229289,534.248759,121.7267667,90.79331289999993,0.0
2019-07-31 01:00:00+00:00,621.7228088,519.3023656,110.0272933,102.51890930000008,0.0
2019-07-31 02:00:00+00:00,617.0242768,514.6156795,105.7603736,102.57922980000001,0.0
2019-07-31 03:00:00+00:00,692.6072286,526.0216724,109.2370298,166.65295329999992,0.0
2019-07-31 04:00:00+00:00,798.5986479,529.4960531,98.58574658,269.27052760000004,0.0
2019-07-31 05:00:00+00:00,912.8528798,555.4875692,90.3264165,357.45939390000007,0.0
2019-07-31 06:00:00+00:00,974.1451416,543.5300955,65.15062917,430.6083226999999,0.0
2019-07-31 07:00:00+00:00,989.6668142,534.2041882,50.290472,455.45421029999994,0.0
2019-07-31 08:00:00+00:00,994.9615224,528.8021698,41.97016458,466.1529605999999,0.0
2019-07-31 09:00:00+00:00,976.020228,523.16687,33.28608917,452.89976920000004,0.0
2019-07-31 10:00:00+00:00,987.6007384,514.3913448,24.09471558,473.20525769999995,0.0
2019-07-31 11:00:00+00:00,979.2693481,514.1334355,21.50447675,465.07410280000005,0.0
2019-07-31 12:00:00+00:00,962.5400187,509.5229339,16.2024485,453.0369320999999,0.0
2019-07-31 13:00:00+00:00,945.7251943,508.1480561,17.22899358,437.59427839999995,0.0
2019-07-31 14:00:00+00:00,930.0029753,462.3569564,18.91560167,467.6131871,0.0
2019-07-31 15:00:00+00:00,925.2135875,435.1280772,15.75457508,490.1447392000001,0.0
2019-07-31 16:00:00+00:00,900.9980724,456.4418131,21.47367675,444.5536749,0.0
2019-07-31 17:00:00+00:00,885.7397969,461.0960593,21.32409333,424.65119100000004,0.0
2019-07-31 18:00:00+00:00,873.5055694,453.4282278,21.71603983,420.0650793169999,0.0
2019-07-31 19:00:00+00:00,859.8888907,463.8274562,20.80155667,396.0588569999999,0.0
2019-07-31 20:00:00+00:00,789.8417358,461.8626378,17.21179908,327.97218509999993,0.0
2019-07-31 21:00:00+00:00,717.7996673,426.291939,16.926064,291.5345358,0.0
2019-07-31 22:00:00+00:00,672.9643148,424.0325749,21.300194,249.46495935000002,0.0
2019-07-31 23:00:00+00:00,655.1341349,425.4565277,22.70799767,229.64090303,0.0
2019-08-01 00:00:00+00:00,638.6658022,433.1362941,30.91198983,205.56456067,0.0
2019-08-01 01:00:00+00:00,636.5969288,425.6535874,27.70341458,211.09867647000004,0.0
2019-08-01 02:00:00+00:00,626.9160463,427.3759868,26.46568575,199.54989697999997,0.0
2019-08-01 03:00:00+00:00,705.3524119,425.4410145,19.20833883,279.9098779000001,0.0
2019-08-01 04:00:00+00:00,807.9853313,445.0572993,11.24421658,362.90706900000004,0.0
2019-08-01 05:00:00+00:00,908.6776936,450.8362604,8.961050083,457.8553069,0.0
2019-08-01 06:00:00+00:00,953.7044829,484.8720323,13.712753,468.8289194,0.0
2019-08-01 07:00:00+00:00,965.7621003,498.6792272,20.88280192,467.08832828,0.0
2019-08-01 08:00:00+00:00,960.6756643,503.0399068,36.34306975,457.63101063000005,0.0
2019-08-01 09:00:00+00:00,945.9219311,511.3281199,44.199894,434.6111847799999,0.0
2019-08-01 10:00:00+00:00,968.103775,509.5394797,44.97204592,458.56245855,0.0
2019-08-01 11:00:00+00:00,954.0628306,524.5218202,45.592319,429.54573810000005,0.0
2019-08-01 12:00:00+00:00,942.3994956,508.0372543,38.56490708,434.35084293,0.0
2019-08-01 13:00:00+00:00,918.4670664,494.5540518,31.60512308,423.8766064,0.0
2019-08-01 14:00:00+00:00,910.0073802,467.1898703,27.58210108,442.83833283,0.0
2019-08-01 15:00:00+00:00,898.1535695,473.6308594,23.09426658,424.5256548699999,0.0
2019-08-01 16:00:00+00:00,881.7074027,473.1126303,19.04094083,408.58598680000006,0.0
2019-08-01 17:00:00+00:00,867.4237773,451.1328252,17.21557858,416.2970015,0.0
2019-08-01 18:00:00+00:00,851.5124103,462.5030771,26.96367458,389.00781480000006,0.0
2019-08-01 19:00:00+00:00,845.3929596,455.5374095,35.97007858,389.84751990000007,0.0
2019-08-01 20:00:00+00:00,778.5009766,420.2208685,31.82878483,358.2830764000001,0.0
2019-08-01 21:00:00+00:00,705.5928039,417.5013808,37.469924,288.10606490000004,0.0
2019-08-01 22:00:00+00:00,662.8220723,419.940122,34.81136467,242.96700679999998,0.0
2019-08-01 23:00:00+00:00,637.5989938,419.9182333,28.37688133,217.69819160000003,0.0
2019-08-02 00:00:00+00:00,629.7969513,417.2889505,18.20278558,212.54312879999998,0.0
2019-08-02 01:00:00+00:00,627.935506,411.7411423,15.67161067,216.18397670000002,0.0
2019-08-02 02:00:00+00:00,617.9475504,418.6338629,19.53504058,199.16381109999998,0.0
2019-08-02 03:00:00+00:00,701.8874358,427.18736,14.97998525,274.84768535,0.0
2019-08-02 04:00:00+00:00,796.9665223,418.9241003,13.90194117,378.2197701,0.0
2019-08-02 05:00:00+00:00,903.6384685,414.1882935,13.56931658,489.40109828000004,0.0
2019-08-02 06:00:00+00:00,958.9952648,482.4585037,16.15648025,476.60053089999997,0.0
2019-08-02 07:00:00+00:00,971.8888702,475.1789067,20.10682292,496.7471394500001,0.0
2019-08-02 08:00:00+00:00,967.5053303,498.8761928,22.32841792,468.60236581699996,0.0
2019-08-02 09:00:00+00:00,945.265269,510.4843218,32.14650175,434.77275392000007,0.0
2019-08-02 10:00:00+00:00,963.4091543,526.5286255,46.49947733,436.84992793000004,0.0
2019-08-02 11:00:00+00:00,950.2302296,526.9348449,65.0135275,423.3055278,0.0
2019-08-02 12:00:00+00:00,939.6357015,524.4882406,62.0149015,415.20059993,0.0
2019-08-02 13:00:00+00:00,920.0163828,521.6129709,57.42218925,398.64893732999997,0.0
2019-08-02 14:00:00+00:00,905.1252542,531.7024942,62.6454055,373.49037989999994,0.0
2019-08-02 15:00:00+00:00,892.8916016,529.4264118,60.6920615,363.38427428,0.0
2019-08-02 16:00:00+00:00,869.3397523,520.9722112,52.6996555,348.38692717,0.0
2019-08-02 17:00:00+00:00,852.4747927,459.0326741,40.18896717,393.44209687,0.0
2019-08-02 18:00:00+00:00,833.0659027,389.4097468,23.475525,443.56837758,0.0
2019-08-02 19:00:00+00:00,826.4613443,322.7684174,30.38101383,503.8374131,0.0
2019-08-02 20:00:00+00:00,768.7247263,331.5809327,46.98283817,437.18831798,0.0
2019-08-02 21:00:00+00:00,698.3710581,304.0209299,50.209994,394.3449311999999,0.0
2019-08-02 22:00:00+00:00,648.637146,287.1910908,47.76376225,361.43014270000003,0.0
2019-08-02 23:00:00+00:00,624.0817212,289.899259,55.343598,334.22088369999994,0.0
2019-08-03 00:00:00+00:00,616.0754547,279.4095841,46.45682625,336.68279271999995,0.0
2019-08-03 01:00:00+00:00,609.4398446,267.6145934,38.48088783,341.86054570000005,0.0
2019-08-03 02:00:00+00:00,579.9443816,269.5576528,37.94767425,310.45483749999994,0.0
2019-08-03 03:00:00+00:00,601.6348368,273.2821883,36.79010075,328.3166007799999,0.0
2019-08-03 04:00:00+00:00,648.690384,275.1503398,42.6553625,373.47253489999997,0.0
2019-08-03 05:00:00+00:00,713.9399668,265.0173594,31.19234517,448.9932346,0.0
2019-08-03 06:00:00+00:00,770.9396007,304.2721659,50.54534725,466.70067863,0.0
2019-08-03 07:00:00+00:00,803.0244496,312.4073768,57.71770858,490.7652836,0.0
2019-08-03 08:00:00+00:00,807.6236572,310.5171128,56.010578,497.11582723000004,0.0
2019-08-03 09:00:00+00:00,800.2347158,318.2661412,54.78562092,481.9836900799999,0.0
2019-08-03 10:00:00+00:00,788.9244944,322.1604131,66.14866483,466.80647322999994,0.0
2019-08-03 11:00:00+00:00,776.4164835,320.8091914,52.46555975,455.6073836500001,0.0
2019-08-03 12:00:00+00:00,762.2808074,314.7182769,59.56683983,447.51944087,0.0
2019-08-03 13:00:00+00:00,757.7913767,298.1894226,48.23699825,459.58333882999995,0.0
2019-08-03 14:00:00+00:00,762.3862762,310.1133957,57.78978825,452.30518212,0.0
2019-08-03 15:00:00+00:00,756.2836763,308.1587652,54.32639183,448.1955931,0.0
2019-08-03 16:00:00+00:00,764.0350088,290.03006,37.86972808,473.94667180000005,0.0
2019-08-03 17:00:00+00:00,760.0917664,283.072375,31.16446058,477.13943140000003,0.0
2019-08-03 18:00:00+00:00,759.8321179,285.8463211,33.93361558,474.04134595,0.0
2019-08-03 19:00:00+00:00,761.1572876,293.6014938,39.22875942,467.500064,0.0
2019-08-03 20:00:00+00:00,711.6924693,305.7828218,51.6203125,405.95235679999996,0.0
2019-08-03 21:00:00+00:00,667.7559204,285.0386632,31.00317175,382.70003190000006,0.0
2019-08-03 22:00:00+00:00,630.6013031,272.003362,18.87927575,358.62049509999997,0.0
2019-08-03 23:00:00+00:00,606.9763185,268.5243658,15.2144925,338.4031413,0.0
2019-08-04 00:00:00+00:00,598.6712953,265.2425613,10.91022475,333.322274,0.0
2019-08-04 01:00:00+00:00,592.2506511,254.9714393,4.558317333,337.2044763,0.0
2019-08-04 02:00:00+00:00,562.5641429,259.6491522,5.047283,302.88237000000004,0.0
2019-08-04 03:00:00+00:00,579.6494803,267.3616943,11.90979817,312.1513387999999,0.0
2019-08-04 04:00:00+00:00,616.5817567,280.8234684,21.02456717,335.7496934,0.0
2019-08-04 05:00:00+00:00,679.4962668,272.2553001,17.12533358,407.23969399999993,0.0
2019-08-04 06:00:00+00:00,732.769465,279.4762726,27.74808083,453.2642354999999,0.0
2019-08-04 07:00:00+00:00,767.8943074,295.2998429,32.76600975,472.5606125,0.0
2019-08-04 08:00:00+00:00,776.037501,313.6663463,36.15637358,462.37788459999996,0.0
2019-08-04 09:00:00+00:00,772.6380767,297.7685141,35.03542808,474.9222937800001,0.0
2019-08-04 10:00:00+00:00,772.7472892,324.3647155,57.80318475,448.19518902,0.0
2019-08-04 11:00:00+00:00,761.8312378,324.6504136,61.32558283,437.15341904999997,0.0
2019-08-04 12:00:00+00:00,756.9696045,328.6729128,61.6078355,428.284530083,0.0
2019-08-04 13:00:00+00:00,762.1127726,321.0943425,58.62349217,440.974190333,0.0
2019-08-04 14:00:00+00:00,770.9871368,317.3588281,54.74093033,453.65617740000005,0.0
2019-08-04 15:00:00+00:00,782.4662729,313.6138001,53.17834383,468.8975767,0.0
2019-08-04 16:00:00+00:00,799.1787466,316.5884222,56.347861,482.70357900000005,0.0
2019-08-04 17:00:00+00:00,802.89859,346.5784708,68.927238,456.3025529,0.0
2019-08-04 18:00:00+00:00,795.7485911,366.7286377,77.7790565,429.2122419,0.0
2019-08-04 19:00:00+00:00,788.7318217,393.9941229,73.5391355,394.72360469999995,0.0
2019-08-04 20:00:00+00:00,726.5861106,405.6284689,71.71058008,320.8819454,0.0
2019-08-04 21:00:00+00:00,669.5226693,390.2088369,55.34198867,279.4131254999999,0.0
2019-08-04 22:00:00+00:00,644.6277618,395.6328965,53.48031875,249.0030974,0.0
2019-08-04 23:00:00+00:00,606.5470326,376.8103205,47.82385183,229.91939753000003,0.0
2019-08-05 00:00:00+00:00,602.1147409,453.5825424,41.95235933,148.56473488,0.0
2019-08-05 01:00:00+00:00,599.6982829,458.90802,46.48673117,140.8071455,0.0
2019-08-05 02:00:00+00:00,596.4163462,486.4818014,50.96519667,110.00835075000003,0.0
2019-08-05 03:00:00+00:00,691.4657236,513.0278193,60.21091617,178.6115964,0.0
2019-08-05 04:00:00+00:00,798.6372275,559.4109753,51.41188242,239.2616572,0.0
2019-08-05 05:00:00+00:00,909.2560933,655.8457895,59.03285067,253.41582450000004,0.0
2019-08-05 06:00:00+00:00,967.6977844,723.7434643,71.27946475,244.05665273,0.0
2019-08-05 07:00:00+00:00,973.6362612,733.9152068,77.11338933,239.68674331999995,0.0
2019-08-05 08:00:00+00:00,952.3916271,721.4500529,80.02235533,230.97478443000003,0.0
2019-08-05 09:00:00+00:00,943.0592551,743.4926859,90.72363592,199.60200411999995,0.0
2019-08-05 10:00:00+00:00,968.2414957,758.8465118,102.8742567,209.52354909999997,0.0
2019-08-05 11:00:00+00:00,953.7962594,743.9130249,114.4626663,209.85492427000003,0.0
2019-08-05 12:00:00+00:00,946.3131001,739.5359242,109.6117893,206.87481739999998,0.0
2019-08-05 13:00:00+00:00,923.6424256,756.3659262,128.6781037,167.31421089999998,0.0
2019-08-05 14:00:00+00:00,918.6264292,767.2091776,138.4581478,151.41462167999998,0.0
2019-08-05 15:00:00+00:00,915.806366,761.5297597,133.7608592,154.32950368000002,0.0
2019-08-05 16:00:00+00:00,899.3292083,759.6930288,131.3674723,139.64353785000003,0.0
2019-08-05 17:00:00+00:00,892.1398265,766.6546327,130.5800908,125.39111587000002,0.0
2019-08-05 18:00:00+00:00,870.6820222,653.1054332,122.3705909,217.60445582,0.0
2019-08-05 19:00:00+00:00,857.6511078,593.7468923,106.5364114,264.0373903,0.0
2019-08-05 20:00:00+00:00,769.6537119,564.018697,89.66592342,205.73246749999993,0.0
2019-08-05 21:00:00+00:00,692.2352499,527.8132732,72.40459517,164.36190700000003,0.0
2019-08-05 22:00:00+00:00,650.3453063,526.8770395,62.37883158,123.54696420000005,0.0
2019-08-05 23:00:00+00:00,630.9419658,534.3907472,56.45327508,96.61505870000002,0.0
2019-08-06 00:00:00+00:00,625.7208102,509.8493271,48.02887475,115.87096679999996,0.0
2019-08-06 01:00:00+00:00,626.1420491,500.3848852,43.48166492,125.79217890000007,0.0
2019-08-06 02:00:00+00:00,608.3740591,493.6976038,43.560895,114.620113,0.0
2019-08-06 03:00:00+00:00,704.932434,533.4995243,43.39084875,171.4265314999999,0.0
2019-08-06 04:00:00+00:00,823.8713989,616.5444641,34.81495592,207.26074879999996,0.0
2019-08-06 05:00:00+00:00,931.6269277,668.0687917,31.08840467,263.67223910000007,0.0
2019-08-06 06:00:00+00:00,995.1992085,671.1072998,31.28941517,324.19208399999997,0.0
2019-08-06 07:00:00+00:00,1015.17334,663.5538483,29.88504142,351.79924520000003,0.0
2019-08-06 08:00:00+00:00,1009.521296,672.6961771,33.16390192,337.2119493,0.0
2019-08-06 09:00:00+00:00,993.5569713,683.7286223,45.89235808,309.90560540000007,0.0
2019-08-06 10:00:00+00:00,1017.770081,690.1676332,50.70744733,327.63387720000003,0.0
2019-08-06 11:00:00+00:00,1000.925257,724.2196044,51.64259708,276.7819579,0.0
2019-08-06 12:00:00+00:00,1011.491425,741.4766083,46.87846742,270.07923765,0.0
2019-08-06 13:00:00+00:00,990.8732352,732.6568808,50.71572167,258.1127452999999,0.0
2019-08-06 14:00:00+00:00,989.3875884,708.6483001,33.860379,280.70793019999996,0.0
2019-08-06 15:00:00+00:00,973.5536498,682.6990357,15.29708158,290.86546780000003,0.0
2019-08-06 16:00:00+00:00,932.8526561,668.9689993,14.606343,264.12487297,0.0
2019-08-06 17:00:00+00:00,923.562373,662.0250397,7.2223525,261.65967228,0.0
2019-08-06 18:00:00+00:00,922.092392,661.0479228,6.781916583,260.97431775,0.0
2019-08-06 19:00:00+00:00,891.6568704,605.5475973,9.01973225,286.13543167,0.0
2019-08-06 20:00:00+00:00,804.332962,521.3671927,16.30951617,282.9375256999999,0.0
2019-08-06 21:00:00+00:00,735.4281058,495.9422683,15.83258825,239.53072810000003,0.0
2019-08-06 22:00:00+00:00,694.6724548,493.6478068,10.82791525,201.15213791700006,0.0
2019-08-06 23:00:00+00:00,666.6221415,505.7528992,16.45538625,160.72866625,0.0
2019-08-07 00:00:00+00:00,658.1450502,488.8932547,13.58090025,169.26978020000007,0.0
2019-08-07 01:00:00+00:00,659.2046051,485.0194804,10.88030717,174.14054339999996,0.0
2019-08-07 02:00:00+00:00,660.2810618,496.5479787,5.10912875,163.7259264,0.0
2019-08-07 03:00:00+00:00,740.2595113,500.2821732,5.955141,240.05992016999994,0.0
2019-08-07 04:00:00+00:00,853.1383158,625.0174002,7.891168167,228.16541012000005,0.0
2019-08-07 05:00:00+00:00,964.2590588,652.9571685,10.09481417,311.3733761,0.0
2019-08-07 06:00:00+00:00,1020.47022,663.603236,15.18837,356.9022714,0.0
2019-08-07 07:00:00+00:00,1035.746979,659.6811624,14.71972708,376.14295758,0.0
2019-08-07 08:00:00+00:00,1034.72524,667.1631316,19.75777908,367.51729098,0.0
2019-08-07 09:00:00+00:00,1019.657537,676.1421307,22.27259775,343.75391187,0.0
2019-08-07 10:00:00+00:00,1045.361287,669.4292755,20.13298883,375.98856924999995,0.0
2019-08-07 11:00:00+00:00,1034.94868,669.6275535,19.59025592,365.503022533,0.0
2019-08-07 12:00:00+00:00,1019.866821,666.5685476,17.13805042,353.31458514999997,0.0
2019-08-07 13:00:00+00:00,998.4839276,665.5806986,14.9571835,332.99455593000005,0.0
2019-08-07 14:00:00+00:00,977.3865763,669.5378369,14.40927925,307.78565539999994,0.0
2019-08-07 15:00:00+00:00,967.2645518,673.4555816,15.45627117,293.80884052,0.0
2019-08-07 16:00:00+00:00,940.6239167,665.9566601,12.29549992,274.7132124800001,0.0
2019-08-07 17:00:00+00:00,922.3785705,670.9627026,10.58241817,251.47663526999997,0.0
2019-08-07 18:00:00+00:00,907.0903321,606.8661652,8.968523583,300.19041396999995,0.0
2019-08-07 19:00:00+00:00,889.3494059,537.3119914,7.614105833,351.98865873,0.0
2019-08-07 20:00:00+00:00,802.3358714,504.6127192,8.390961417,297.6865235799999,0.0
2019-08-07 21:00:00+00:00,732.1447397,502.4753697,9.637499667,229.70109392000006,0.0
2019-08-07 22:00:00+00:00,700.9234974,509.4229202,11.98720425,191.51268042000004,0.0
2019-08-07 23:00:00+00:00,701.38738,540.9360605,17.99071042,160.44459479999995,0.0
2019-08-08 00:00:00+00:00,651.0745901,508.4686533,19.89301075,142.60961999999995,0.0
2019-08-08 01:00:00+00:00,661.3924918,513.7991434,28.13625342,147.62304830000005,0.0
2019-08-08 02:00:00+00:00,658.4743297,518.2213745,30.65418883,140.35762452999995,0.0
2019-08-08 03:00:00+00:00,736.9572297,540.2123312,29.87619867,196.72726539999996,0.0
2019-08-08 04:00:00+00:00,850.3448437,666.2940318,23.79173467,184.14986410000006,0.0
2019-08-08 05:00:00+00:00,942.2091064,675.90626,17.518795,266.3150681999999,0.0
2019-08-08 06:00:00+00:00,1016.467321,687.324763,14.02521967,329.31846240000004,0.0
2019-08-08 07:00:00+00:00,1033.202057,681.2012787,13.88519608,351.95626930000003,0.0
2019-08-08 08:00:00+00:00,1032.952321,678.5703633,13.26518375,354.4648497,0.0
2019-08-08 09:00:00+00:00,1018.787506,672.4069062,11.8384965,346.49164785000005,0.0
2019-08-08 10:00:00+00:00,1043.920644,672.3264313,11.40775225,371.6238384300001,0.0
2019-08-08 11:00:00+00:00,1030.242666,666.4397786,10.68151317,363.82091976999993,0.0
2019-08-08 12:00:00+00:00,1013.20491,663.0893759,9.455827667,350.12092957,0.0
2019-08-08 13:00:00+00:00,984.6650644,698.4706269,9.946170167,286.2855402,0.0
2019-08-08 14:00:00+00:00,975.9486388,660.4317577,6.879866917,315.64558209999996,0.0
2019-08-08 15:00:00+00:00,962.9191844,669.1161041,5.690674583,293.91397230000007,0.0
2019-08-08 16:00:00+00:00,939.84198,662.833191,6.346703333,277.12297522999995,0.0
2019-08-08 17:00:00+00:00,918.0535788,663.8915659,6.304447417,254.19721745000004,0.0
2019-08-08 18:00:00+00:00,911.4151052,590.1377157,5.334148167,321.2999070000001,0.0
2019-08-08 19:00:00+00:00,882.1996307,557.7655028,5.201558833,324.4812664,0.0
2019-08-08 20:00:00+00:00,795.8599651,569.4767812,4.94951825,226.35071763299993,0.0
2019-08-08 21:00:00+00:00,730.6443583,493.8661449,7.6335845,236.9641233000001,0.0
2019-08-08 22:00:00+00:00,694.4788665,495.6451188,10.58036075,198.87299126999994,0.0
2019-08-08 23:00:00+00:00,657.8707937,488.6116919,10.37960942,169.11897040000002,0.0
2019-08-09 00:00:00+00:00,650.0259502,492.0795771,12.11979583,157.9988644,0.0
2019-08-09 01:00:00+00:00,644.1938629,483.0699057,11.5851205,161.10237460000002,0.0
2019-08-09 02:00:00+00:00,626.3300628,474.1399128,7.615916417,152.205411,0.0
2019-08-09 03:00:00+00:00,714.194931,512.7510453,8.27943675,201.53629977999998,0.0
2019-08-09 04:00:00+00:00,819.4588064,642.3438618,8.829253083,177.1077573,0.0
2019-08-09 05:00:00+00:00,924.4664001,655.5777183,8.283253583,268.914244297,0.0
2019-08-09 06:00:00+00:00,972.7430013,663.6521201,9.021644417,309.22596339999996,0.0
2019-08-09 07:00:00+00:00,992.4682212,669.4340872,11.28067008,322.97154140000004,0.0
2019-08-09 08:00:00+00:00,995.7572022,667.2019145,11.10099942,328.5737407,0.0
2019-08-09 09:00:00+00:00,983.548879,671.9884185,13.60828767,311.65867333,0.0
2019-08-09 10:00:00+00:00,1001.471288,667.0877889,15.83032592,334.37196670000003,0.0
2019-08-09 11:00:00+00:00,987.8350016,678.2945963,16.55609367,309.7230869,0.0
2019-08-09 12:00:00+00:00,988.2945454,677.4317372,17.93806058,310.87186555,0.0
2019-08-09 13:00:00+00:00,956.3223623,674.4818166,18.83183875,281.803780903,0.0
2019-08-09 14:00:00+00:00,940.6229196,644.4713034,17.70495475,296.12190394999993,0.0
2019-08-09 15:00:00+00:00,918.7242941,629.0318147,18.47352692,289.7651442,0.0
2019-08-09 16:00:00+00:00,889.5058493,594.8247681,10.67348992,294.70887619999996,0.0
2019-08-09 17:00:00+00:00,861.0548705,599.7116497,7.980668333,261.27757099999997,0.0
2019-08-09 18:00:00+00:00,855.7420094,514.970876,8.820113417,340.78124929999996,0.0
2019-08-09 19:00:00+00:00,844.110133,426.3915508,11.31897125,417.7053468,0.0
2019-08-09 20:00:00+00:00,765.2861632,415.0784352,8.178940083,350.2033829,0.0
2019-08-09 21:00:00+00:00,695.5398356,422.462972,6.7708105,273.13079435000003,0.0
2019-08-09 22:00:00+00:00,647.8578999,347.073929,5.643497333,300.78406650000005,0.0
2019-08-09 23:00:00+00:00,632.4446157,277.2476273,5.699023083,355.3973758,0.0
2019-08-10 00:00:00+00:00,619.2899271,274.222463,4.971812667,345.0297279999999,0.0
2019-08-10 01:00:00+00:00,611.0888927,261.3530783,4.759370083,349.7621024,0.0
2019-08-10 02:00:00+00:00,589.3874969,258.5220743,3.572117333,330.7766461,0.0
2019-08-10 03:00:00+00:00,604.106013,261.8257003,4.063724417,342.4092115000001,0.0
2019-08-10 04:00:00+00:00,651.1951651,265.1023408,5.295792667,386.3069356,0.0
2019-08-10 05:00:00+00:00,719.7829742,269.292689,7.983199167,450.42812150000003,0.0
2019-08-10 06:00:00+00:00,777.6948394,287.3880211,11.24907675,490.2615829,0.0
2019-08-10 07:00:00+00:00,793.4895581,322.7487183,15.53789633,470.8417312,0.0
2019-08-10 08:00:00+00:00,793.4996848,330.5812963,20.95473925,462.944909,0.0
2019-08-10 09:00:00+00:00,780.3117371,328.1151352,25.17707958,452.1089637999999,0.0
2019-08-10 10:00:00+00:00,780.7161153,322.9534454,24.77618617,457.76083389999997,0.0
2019-08-10 11:00:00+00:00,775.6618552,327.4767914,22.69994783,448.26575260000004,0.0
2019-08-10 12:00:00+00:00,769.1607462,326.599706,23.39636017,442.58029849999997,0.0
2019-08-10 13:00:00+00:00,773.322693,322.8084005,23.26058658,450.4792180999999,0.0
2019-08-10 14:00:00+00:00,782.1675414,318.3220827,18.70958667,463.8031616,0.0
2019-08-10 15:00:00+00:00,783.8005524,310.426206,12.97884925,473.4228615999999,0.0
2019-08-10 16:00:00+00:00,783.4880421,309.1632664,12.5744085,474.3195907,0.0
2019-08-10 17:00:00+00:00,778.0534871,308.8075918,15.34166292,469.29324170000007,0.0
2019-08-10 18:00:00+00:00,784.1160737,330.2813441,26.51710158,453.7986254,0.0
2019-08-10 19:00:00+00:00,768.3272298,331.502004,27.45233542,436.8864804,0.0
2019-08-10 20:00:00+00:00,707.9605917,334.9422303,31.14980608,372.9578493,0.0
2019-08-10 21:00:00+00:00,656.2974498,344.7072575,40.96171275,311.5711771,0.0
2019-08-10 22:00:00+00:00,622.2630361,332.3149718,57.19585575,289.9843881,0.0
2019-08-10 23:00:00+00:00,595.6775206,316.3091684,63.17276308,279.44305569999995,0.0
2019-08-11 00:00:00+00:00,588.312561,346.6777496,88.59331075,241.5531848,0.0
2019-08-11 01:00:00+00:00,587.840271,360.4387359,98.59736458,227.45536460000002,0.0
2019-08-11 02:00:00+00:00,578.0821788,341.3992412,69.20307833,236.60073309999996,0.0
2019-08-11 03:00:00+00:00,569.1860148,328.4169133,72.556366,240.73829313000002,0.0
2019-08-11 04:00:00+00:00,623.8272299,336.2142969,78.27911325,287.51254855,0.0
2019-08-11 05:00:00+00:00,695.5030163,349.6737594,86.90721892,345.8813866,0.0
2019-08-11 06:00:00+00:00,757.4146678,355.385915,97.15563275,402.1748859,0.0
2019-08-11 07:00:00+00:00,806.712611,343.2696763,81.384339,463.55347320000004,0.0
2019-08-11 08:00:00+00:00,819.3468983,347.73747,83.5859425,471.5431008,0.0
2019-08-11 09:00:00+00:00,813.8735556,343.7720032,78.85310292,469.94342199999994,0.0
2019-08-11 10:00:00+00:00,805.7162272,347.8419113,86.69302625,457.8926677999999,0.0
2019-08-11 11:00:00+00:00,779.3527068,347.6700872,97.34282358,431.8690782,0.0
2019-08-11 12:00:00+00:00,770.4957223,369.3917415,116.7284985,401.0332204,0.0
2019-08-11 13:00:00+00:00,775.575119,375.3018188,118.8657239,400.2107215,0.0
2019-08-11 14:00:00+00:00,793.1486511,353.9130707,97.24523867,439.3574536,0.0
2019-08-11 15:00:00+00:00,807.3982035,343.9796322,80.77572958,463.4769773,0.0
2019-08-11 16:00:00+00:00,816.65065,324.7265828,62.62399225,492.01402129999997,0.0
2019-08-11 17:00:00+00:00,810.7734578,321.2087962,58.89832342,489.5936385,0.0
2019-08-11 18:00:00+00:00,809.7857615,334.9014969,72.98742025,474.9485821,0.0
2019-08-11 19:00:00+00:00,788.8952333,346.1415939,75.430083,442.83794459999996,0.0
2019-08-11 20:00:00+00:00,721.8334554,359.4283448,84.56487283,362.55521469999996,0.0
2019-08-11 21:00:00+00:00,664.4993845,349.2833022,84.171161,315.20238242999994,0.0
2019-08-11 22:00:00+00:00,629.8625691,343.8183316,88.7672105,286.0765609999999,0.0
2019-08-11 23:00:00+00:00,618.7833302,344.4549408,68.40020525,274.12652310000004,0.0
2019-08-12 00:00:00+00:00,597.4228008,350.2878165,60.06354083,247.07614460000008,0.0
2019-08-12 01:00:00+00:00,609.4979502,364.3924638,62.236456,244.9360085,0.0
2019-08-12 02:00:00+00:00,583.1799266,349.3870874,62.83027233,233.79439230000003,0.0
2019-08-12 03:00:00+00:00,665.7972158,371.2816188,60.8170245,294.6946991,0.0
2019-08-12 04:00:00+00:00,786.450129,409.0307261,59.88240408,377.50192430000004,0.0
2019-08-12 05:00:00+00:00,907.7841694,444.637263,56.71825542,463.1308124,0.0
2019-08-12 06:00:00+00:00,972.7482503,515.2608896,54.36495425,457.52491060000006,0.0
2019-08-12 07:00:00+00:00,971.6817269,567.6125947,66.273455,404.17443799999995,0.0
2019-08-12 08:00:00+00:00,979.6518859,818.957616,59.84005833,160.79377634999997,0.0
2019-08-12 09:00:00+00:00,968.2725219,842.2862752,62.29580817,125.82485303299995,0.0
2019-08-12 10:00:00+00:00,1000.006002,854.3218333,59.11130442,145.56077438,0.0
2019-08-12 11:00:00+00:00,991.776291,871.1722411,78.214565,120.61573601999999,0.0
2019-08-12 12:00:00+00:00,1009.17509,802.0235953,97.01900875,207.19719369999996,0.0
2019-08-12 13:00:00+00:00,980.1262105,717.8329976,71.06492017,262.3813325200001,0.0
2019-08-12 14:00:00+00:00,955.4867808,680.3763325,49.62563625,275.13012947,0.0
2019-08-12 15:00:00+00:00,946.4941355,809.8941905,31.60001275,136.65530060000003,0.0
2019-08-12 16:00:00+00:00,934.6865946,710.0898845,24.27849567,224.59237920000004,0.0
2019-08-12 17:00:00+00:00,910.1178387,708.4868214,27.10109283,201.55302631999996,0.0
2019-08-12 18:00:00+00:00,896.8332113,580.0489959,26.867983,316.8610883,0.0
2019-08-12 19:00:00+00:00,866.1495566,504.703214,37.16360875,361.64850552000007,0.0
2019-08-12 20:00:00+00:00,767.6049653,484.5322495,33.42364967,283.1427792,0.0
2019-08-12 21:00:00+00:00,687.544052,485.4259925,36.31636225,201.98177820000006,0.0
2019-08-12 22:00:00+00:00,655.6912181,477.6449611,31.50823358,177.93789544999998,0.0
2019-08-12 23:00:00+00:00,634.2105661,507.9198658,33.73459917,126.43804611999997,0.0
2019-08-13 00:00:00+00:00,620.0011596,541.6578114,35.81126025,78.37526130000003,0.0
2019-08-13 01:00:00+00:00,617.1315563,534.8430177,34.30546125,82.14707329999999,0.0
2019-08-13 02:00:00+00:00,626.2644502,540.4493968,35.95353383,85.79813930000006,0.0
2019-08-13 03:00:00+00:00,708.6810407,572.1166433,34.89324292,136.60449342999993,0.0
2019-08-13 04:00:00+00:00,810.3152365,669.961085,37.6920315,140.46246218,0.0
2019-08-13 05:00:00+00:00,916.4819947,681.4884034,36.34876917,235.02341439999998,0.0
2019-08-13 06:00:00+00:00,976.4682973,695.7033134,29.49834933,280.7164887,0.0
2019-08-13 07:00:00+00:00,983.8285421,692.2218271,27.45704808,291.68322799999993,0.0
2019-08-13 08:00:00+00:00,976.1481273,696.4216664,30.65244942,279.82480783000005,0.0
2019-08-13 09:00:00+00:00,955.241282,692.9654845,29.53095817,262.3472908200001,0.0
2019-08-13 10:00:00+00:00,976.6100667,686.2310231,35.151113,290.39244872000006,0.0
2019-08-13 11:00:00+00:00,966.9944763,712.1143646,41.65495275,255.08750991999995,0.0
2019-08-13 12:00:00+00:00,959.5267588,728.4325969,44.63603025,231.2358279999999,0.0
2019-08-13 13:00:00+00:00,933.4411519,726.3938192,48.50078075,207.19973520000002,0.0
2019-08-13 14:00:00+00:00,913.3905689,738.5114492,70.36140525,175.01111942999995,0.0
2019-08-13 15:00:00+00:00,901.4899698,726.4324748,53.62110958,175.11125259999994,0.0
2019-08-13 16:00:00+00:00,886.7290699,719.0138854,47.67275742,167.62217503,0.0
2019-08-13 17:00:00+00:00,871.2237956,711.3654582,44.3095675,159.89331389999995,0.0
2019-08-13 18:00:00+00:00,873.8918,677.7669066,38.52554542,196.1682600000001,0.0
2019-08-13 19:00:00+00:00,842.1287283,638.8847097,44.75818692,203.22729279999993,0.0
2019-08-13 20:00:00+00:00,755.9909668,603.1409606,49.17354358,152.94064130000004,0.0
2019-08-13 21:00:00+00:00,683.6005452,607.0005037,57.79403958,76.58305460000003,0.0
2019-08-13 22:00:00+00:00,649.4931589,599.3800608,70.607606,50.058919100000026,0.0
2019-08-13 23:00:00+00:00,634.4600322,598.2305553,64.01868917,36.25711660000002,0.0
2019-08-14 00:00:00+00:00,641.1332143,612.2085673,61.02683725,28.922067600000048,0.0
2019-08-14 01:00:00+00:00,636.2422589,633.6392263,68.05380475,2.595342799999969,0.0
2019-08-14 02:00:00+00:00,619.5378012,649.6201578,85.79874183,0.0,29.95447429999996
2019-08-14 03:00:00+00:00,703.6917573,707.4039713,104.0059319,0.0,3.6786175999999955
2019-08-14 04:00:00+00:00,809.8071798,805.2912852,74.62085525,4.579758399999989,0.0
2019-08-14 05:00:00+00:00,927.2038218,875.5652821,65.0071695,51.669151150000005,0.0
2019-08-14 06:00:00+00:00,977.0087533,893.9655457,66.89973808,83.24270479999998,0.0
2019-08-14 07:00:00+00:00,972.7724458,919.0178171,97.34412392,53.79654217999996,0.0
2019-08-14 08:00:00+00:00,963.6611328,933.3150329,107.4931197,30.385338969999992,0.0
2019-08-14 09:00:00+00:00,955.4736328,932.2450765,125.7791913,23.42055067000004,0.0
2019-08-14 10:00:00+00:00,971.9132283,937.3370004,109.516524,34.601844200000016,0.0
2019-08-14 11:00:00+00:00,963.5151876,965.2676645,134.4065029,0.0,1.8427322000000004
2019-08-14 12:00:00+00:00,961.3971863,943.1563058,140.7035727,18.270639200000005,0.0
2019-08-14 13:00:00+00:00,947.0656588,916.447459,130.7614364,30.752960200000018,0.0
2019-08-14 14:00:00+00:00,920.5213268,886.2061412,110.0462501,34.39608860000004,0.0
2019-08-14 15:00:00+00:00,911.6834463,894.5169627,101.8684024,17.087922770000034,0.0
2019-08-14 16:00:00+00:00,890.6583811,920.0398355,94.537138,0.0,29.399878029999996
2019-08-14 17:00:00+00:00,878.1499278,918.1175487,70.79265975,0.0,39.844595020000014
2019-08-14 18:00:00+00:00,895.2616119,869.5678456,67.12867858,25.588481099999967,0.0
2019-08-14 19:00:00+00:00,861.8759512,775.5415751,70.01248225,86.29339929999998,0.0
2019-08-14 20:00:00+00:00,772.4137981,705.7380626,75.14462142,66.70730860000009,0.0
2019-08-14 21:00:00+00:00,704.6046499,628.9968923,79.12845292,75.60603433,0.0
2019-08-14 22:00:00+00:00,665.2294311,628.8019665,86.31754867,36.43236761700007,0.0
2019-08-14 23:00:00+00:00,642.7871551,642.2351482,85.236416,0.6757111300000247,0.0
2019-08-15 00:00:00+00:00,630.324646,616.300471,80.63934258,13.842284999999947,0.0
2019-08-15 01:00:00+00:00,632.1599781,613.2265931,82.11574742,18.900155600000005,0.0
2019-08-15 02:00:00+00:00,632.7146303,612.1035206,80.85863525,20.662125019999962,0.0
2019-08-15 03:00:00+00:00,709.5370078,643.9338888,73.6417165,65.78328936999998,0.0
2019-08-15 04:00:00+00:00,821.5270538,743.608907,82.48497142,78.11853656999999,0.0
2019-08-15 05:00:00+00:00,941.8150787,759.435201,85.11467675,182.52378420000002,0.0
2019-08-15 06:00:00+00:00,993.2462413,760.3820698,89.68623167,232.90585247999996,0.0
2019-08-15 07:00:00+00:00,1003.949234,776.3082579,96.79332108,227.70111048,0.0
2019-08-15 08:00:00+00:00,1001.500819,798.0738883,123.9269804,203.39364110000002,0.0
2019-08-15 09:00:00+00:00,979.5994568,782.3369038,117.6527189,197.25510767999998,0.0
2019-08-15 10:00:00+00:00,994.1913808,679.3373668,116.4184265,314.95112786,0.0
2019-08-15 11:00:00+00:00,976.7363536,687.7689261,121.8642679,289.00703238,0.0
2019-08-15 12:00:00+00:00,964.8407287,682.7046304,105.5689056,282.19210538000004,0.0
2019-08-15 13:00:00+00:00,942.5158334,728.3887686,89.05900325,214.1783725,0.0
2019-08-15 14:00:00+00:00,931.0807545,747.5571747,80.30121858,183.65560048299997,0.0
2019-08-15 15:00:00+00:00,916.9904379,737.1205953,65.88930792,179.95055112,0.0
2019-08-15 16:00:00+00:00,896.2554525,711.7940775,47.25167683,184.56426289999996,0.0
2019-08-15 17:00:00+00:00,881.3276622,704.0471649,37.684771,177.28501373000003,0.0
2019-08-15 18:00:00+00:00,890.6508738,684.3132324,47.28032558,206.2895884,0.0
2019-08-15 19:00:00+00:00,870.2934063,648.9690196,58.17668317,221.27674739999998,0.0
2019-08-15 20:00:00+00:00,779.3768717,602.96462,53.57075783,176.41679239999985,0.0
2019-08-15 21:00:00+00:00,690.8837027,591.3302053,55.94719625,99.45302679999998,0.0
2019-08-15 22:00:00+00:00,652.7553914,583.9979655,52.05345358,68.763714,0.0
2019-08-15 23:00:00+00:00,625.506424,567.8564809,49.26646167,57.71873470000003,0.0
2019-08-16 00:00:00+00:00,621.0974732,576.9721528,52.70266358,44.07618200000002,0.0
2019-08-16 01:00:00+00:00,626.959081,575.9025675,50.47166758,51.04085810000004,0.0
2019-08-16 02:00:00+00:00,633.8636831,576.9808401,43.88621075,56.84599337000003,0.0
2019-08-16 03:00:00+00:00,706.7496083,573.5795493,35.29727592,133.11378588000002,0.0
2019-08-16 04:00:00+00:00,818.4384053,673.3729198,28.24170308,145.10447587000002,0.0
2019-08-16 05:00:00+00:00,922.8311463,693.9065754,24.07065475,229.07203487,0.0
2019-08-16 06:00:00+00:00,967.5072835,687.8780772,20.09426592,279.80373748,0.0
2019-08-16 07:00:00+00:00,976.9837901,691.6879731,26.37857383,285.29173675000004,0.0
2019-08-16 08:00:00+00:00,973.5823008,704.2996623,31.61794792,269.29788047999995,0.0
2019-08-16 09:00:00+00:00,955.4522247,706.4965567,31.169265,248.98718079999998,0.0
2019-08-16 10:00:00+00:00,971.8279928,685.7387339,28.50882217,286.12276491700004,0.0
2019-08-16 11:00:00+00:00,972.7422944,604.241516,27.05828758,368.547843217,0.0
2019-08-16 12:00:00+00:00,972.7727559,606.1072184,26.53222908,366.79238328,0.0
2019-08-16 13:00:00+00:00,943.3054809,607.4024099,27.61090467,336.10155907,0.0
2019-08-16 14:00:00+00:00,931.8512624,604.3948517,24.23664633,327.58371416999995,0.0
2019-08-16 15:00:00+00:00,909.847,608.0278269,21.94239875,301.74716240000004,0.0
2019-08-16 16:00:00+00:00,885.9848735,604.1025644,21.340107,281.9865509,0.0
2019-08-16 17:00:00+00:00,871.6556193,602.7450254,27.55448817,268.8961221,0.0
2019-08-16 18:00:00+00:00,886.6881307,599.7569733,45.47817583,287.10933760000006,0.0
2019-08-16 19:00:00+00:00,867.6547546,506.2117996,76.16375858,361.5063913,0.0
2019-08-16 20:00:00+00:00,778.3387706,412.413152,93.35916517,365.9098230000001,0.0
2019-08-16 21:00:00+00:00,713.0207368,417.4229404,111.0252831,295.50965699999995,0.0
2019-08-16 22:00:00+00:00,669.0046642,408.8969472,112.4258348,260.2087198,0.0
2019-08-16 23:00:00+00:00,648.9781647,396.0522283,101.0214685,252.97829319999994,0.0
2019-08-17 00:00:00+00:00,634.5070953,387.1586329,92.54867742,247.42666149999997,0.0
2019-08-17 01:00:00+00:00,629.3164215,382.0620931,88.7080275,247.33069490000003,0.0
2019-08-17 02:00:00+00:00,624.5165252,375.6500346,80.14093067,248.9014573,0.0
2019-08-17 03:00:00+00:00,636.1634928,353.3104503,58.82773158,282.84465869999997,0.0
2019-08-17 04:00:00+00:00,694.7285512,340.8428167,45.64286458,353.9281117999999,0.0
2019-08-17 05:00:00+00:00,774.6125133,335.0381418,35.28308808,439.7524942000001,0.0
2019-08-17 06:00:00+00:00,829.59729,339.8742498,34.96270033,489.7062771000001,0.0
2019-08-17 07:00:00+00:00,854.0411683,382.9481582,46.57533608,471.1881363000001,0.0
2019-08-17 08:00:00+00:00,856.3206736,392.2839279,55.68017608,464.04526780000015,0.0
2019-08-17 09:00:00+00:00,845.3505198,402.8511505,64.16429183,442.48714310000014,0.0
2019-08-17 10:00:00+00:00,837.1185201,387.2586366,54.21354942,449.95012445,0.0
2019-08-17 11:00:00+00:00,826.7319998,383.1808115,47.64641908,443.5848732999999,0.0
2019-08-17 12:00:00+00:00,816.4559834,371.1146163,37.59595675,445.3048130000001,0.0
2019-08-17 13:00:00+00:00,823.9309388,370.4110538,37.30965775,453.5318090999999,0.0
2019-08-17 14:00:00+00:00,832.5150299,358.0449423,23.54622558,474.4818978999999,0.0
2019-08-17 15:00:00+00:00,843.9454855,351.9423243,18.28412092,491.9870724,0.0
2019-08-17 16:00:00+00:00,842.2852173,344.9217047,18.13493225,497.3336954,0.0
2019-08-17 17:00:00+00:00,831.7952066,349.687912,22.38958325,482.11012070000004,0.0
2019-08-17 18:00:00+00:00,825.6844331,367.8924739,34.6507285,457.8132907999999,0.0
2019-08-17 19:00:00+00:00,804.8097891,372.89398189999997,42.8366445,431.9020808999999,0.0
2019-08-17 20:00:00+00:00,742.8585002,377.3408941,46.30313675,365.44362660000013,0.0
2019-08-17 21:00:00+00:00,687.2179312,399.634046,67.95291067,287.68361029999994,0.0
2019-08-17 22:00:00+00:00,643.9509328,386.2735953,87.06331958,257.72311329999997,0.0
2019-08-17 23:00:00+00:00,621.3327178,389.0623678,101.5280062,232.26586499999996,0.0
2019-08-18 00:00:00+00:00,607.5652873,383.6308368,96.99734425,223.8904053000001,0.0
2019-08-18 01:00:00+00:00,604.3309733,370.8984273,85.67480342,233.34491349999996,0.0
2019-08-18 02:00:00+00:00,595.8657073,361.0454407,73.12351542,234.77427169999999,0.0
2019-08-18 03:00:00+00:00,592.0490569,360.0662207,70.74444467,232.0022805000001,0.0
2019-08-18 04:00:00+00:00,635.5949148,349.701617,57.82734658,285.85540119999996,0.0
2019-08-18 05:00:00+00:00,705.2900391,341.4503428,36.65800867,363.83474774999996,0.0
2019-08-18 06:00:00+00:00,758.5289102,355.7535628,30.07026117,402.69444802,0.0
2019-08-18 07:00:00+00:00,793.589447,352.7179922,35.68471808,440.88057498000006,0.0
2019-08-18 08:00:00+00:00,792.3533579,373.9440969,45.3975185,418.4002291,0.0
2019-08-18 09:00:00+00:00,781.0123393,356.1582643,50.32120583,424.83579749999996,0.0
2019-08-18 10:00:00+00:00,776.6947938,343.6892193,60.64745583,433.06788430000006,0.0
2019-08-18 11:00:00+00:00,772.9185946,351.6741206,68.74423158,421.2915793,0.0
2019-08-18 12:00:00+00:00,777.9526469,355.0175297,63.89051558,422.9309048,0.0
2019-08-18 13:00:00+00:00,784.914739,363.2625529,62.291048,421.58821580000006,0.0
2019-08-18 14:00:00+00:00,797.6119436,348.4145176,52.115037,449.1554306500001,0.0
2019-08-18 15:00:00+00:00,808.551712,345.5888494,30.09148542,463.097778183,0.0
2019-08-18 16:00:00+00:00,813.1906228,340.7170893,26.15757392,472.47574167000005,0.0
2019-08-18 17:00:00+00:00,815.1445568,353.4222564,37.79181583,461.72299140000007,0.0
2019-08-18 18:00:00+00:00,831.5710297,389.9822363,71.21575325,441.59394620000006,0.0
2019-08-18 19:00:00+00:00,798.6347605,391.1016565,96.60829017,407.52769980000005,0.0
2019-08-18 20:00:00+00:00,725.887202,399.9471893,111.6379942,325.67037658,0.0
2019-08-18 21:00:00+00:00,665.3142903,428.4273606,140.6328622,236.84895290000003,0.0
2019-08-18 22:00:00+00:00,619.3557637,423.8645171,142.3429916,195.53068672,0.0
2019-08-18 23:00:00+00:00,605.9069366,398.4687348,118.6277638,207.46778889999996,0.0
2019-08-19 00:00:00+00:00,603.7145946,428.5765356,129.0491573,175.1568085,0.0
2019-08-19 01:00:00+00:00,609.9704335,450.529485,135.8517443,159.3728287,0.0
2019-08-19 02:00:00+00:00,622.5234527,472.5851314,131.6767794,149.86507429999995,0.0
2019-08-19 03:00:00+00:00,672.5231629,465.6703618,119.2362042,206.87729042,0.0
2019-08-19 04:00:00+00:00,795.7968903,538.5526327,114.5797596,257.36091052,0.0
2019-08-19 05:00:00+00:00,905.1109059,626.339091,117.0328399,278.70177502,0.0
2019-08-19 06:00:00+00:00,966.9957327,614.6543833,103.4774538,352.41585653299995,0.0
2019-08-19 07:00:00+00:00,979.0912729,600.0840048,92.88948508,379.03769373,0.0
2019-08-19 08:00:00+00:00,979.6561685,590.7993317,86.37913125,388.9982111499999,0.0
2019-08-19 09:00:00+00:00,965.0285237,607.0507559,100.5091386,357.93449939999994,0.0
2019-08-19 10:00:00+00:00,987.4048666,590.8464253,85.47161483,396.60167912,0.0
2019-08-19 11:00:00+00:00,983.8535666,593.4451854,83.29584233,390.36690415,0.0
2019-08-19 12:00:00+00:00,962.7808533,579.3940125,74.125803,383.32890970000005,0.0
2019-08-19 13:00:00+00:00,941.8808543,589.938975,82.05588225,351.9256009199999,0.0
2019-08-19 14:00:00+00:00,919.9692229,583.3544007,84.70060667,336.578124367,0.0
2019-08-19 15:00:00+00:00,906.5449373,587.7002258,88.57304567,318.818000583,0.0
2019-08-19 16:00:00+00:00,881.2113596,573.9768677,80.81047883,307.21363916999996,0.0
2019-08-19 17:00:00+00:00,859.3621878,574.1646272,65.68417775,285.25814043,0.0
2019-08-19 18:00:00+00:00,877.7235208,507.4354553,59.16248383,370.54169420000005,0.0
2019-08-19 19:00:00+00:00,836.4472607,497.6965307,63.65659525,338.7507088,0.0
2019-08-19 20:00:00+00:00,753.5578918,506.8833797,69.93639883,246.7185058999999,0.0
2019-08-19 21:00:00+00:00,699.8324382,505.8128026,67.78505908,194.00073010000006,0.0
2019-08-19 22:00:00+00:00,660.0802154,496.171463,63.76675133,163.85761219999995,0.0
2019-08-19 23:00:00+00:00,638.9018351,496.4975433,69.81360117,142.34016609999998,0.0
2019-08-20 00:00:00+00:00,626.4747062,493.7212169,61.66061508,132.80947780000002,0.0
2019-08-20 01:00:00+00:00,625.4124603,494.5484593,65.51505658,130.88596189999998,0.0
2019-08-20 02:00:00+00:00,623.6196695,503.2622503,71.31730833,120.12025700000004,0.0
2019-08-20 03:00:00+00:00,643.4414419,511.590182,77.49617317,131.86593630000004,0.0
2019-08-20 04:00:00+00:00,688.3648326,555.1929422,69.23724942,133.07956467999998,0.0
2019-08-20 05:00:00+00:00,759.6385547,574.6542509,66.61172483,185.01181757999998,0.0
2019-08-20 06:00:00+00:00,819.3267466,571.437683,63.75320958,247.90012227999998,0.0
2019-08-20 07:00:00+00:00,837.3622893,571.4664662,67.17860375,266.0899347000001,0.0
2019-08-20 08:00:00+00:00,839.9534199,589.825592,85.19791083,250.40667517000003,0.0
2019-08-20 09:00:00+00:00,847.5987753,604.6097362,93.54586592,243.05080487999996,0.0
2019-08-20 10:00:00+00:00,847.8747253,609.8378449,100.7454438,238.05880926999998,0.0
2019-08-20 11:00:00+00:00,837.9398652,604.309545,100.7719937,233.60032099999998,0.0
2019-08-20 12:00:00+00:00,837.368042,590.8151297,101.7718588,246.62401585000003,0.0
2019-08-20 13:00:00+00:00,836.0971833,591.3952179,102.4192517,244.87512707000002,0.0
2019-08-20 14:00:00+00:00,838.8945973,555.5678965,70.10434442,283.37098335,0.0
2019-08-20 15:00:00+00:00,845.7014058,567.287445,56.54580333,278.48973394999996,0.0
2019-08-20 16:00:00+00:00,839.8645935,563.0150097,52.33719817,276.91668560000005,0.0
2019-08-20 17:00:00+00:00,831.8608958,561.1010488,45.44305167,270.90316740000003,0.0
2019-08-20 18:00:00+00:00,866.0587363,511.4579747,38.89449433,354.6388776,0.0
2019-08-20 19:00:00+00:00,821.985199,488.2719651,40.417056,333.53408379999996,0.0
2019-08-20 20:00:00+00:00,728.9979707,492.8219069,62.241478,236.22209230000004,0.0
2019-08-20 21:00:00+00:00,672.8913268,499.3288372,68.82547517,173.5721679,0.0
2019-08-20 22:00:00+00:00,637.1036071,481.1515349,61.49988967,156.00055760000004,0.0
2019-08-20 23:00:00+00:00,617.564504,474.9628677,53.69456267,142.559037,0.0
2019-08-21 00:00:00+00:00,611.3686269,482.7162143,54.88864792,128.65694490000004,0.0
2019-08-21 01:00:00+00:00,615.537618,493.9766667,56.07018333,121.68958140000001,0.0
2019-08-21 02:00:00+00:00,637.2967427,503.6250127,49.25315667,133.67964160000008,0.0
2019-08-21 03:00:00+00:00,703.2149658,513.9261781,38.40704183,189.16544140000002,0.0
2019-08-21 04:00:00+00:00,817.3084768,582.2349293,31.6133235,235.22555919999996,0.0
2019-08-21 05:00:00+00:00,941.4095105,635.4912213,29.4776955,306.02671389999995,0.0
2019-08-21 06:00:00+00:00,1000.185313,703.6075593,29.57664825,296.64769409999997,0.0
2019-08-21 07:00:00+00:00,1012.421254,710.39033,26.81279808,302.0840827,0.0
2019-08-21 08:00:00+00:00,1010.225113,709.2750244,27.24188967,300.80315042999996,0.0
2019-08-21 09:00:00+00:00,997.0551963,705.0557556,23.72057925,292.11461813,0.0
2019-08-21 10:00:00+00:00,1024.277384,707.2557474,23.092263,316.794076883,0.0
2019-08-21 11:00:00+00:00,1010.976283,707.7903393,23.03991725,303.1433947,0.0
2019-08-21 12:00:00+00:00,1000.458644,696.0063731,15.90905067,304.468284217,0.0
2019-08-21 13:00:00+00:00,983.020518,695.7223155,14.48891125,287.18423295,0.0
2019-08-21 14:00:00+00:00,965.4938659,699.2722627,19.54754383,266.30577330000006,0.0
2019-08-21 15:00:00+00:00,950.8522237,709.4905904,27.44610767,241.4095486,0.0
2019-08-21 16:00:00+00:00,918.2876333,702.9070842,24.3006045,215.47716860000003,0.0
2019-08-21 17:00:00+00:00,891.4978028,617.8226572,26.91326767,273.7150865,0.0
2019-08-21 18:00:00+00:00,893.9433086,602.868922,27.58841883,291.20766872,0.0
2019-08-21 19:00:00+00:00,822.1372173,538.722679,35.48269808,283.53046859999995,0.0
2019-08-21 20:00:00+00:00,737.8332519,526.8488568,53.59730375,210.90921409999999,0.0
2019-08-21 21:00:00+00:00,683.5740103,536.2926382,60.45806975,147.32172930000002,0.0
2019-08-21 22:00:00+00:00,628.9123281,520.8989818,69.01429492,107.97791480000001,0.0
2019-08-21 23:00:00+00:00,621.7925518,541.4032846,74.38555092,80.30726047000002,0.0
2019-08-22 00:00:00+00:00,616.4552968,534.3147938,70.8707815,82.14559392999999,0.0
2019-08-22 01:00:00+00:00,626.0198363,526.737966,67.65549775,99.31769213300001,0.0
2019-08-22 02:00:00+00:00,643.2413686,532.576772,67.58892267,110.65487599999997,0.0
2019-08-22 03:00:00+00:00,707.3115743,541.7780812,61.32622442,165.41991464999998,0.0
2019-08-22 04:00:00+00:00,829.9022217,645.0183156,56.82157233,184.83849370000001,0.0
2019-08-22 05:00:00+00:00,945.4038952,705.6414235,44.38730317,239.83298799999997,0.0
2019-08-22 06:00:00+00:00,993.9869232,738.6059418,62.43854683,255.56663360000002,0.0
2019-08-22 07:00:00+00:00,995.598816,740.9571431,83.12450025,254.72854039999999,0.0
2019-08-22 08:00:00+00:00,997.9932506,681.6575978,89.303662,316.47086738,0.0
2019-08-22 09:00:00+00:00,973.0698548,679.1800995,105.3214652,293.97817398300003,0.0
2019-08-22 10:00:00+00:00,992.4269154,683.7292328,107.2949434,308.70722168,0.0
2019-08-22 11:00:00+00:00,976.6079456,685.3975525,111.0828603,291.02830727,0.0
2019-08-22 12:00:00+00:00,967.1846059,682.3058472,102.4744911,284.90036268,0.0
2019-08-22 13:00:00+00:00,940.2751262,657.7539876,87.77386783,282.40295388000004,0.0
2019-08-22 14:00:00+00:00,932.6122488,574.1755218,83.88939808,358.27449227000005,0.0
2019-08-22 15:00:00+00:00,923.811849,611.5289053,68.82180925,312.43243685,0.0
2019-08-22 16:00:00+00:00,905.2945049,606.8227896,65.74898658,298.57114128,0.0
2019-08-22 17:00:00+00:00,895.1583811,611.2430674,56.946699,283.96398916999993,0.0
2019-08-22 18:00:00+00:00,923.8297884,557.377716,49.32836542,366.56340420000004,0.0
2019-08-22 19:00:00+00:00,868.3556214,513.7495906,52.62122792,354.63239230000005,0.0
2019-08-22 20:00:00+00:00,768.9297332,491.5710474,65.98061367,277.42854379999994,0.0
2019-08-22 21:00:00+00:00,690.1551514,489.8461432,70.88342217,200.25165239999998,0.0
2019-08-22 22:00:00+00:00,658.0887043,488.4712854,72.65998017,169.6503241000001,0.0
2019-08-22 23:00:00+00:00,623.7800345,484.5768458,74.43329292,138.9855383,0.0
2019-08-23 00:00:00+00:00,614.7856243,497.8721059,88.56216617,116.89201415000002,0.0
2019-08-23 01:00:00+00:00,620.0444794,510.0939331,100.6219165,110.04570387999999,0.0
2019-08-23 02:00:00+00:00,642.9696248,514.0851238,103.7045002,128.75924468,0.0
2019-08-23 03:00:00+00:00,706.4576568,516.1546911,104.2627913,190.25547260000005,0.0
2019-08-23 04:00:00+00:00,827.5790813,539.7037252,115.8093409,287.79498223,0.0
2019-08-23 05:00:00+00:00,939.1440481,565.7106069,104.2321873,373.4128908,0.0
2019-08-23 06:00:00+00:00,984.384079,595.0642802,127.7433982,389.47124382,0.0
2019-08-23 07:00:00+00:00,992.5090993,610.7394409,140.3055651,381.82275792999997,0.0
2019-08-23 08:00:00+00:00,988.9934948,620.6594136,151.566461,368.29234998,0.0
2019-08-23 09:00:00+00:00,975.2441609,631.2268168,157.8308933,344.07343705,0.0
2019-08-23 10:00:00+00:00,1000.532878,611.4845328,155.4923898,389.0434609,0.0
2019-08-23 11:00:00+00:00,990.4372405,630.4385884,177.8272348,360.02525474000004,0.0
2019-08-23 12:00:00+00:00,986.5329284,649.5296683,193.1931622,336.96949917999996,0.0
2019-08-23 13:00:00+00:00,964.6656138,606.6737213,166.8745994,357.97365492999995,0.0
2019-08-23 14:00:00+00:00,953.2035218,528.6941961,162.0999834,424.69220422999996,0.0
2019-08-23 15:00:00+00:00,936.867096,536.3192342,187.2605615,400.63897218,0.0
2019-08-23 16:00:00+00:00,922.5741782,542.0309398,193.1718763,380.51726505,0.0
2019-08-23 17:00:00+00:00,911.7388814,539.1290334,177.833884,372.5017315,0.0
2019-08-23 18:00:00+00:00,903.5985972,524.7738393,163.1962662,378.6752607,0.0
2019-08-23 19:00:00+00:00,842.335968,494.5027466,186.2862563,347.89305535,0.0
2019-08-23 20:00:00+00:00,748.3984629,422.8156458,158.0752462,325.7577482,0.0
2019-08-23 21:00:00+00:00,703.3879497,377.2991536,128.3379185,326.2853617,0.0
2019-08-23 22:00:00+00:00,655.2441559,368.8049749,127.6113568,286.56727040000004,0.0
2019-08-23 23:00:00+00:00,625.7457173,340.1292191,101.4418716,285.75972313,0.0
2019-08-24 00:00:00+00:00,615.5296885,332.799057,89.47958633,282.75929265,0.0
2019-08-24 01:00:00+00:00,610.7836559,320.8827007,72.62784642,289.90096012,0.0
2019-08-24 02:00:00+00:00,612.8058218,320.2714617,62.23798558,292.54483508,0.0
2019-08-24 03:00:00+00:00,608.7940623,328.8330967,51.60368167,279.88030338,0.0
2019-08-24 04:00:00+00:00,658.9905752,341.7185134,47.97898733,317.37686539000003,0.0
2019-08-24 05:00:00+00:00,748.9100849,344.4380341,42.47384892,404.8026744000001,0.0
2019-08-24 06:00:00+00:00,804.6618093,374.1320318,48.98175175,430.50259389999997,0.0
2019-08-24 07:00:00+00:00,826.6853078,410.4142786,56.05431117,416.31200980000006,0.0
2019-08-24 08:00:00+00:00,820.5292308,431.0982208,72.66421483,389.54450842,0.0
2019-08-24 09:00:00+00:00,806.2978465,447.009308,88.80311,359.37260897999994,0.0
2019-08-24 10:00:00+00:00,799.5659028,422.2180734,93.45907392,377.27404440000004,0.0
2019-08-24 11:00:00+00:00,787.8890788,360.1869227,94.70072042,427.6961347,0.0
2019-08-24 12:00:00+00:00,776.6800943,349.276736,86.92594275,427.3132644,0.0
2019-08-24 13:00:00+00:00,773.7277935,335.5482076,74.23016867,438.15242950000004,0.0
2019-08-24 14:00:00+00:00,768.5950927,310.4135818,58.81375717,458.14906818000003,0.0
2019-08-24 15:00:00+00:00,776.8679047,287.8250325,37.9404495,489.06587415,0.0
2019-08-24 16:00:00+00:00,770.7041983,261.9852753,24.526668,508.7647564999999,0.0
2019-08-24 17:00:00+00:00,771.4126741,263.6713892,23.9049825,507.7875377200001,0.0
2019-08-24 18:00:00+00:00,808.2895662,268.7543512,24.91142558,539.50798862,0.0
2019-08-24 19:00:00+00:00,768.3651174,267.1587371,23.38285875,501.045788017,0.0
2019-08-24 20:00:00+00:00,712.4172008,261.3920188,18.98011708,451.13997064000006,0.0
2019-08-24 21:00:00+00:00,663.3788045,244.1514537,12.61408292,419.33113113,0.0
2019-08-24 22:00:00+00:00,626.5756529,227.339812,7.157068917,399.36274963,0.0
2019-08-24 23:00:00+00:00,609.6226603,225.8218537,4.49761475,383.66878466000003,0.0
2019-08-25 00:00:00+00:00,601.9997863,224.7916043,3.205984583,377.24303555,0.0
2019-08-25 01:00:00+00:00,601.6138764,224.3167128,3.485799333,377.39847151000004,0.0
2019-08-25 02:00:00+00:00,601.2579193,234.447389,3.13054625,366.86782919999996,0.0
2019-08-25 03:00:00+00:00,591.8044078,236.3836759,2.885506,355.42684789,0.0
2019-08-25 04:00:00+00:00,630.6724242,233.6928099,3.81424725,397.05371371,0.0
2019-08-25 05:00:00+00:00,695.1249439,236.9302787,8.08503325,458.21690798,0.0
2019-08-25 06:00:00+00:00,746.3039856,248.8104503,12.82853233,497.45839750000005,0.0
2019-08-25 07:00:00+00:00,780.037318,264.1855623,15.63690833,515.9235500999999,0.0
2019-08-25 08:00:00+00:00,777.8762003,255.4950079,17.24330317,522.2292566000001,0.0
2019-08-25 09:00:00+00:00,771.0022734,251.4222386,18.30236192,519.4373401,0.0
2019-08-25 10:00:00+00:00,772.046239,253.5433172,19.38745108,518.5575448000002,0.0
2019-08-25 11:00:00+00:00,762.557597,251.8885435,20.12518725,510.72873739999994,0.0
2019-08-25 12:00:00+00:00,765.4025218,261.3287939,20.09968117,504.2008683,0.0
2019-08-25 13:00:00+00:00,772.7950693,261.3263753,16.90695667,511.4407079,0.0
2019-08-25 14:00:00+00:00,787.2819773,265.7461776,14.75880475,521.5183878,0.0
2019-08-25 15:00:00+00:00,807.9697926,268.5273947,11.80228592,539.4530966,0.0
2019-08-25 16:00:00+00:00,815.7359367,265.3943787,12.63936908,550.5106169999999,0.0
2019-08-25 17:00:00+00:00,825.5918377,279.6176656,30.853833,546.0912437,0.0
2019-08-25 18:00:00+00:00,851.7898203,295.3301723,48.31599967,556.5352139,0.0
2019-08-25 19:00:00+00:00,791.1426698,321.2202175,74.90250433,469.919985,0.0
2019-08-25 20:00:00+00:00,724.8595073,325.3812332,86.43060683,399.7680220000001,0.0
2019-08-25 21:00:00+00:00,664.3224183,329.1905798,98.71956558,335.11738499999996,0.0
2019-08-25 22:00:00+00:00,611.0965068,334.6361185,88.628013,276.55543499999993,0.0
2019-08-25 23:00:00+00:00,610.495402,336.7216466,82.88330975,273.7932619,0.0
2019-08-26 00:00:00+00:00,591.8599091,350.7419585,82.04152742,241.02835549999998,0.0
2019-08-26 01:00:00+00:00,594.7101491,357.5211588,83.95118975,237.27654609999996,0.0
2019-08-26 02:00:00+00:00,625.7602335,358.4432806,68.27432133,267.37580070000007,0.0
2019-08-26 03:00:00+00:00,697.0556183,362.3066152,58.47316558,334.88041759999993,0.0
2019-08-26 04:00:00+00:00,805.0305124,444.7888234,49.722004,360.05072632,0.0
2019-08-26 05:00:00+00:00,920.9142253,446.6993306,35.35350075,474.36024168,0.0
2019-08-26 06:00:00+00:00,981.0628915,420.9497783,22.06088375,560.11188367,0.0
2019-08-26 07:00:00+00:00,988.8248138,448.5321886,21.45640092,540.28266173,0.0
2019-08-26 08:00:00+00:00,993.4026743,456.0714137,28.5480015,537.41885092,0.0
2019-08-26 09:00:00+00:00,1000.030279,476.6422678,42.23733367,523.31249963,0.0
2019-08-26 10:00:00+00:00,1025.455165,486.0140611,43.65778867,539.4890880830001,0.0
2019-08-26 11:00:00+00:00,1016.913274,490.2736105,48.79828267,526.68457243,0.0
2019-08-26 12:00:00+00:00,1012.469157,494.8968988,51.67194392,517.68010683,0.0
2019-08-26 13:00:00+00:00,987.4305674,496.0608063,57.01412317,491.35197805,0.0
2019-08-26 14:00:00+00:00,957.0720725,486.5549088,50.52417392,470.50568463,0.0
2019-08-26 15:00:00+00:00,947.6721393,486.1643016,44.5895745,461.56020287999996,0.0
2019-08-26 16:00:00+00:00,923.6786194,471.6375095,39.40730533,452.13262829999996,0.0
2019-08-26 17:00:00+00:00,925.7124737,484.3042197,44.87083075,441.52827651999996,0.0
2019-08-26 18:00:00+00:00,946.2546538,489.5042673,50.44021642,456.7270281999999,0.0
2019-08-26 19:00:00+00:00,870.8183747,438.0450998,42.12170167,432.80082417000006,0.0
2019-08-26 20:00:00+00:00,764.6597391,395.0772198,42.67516642,369.466056,0.0
2019-08-26 21:00:00+00:00,701.5544229,405.4326908,47.94024183,296.03728070999995,0.0
2019-08-26 22:00:00+00:00,684.1290029,413.1802241,42.06976975,270.9215156,0.0
2019-08-26 23:00:00+00:00,665.4318797,405.1612777,38.68178808,260.2277997,0.0
2019-08-27 00:00:00+00:00,658.312322,407.5256628,36.05974717,250.80788440000003,0.0
2019-08-27 01:00:00+00:00,657.5877685,393.3354392,29.30576675,264.2673039,0.0
2019-08-27 02:00:00+00:00,671.2031351,377.3442993,21.96781567,293.87328219999995,0.0
2019-08-27 03:00:00+00:00,731.5050964,362.9360403,13.47814717,368.5952448,0.0
2019-08-27 04:00:00+00:00,846.9850312,435.755071,9.811199833,411.41189583000005,0.0
2019-08-27 05:00:00+00:00,973.0065665,445.0781859,6.284466917,528.36857342,0.0
2019-08-27 06:00:00+00:00,1024.029231,454.9269971,9.176612667,569.12060953,0.0
2019-08-27 07:00:00+00:00,1017.07254,453.3943813,13.76907725,563.89998683,0.0
2019-08-27 08:00:00+00:00,1015.248286,456.4811323,16.26502983,558.85518213,0.0
2019-08-27 09:00:00+00:00,1000.340179,459.6401647,17.93438017,540.9604115499999,0.0
2019-08-27 10:00:00+00:00,1025.457962,488.0464732,18.70507108,537.76799585,0.0
2019-08-27 11:00:00+00:00,1008.49825,530.1695506,17.95976808,478.52276029999996,0.0
2019-08-27 12:00:00+00:00,1007.849259,453.9588217,15.63103058,553.9597306,0.0
2019-08-27 13:00:00+00:00,982.5328368,481.6754634,12.47080508,500.98102182,0.0
2019-08-27 14:00:00+00:00,961.9451294,430.8248447,8.686355083,531.18167495,0.0
2019-08-27 15:00:00+00:00,947.4117636,431.5917842,5.82678825,515.91441305,0.0
2019-08-27 16:00:00+00:00,927.8903301,431.2074738,4.488952667,496.62246489999995,0.0
2019-08-27 17:00:00+00:00,921.7474874,425.85215,4.37176475,496.03749016999996,0.0
2019-08-27 18:00:00+00:00,951.6352538,403.9761303,4.706798667,547.7456551,0.0
2019-08-27 19:00:00+00:00,875.5424041,370.7734708,7.202058833,504.86595399999993,0.0
2019-08-27 20:00:00+00:00,773.8077903,343.0339255,8.63453,430.8748046,0.0
2019-08-27 21:00:00+00:00,704.0417378,400.0946452,13.76951692,303.9653851999999,0.0
2019-08-27 22:00:00+00:00,655.231959,450.469246,25.86168708,204.84313590000005,0.0
2019-08-27 23:00:00+00:00,635.0788168,451.3930691,27.28601625,183.91507819999998,0.0
2019-08-28 00:00:00+00:00,630.3113098,462.1470031,38.69656267,168.05471219999998,0.0
2019-08-28 01:00:00+00:00,633.5766754,484.8178381,47.04282283,148.70789155000003,0.0
2019-08-28 02:00:00+00:00,656.4765271,500.0968449,50.00263467,156.5338301,0.0
2019-08-28 03:00:00+00:00,720.101654,529.5679982,57.43176967,190.447606,0.0
2019-08-28 04:00:00+00:00,841.425593,583.1551768,56.65881658,258.15360222,0.0
2019-08-28 05:00:00+00:00,954.1791229,619.4849956,49.130237,334.63280777,0.0
2019-08-28 06:00:00+00:00,1004.870107,625.2094727,29.12256875,379.62639029999997,0.0
2019-08-28 07:00:00+00:00,1016.861562,633.5411936,26.2222385,383.18223308,0.0
2019-08-28 08:00:00+00:00,1014.279511,645.1680961,32.123018,369.037803083,0.0
2019-08-28 09:00:00+00:00,995.5014497,657.7766112,41.80698708,337.82174699999996,0.0
2019-08-28 10:00:00+00:00,1016.731425,658.9843648,44.75132758,357.8782066,0.0
2019-08-28 11:00:00+00:00,1004.39632,669.9937806,43.81204982,341.01811611000005,0.0
2019-08-28 12:00:00+00:00,999.0052338,670.3140057,43.2080795,328.78303328000004,0.0
2019-08-28 13:00:00+00:00,981.5117545,658.4160767,39.1222665,323.22295295,0.0
2019-08-28 14:00:00+00:00,966.8273214,656.2412415,31.908199,310.78565691,0.0
2019-08-28 15:00:00+00:00,954.4553425,653.3374635,31.29711158,301.278294787,0.0
2019-08-28 16:00:00+00:00,935.131897,650.4133503,32.97616692,285.0603446,0.0
2019-08-28 17:00:00+00:00,923.4015808,670.416453,50.75386417,253.08828947,0.0
2019-08-28 18:00:00+00:00,955.5358784,707.4026082,87.42032617,248.17680762000003,0.0
2019-08-28 19:00:00+00:00,877.1725057,698.1489969,136.7039279,179.29651172,0.0
2019-08-28 20:00:00+00:00,766.549413,639.6927745,145.7892963,126.84574940000002,0.0
2019-08-28 21:00:00+00:00,691.1862285,611.2969003,138.8569032,80.10459349999996,0.0
2019-08-28 22:00:00+00:00,652.7454223,599.425237,122.589976,53.195664980000004,0.0
2019-08-28 23:00:00+00:00,634.3808187,611.6519723,115.5777688,22.744589520000005,0.0
2019-08-29 00:00:00+00:00,618.3821664,630.9279785,112.1962287,0.0,12.548932619999988
2019-08-29 01:00:00+00:00,613.6442007,623.7191824,110.9594028,0.0,10.110431280000029
2019-08-29 02:00:00+00:00,633.9226685,624.829951,104.9105931,9.083836200000007,0.0
2019-08-29 03:00:00+00:00,695.9547475,624.3874663,108.3368957,71.28685030000003,0.0
2019-08-29 04:00:00+00:00,820.6703796,704.9479472,92.554327,116.00112708999998,0.0
2019-08-29 05:00:00+00:00,954.2027995,714.9765319,65.44320617,239.34265909999996,0.0
2019-08-29 06:00:00+00:00,988.8018748,686.8536732,45.76575,302.17529342,0.0
2019-08-29 07:00:00+00:00,989.9998982,683.5555573,42.94684825,306.44077337,0.0
2019-08-29 08:00:00+00:00,979.3730418,677.1916453,53.69178392,302.26178168,0.0
2019-08-29 09:00:00+00:00,965.6623993,702.6056313,71.54455733,263.12848748,0.0
2019-08-29 10:00:00+00:00,997.8465883,717.9512278,88.65383917,279.88474655000005,0.0
2019-08-29 11:00:00+00:00,1001.726817,701.8419343,77.86408867,299.82677952000006,0.0
2019-08-29 12:00:00+00:00,995.9536287,684.3495177,63.3913155,311.80861877,0.0
2019-08-29 13:00:00+00:00,976.6033631,672.2801361,49.65487142,304.34143861999996,0.0
2019-08-29 14:00:00+00:00,961.1815338,654.1074066,53.89557492,307.37910657,0.0
2019-08-29 15:00:00+00:00,936.8091433,643.0203603,40.56445092,293.77191928,0.0
2019-08-29 16:00:00+00:00,912.0261128,643.7866058,46.376784,268.36917717000006,0.0
2019-08-29 17:00:00+00:00,906.2869773,672.9340464,80.851451,233.3148691,0.0
2019-08-29 18:00:00+00:00,931.2796224,648.5328316,80.42914908,282.75516005,0.0
2019-08-29 19:00:00+00:00,852.0273183,608.6593068,95.880195,243.35486833,0.0
2019-08-29 20:00:00+00:00,752.6310018,580.2179617,100.7865785,172.32839109999998,0.0
2019-08-29 21:00:00+00:00,677.2776388,534.1862997,79.201425,143.20036660000002,0.0
2019-08-29 22:00:00+00:00,647.0465088,548.1540629,58.72691858,98.87852397999998,0.0
2019-08-29 23:00:00+00:00,626.0832519,540.7675171,48.8795145,85.32920207000004,0.0
2019-08-30 00:00:00+00:00,613.3677824,537.6597391,41.84823567,75.7368372,0.0
2019-08-30 01:00:00+00:00,618.0061034,536.5972443,35.60734983,81.47590330000003,0.0
2019-08-30 02:00:00+00:00,637.7906291,529.6905873,29.44930783,108.04532669999998,0.0
2019-08-30 03:00:00+00:00,707.3132222,532.3117777,30.46289508,174.97918410000003,0.0
2019-08-30 04:00:00+00:00,823.8717448,625.1305338,26.85885608,198.720476613,0.0
2019-08-30 05:00:00+00:00,941.6965179,695.6772868,18.01498967,246.02117627,0.0
2019-08-30 06:00:00+00:00,1009.357346,711.6654918,12.37389392,297.66756917,0.0
2019-08-30 07:00:00+00:00,1029.334351,721.2257029,21.69932742,308.05574748000004,0.0
2019-08-30 08:00:00+00:00,1024.109136,737.2487233,39.79128758,286.98127650000004,0.0
2019-08-30 09:00:00+00:00,1006.446152,737.9385528,38.7536265,268.47430907,0.0
2019-08-30 10:00:00+00:00,1018.881729,747.8972982,48.80931733,270.97719490000003,0.0
2019-08-30 11:00:00+00:00,1015.142293,753.8706155,50.23013875,261.2968389,0.0
2019-08-30 12:00:00+00:00,992.7959645,765.9198405,63.37126642,226.9260338,0.0
2019-08-30 13:00:00+00:00,976.6210684,766.0049592,44.2691055,210.61878639999998,0.0
2019-08-30 14:00:00+00:00,955.8802083,772.789622,45.17257158,183.03127999999998,0.0
2019-08-30 15:00:00+00:00,932.8614503,768.1633199,48.24538942,164.58111939999998,0.0
2019-08-30 16:00:00+00:00,905.6373698,755.3518067,43.12294258,150.2690017,0.0
2019-08-30 17:00:00+00:00,901.2258098,728.0214893,34.52435625,173.21273105,0.0
2019-08-30 18:00:00+00:00,911.7597198,634.238505,35.19444183,277.5114097,0.0
2019-08-30 19:00:00+00:00,835.0868277,489.2666779,28.91651992,345.82689459999995,0.0
2019-08-30 20:00:00+00:00,751.5963694,472.8132323,26.46367842,278.8161842,0.0
2019-08-30 21:00:00+00:00,670.5274047,457.6624832,25.47294458,212.97002919999994,0.0
2019-08-30 22:00:00+00:00,633.6558381,446.4119263,18.40723292,187.23854799999992,0.0
2019-08-30 23:00:00+00:00,627.0560202,456.4500834,20.62117275,170.70975490000006,0.0
2019-08-31 00:00:00+00:00,615.6419576,461.2712098,21.76409875,154.435967,0.0
2019-08-31 01:00:00+00:00,611.7167664,454.4526545,21.492672,157.3070887,0.0
2019-08-31 02:00:00+00:00,619.8095297,455.72642,21.36890167,164.03146259999994,0.0
2019-08-31 03:00:00+00:00,619.4730683,454.7226918,17.78039542,164.76474960000007,0.0
2019-08-31 04:00:00+00:00,669.5770721,452.1353505,13.942891,217.53672600000004,0.0
2019-08-31 05:00:00+00:00,745.769338,455.8815028,11.81059925,289.92495080000003,0.0
2019-08-31 06:00:00+00:00,802.9030813,452.6971614,9.685317917,350.4888018,0.0
2019-08-31 07:00:00+00:00,821.983256,460.1421534,15.54969308,361.75658580000004,0.0
2019-08-31 08:00:00+00:00,815.3397065,472.227244,24.56071533,343.20611110000004,0.0
2019-08-31 09:00:00+00:00,800.0920971,477.0834173,29.40957375,323.0362756999999,0.0
2019-08-31 10:00:00+00:00,800.6818847,481.6392161,32.8036495,319.13974579999996,0.0
2019-08-31 11:00:00+00:00,796.1515096,479.5683213,33.62235067,316.718961,0.0
2019-08-31 12:00:00+00:00,788.0257873,481.3905158,31.98144742,306.65392189999994,0.0
2019-08-31 13:00:00+00:00,785.1856334,475.6948471,28.6647525,309.53365720000005,0.0
2019-08-31 14:00:00+00:00,785.8753305,461.5534033,19.13281417,324.20109149999996,0.0
2019-08-31 15:00:00+00:00,789.8103588,457.3974026,12.13158508,332.5106065,0.0
2019-08-31 16:00:00+00:00,789.4657237,446.9307532,6.460285167,342.51800543,0.0
2019-08-31 17:00:00+00:00,797.3485108,446.4392422,5.066098833,351.0212039,0.0
2019-08-31 18:00:00+00:00,815.4691518,445.2822419,5.443635417,370.12020200000006,0.0
2019-08-31 19:00:00+00:00,757.8172658,444.8489278,5.846472,313.03585462999996,0.0
2019-08-31 20:00:00+00:00,703.0576223,452.8033727,7.796610167,250.16658050000007,0.0
2019-08-31 21:00:00+00:00,649.9473622,453.46875,9.496710083,196.44066370000002,0.0
2019-08-31 22:00:00+00:00,614.4300029,450.6978301,11.1322165,163.7526541,0.0
2019-08-31 23:00:00+00:00,591.8949024,452.6979904,15.59963,139.12209959999998,0.0
2019-09-01 00:00:00+00:00,581.4501242,462.3492025,23.59776625,119.18820550000001,0.0
2019-09-01 01:00:00+00:00,577.8744608,476.6836166,39.62498758,101.09259919999997,0.0
2019-09-01 02:00:00+00:00,587.9324748,496.441279,56.39752425,91.37965867000003,0.0
2019-09-01 03:00:00+00:00,577.7267557,508.9105378,64.60203217,68.84999617,0.0
2019-09-01 04:00:00+00:00,615.2874503,513.4939473,70.42994133,101.88459861999996,0.0
2019-09-01 05:00:00+00:00,684.614792,511.1641184,62.98046525,173.60212422000004,0.0
2019-09-01 06:00:00+00:00,739.2365266,525.3861364,39.98493483,213.9802763,0.0
2019-09-01 07:00:00+00:00,775.8821157,562.5264944,35.69242325,213.3769721,0.0
2019-09-01 08:00:00+00:00,773.599828,588.1876984,38.579441,185.51462819999995,0.0
2019-09-01 09:00:00+00:00,764.0124105,598.7866873,45.72191642,165.19649290000007,0.0
2019-09-01 10:00:00+00:00,761.9743601,601.7688701,53.0281005,160.13326160000008,0.0
2019-09-01 11:00:00+00:00,761.2480215,594.2804005,56.47072467,167.01347650000002,0.0
2019-09-01 12:00:00+00:00,761.4416554,593.3292186,58.81044583,168.13363800000002,0.0
2019-09-01 13:00:00+00:00,768.4908955,590.2282816,63.65657767,178.28136300000006,0.0
2019-09-01 14:00:00+00:00,785.4101358,594.8724111,66.054515,190.68617189999998,0.0
2019-09-01 15:00:00+00:00,800.3925424,583.2951305,56.49724333,217.15303530000006,0.0
2019-09-01 16:00:00+00:00,812.0228119,559.3619538,36.07585983,252.81943869999998,0.0
2019-09-01 17:00:00+00:00,838.2768453,567.5950368,43.54770683,270.68432300000006,0.0
2019-09-01 18:00:00+00:00,863.4676921,600.2439118,74.84590867,263.2784166,0.0
2019-09-01 19:00:00+00:00,781.2664083,619.3341064,113.3122653,161.89005409999993,0.0
2019-09-01 20:00:00+00:00,706.5993093,596.5610198,140.4098091,110.04113799999993,0.0
2019-09-01 21:00:00+00:00,652.5702872,572.7970021,140.6918983,79.77637620000002,0.0
2019-09-01 22:00:00+00:00,614.5161337,552.6221058,123.5156219,61.775201649999985,0.0
2019-09-01 23:00:00+00:00,600.5231934,535.0986378,103.9556993,65.38383338,0.0
2019-09-02 00:00:00+00:00,595.4091745,537.5119783,95.19331233,57.91051528000003,0.0
2019-09-02 01:00:00+00:00,595.4271088,542.8476103,92.63951233,52.67568983000001,0.0
2019-09-02 02:00:00+00:00,622.7587737,551.2220613,85.75005267,71.48142884999999,0.0
2019-09-02 03:00:00+00:00,693.8494925,580.927175,87.4103655,112.93579309999998,0.0
2019-09-02 04:00:00+00:00,835.3180441,653.1046243,84.67204983,182.1562107,0.0
2019-09-02 05:00:00+00:00,942.9060924,722.8766275,58.87742,219.90849182999995,0.0
2019-09-02 06:00:00+00:00,968.2187245,757.9483338,50.44710958,210.30091185,0.0
2019-09-02 07:00:00+00:00,969.6978302,747.9583028,70.90859675,221.79584553,0.0
2019-09-02 08:00:00+00:00,974.623352,751.6499429,82.92557075,222.94299651699998,0.0
2019-09-02 09:00:00+00:00,971.8969268,753.741745,81.84245417,218.16513841999998,0.0
2019-09-02 10:00:00+00:00,1004.392507,753.9573161,66.60006675,250.51834755,0.0
2019-09-02 11:00:00+00:00,1001.785848,750.7276356,45.3673745,251.173036767,0.0
2019-09-02 12:00:00+00:00,1006.355749,756.3147175,48.83668417,250.1350023,0.0
2019-09-02 13:00:00+00:00,998.8120626,791.2541554,68.02377042,207.65484709999998,0.0
2019-09-02 14:00:00+00:00,971.3424275,813.9624177,98.132417,157.2931883,0.0
2019-09-02 15:00:00+00:00,968.383606,818.5755413,98.68718217,149.91294524999995,0.0
2019-09-02 16:00:00+00:00,944.7622935,811.818624,97.55701383,133.10232678000006,0.0
2019-09-02 17:00:00+00:00,948.2028503,786.6036629,71.16383717,161.56758137999998,0.0
2019-09-02 18:00:00+00:00,922.8596496,715.5076751,75.37410858,207.35489817,0.0
2019-09-02 19:00:00+00:00,833.7445833,635.8442383,96.72288258,197.83591309999997,0.0
2019-09-02 20:00:00+00:00,734.5876211,628.3813528,99.08038775,106.3439229,0.0
2019-09-02 21:00:00+00:00,685.2623903,626.6814322,90.72418708,58.62200660000002,0.0
2019-09-02 22:00:00+00:00,656.142212,597.2043509,61.6599585,58.94000566999989,0.0
2019-09-02 23:00:00+00:00,636.347529,577.0294443,45.9356835,59.31240219999995,0.0
2019-09-03 00:00:00+00:00,627.3451335,571.6942748,40.80154067,55.69489170000003,0.0
2019-09-03 01:00:00+00:00,628.2840221,572.6925861,47.84216758,55.629670199999964,0.0
2019-09-03 02:00:00+00:00,661.0390624,583.026835,43.903385,78.0177255000001,0.0
2019-09-03 03:00:00+00:00,742.9931589,589.2781068,36.68712525,153.7807634,0.0
2019-09-03 04:00:00+00:00,849.9144338,693.7107748,35.59662233,156.26734797,0.0
2019-09-03 05:00:00+00:00,954.762863,742.6047363,35.31799983,212.24266429699998,0.0
2019-09-03 06:00:00+00:00,997.2468923,741.7772471,29.89188792,255.47203625,0.0
2019-09-03 07:00:00+00:00,992.968862,736.6054027,24.36525617,256.37629182,0.0
2019-09-03 08:00:00+00:00,994.0578512,742.5809173,27.16519908,251.409827,0.0
2019-09-03 09:00:00+00:00,975.4075113,749.2861634,34.79991275,226.11349900000002,0.0
2019-09-03 10:00:00+00:00,1001.935654,758.6679688,38.30495875,243.27509132,0.0
2019-09-03 11:00:00+00:00,991.4750519,758.805064,40.28319333,232.67002618,0.0
2019-09-03 12:00:00+00:00,990.5529223,751.4611919,33.98852,239.12663909999998,0.0
2019-09-03 13:00:00+00:00,948.9888813,736.4092713,23.19107067,212.7265228,0.0
2019-09-03 14:00:00+00:00,929.2266998,720.9738566,23.57477892,208.45263705,0.0
2019-09-03 15:00:00+00:00,918.1710153,692.5558013,27.53615033,225.67695962999997,0.0
2019-09-03 16:00:00+00:00,902.895335,687.940745,24.59831783,215.02100397,0.0
2019-09-03 17:00:00+00:00,923.3877513,718.3680878,23.86708233,205.105837267,0.0
2019-09-03 18:00:00+00:00,934.7454579,707.7738496,23.41167858,227.106916,0.0
2019-09-03 19:00:00+00:00,851.5714873,592.9646505,18.55067417,258.5508776,0.0
2019-09-03 20:00:00+00:00,749.4170227,573.211502,38.33126842,176.322738,0.0
2019-09-03 21:00:00+00:00,697.6030427,572.8321228,61.12856325,124.81508136999997,0.0
2019-09-03 22:00:00+00:00,665.8846995,570.0469106,72.38927458,95.88790890000001,0.0
2019-09-03 23:00:00+00:00,642.8609364,573.200002,83.23441683,69.59350070000005,0.0
2019-09-04 00:00:00+00:00,641.3177746,572.9187776,80.29372342,68.25648800000005,0.0
2019-09-04 01:00:00+00:00,645.227473,578.0482227,85.44128475,67.15800280000002,0.0
2019-09-04 02:00:00+00:00,669.6332143,576.4657848,81.98075033,93.16238729999998,0.0
2019-09-04 03:00:00+00:00,761.7046763,606.0859376,82.99893883,155.86198250000007,0.0
2019-09-04 04:00:00+00:00,874.2032167,766.0877228,91.3665605,108.03751753,0.0
2019-09-04 05:00:00+00:00,970.6365304,793.3384907,76.57764467,177.26828358,0.0
2019-09-04 06:00:00+00:00,998.8433278,776.1656136,59.13105558,222.69221117,0.0
2019-09-04 07:00:00+00:00,990.932373,773.0532887,65.78300267,217.90759827999997,0.0
2019-09-04 08:00:00+00:00,970.738749,786.1418404,68.09287508,184.47136840000005,0.0
2019-09-04 09:00:00+00:00,947.1284435,783.299647,84.6967035,163.90421618,0.0
2019-09-04 10:00:00+00:00,972.2151592,760.3851623,86.12466958,211.86122946999998,0.0
2019-09-04 11:00:00+00:00,960.5986939,716.0898388,73.65701692,244.48162406,0.0
2019-09-04 12:00:00+00:00,966.1849314,711.7048594,82.71753858,254.480054,0.0
2019-09-04 13:00:00+00:00,944.1756185,713.2789815,83.53040042,230.86440559999988,0.0
2019-09-04 14:00:00+00:00,928.581426,735.86055,79.13957292,192.843123467,0.0
2019-09-04 15:00:00+00:00,923.2309419,731.1485137,59.55193975,192.10590152999998,0.0
2019-09-04 16:00:00+00:00,903.1559295,749.6939139,45.41557942,153.44823047999998,0.0
2019-09-04 17:00:00+00:00,932.2873536,742.4361981,35.57084267,189.83296842000001,0.0
2019-09-04 18:00:00+00:00,936.9093374,748.450948,31.86906408,188.46997250000004,0.0
2019-09-04 19:00:00+00:00,839.8014019,722.8126628,49.03741175,116.9819583,0.0
2019-09-04 20:00:00+00:00,738.6341755,591.5544892,61.54397008,146.95787634,0.0
2019-09-04 21:00:00+00:00,691.3216908,592.3994242,62.13863942,99.05885010000003,0.0
2019-09-04 22:00:00+00:00,653.4404093,585.4042103,59.24558242,68.15832152999997,0.0
2019-09-04 23:00:00+00:00,636.5863037,573.4831696,52.25131167,63.01512858000004,0.0
2019-09-05 00:00:00+00:00,631.2071634,579.4818522,57.79807625,51.80719116699996,0.0
2019-09-05 01:00:00+00:00,626.6847992,597.3213552,81.46637542,29.364342099999988,0.0
2019-09-05 02:00:00+00:00,671.7246399,623.2439882,92.58034767,48.56171599999999,0.0
2019-09-05 03:00:00+00:00,759.6494905,639.2764891,106.6403098,120.41059019999994,0.0
2019-09-05 04:00:00+00:00,874.4782818,759.8620658,117.9898529,114.67670800000002,0.0
2019-09-05 05:00:00+00:00,966.2767131,799.9173279,127.1633536,166.4502539,0.0
2019-09-05 06:00:00+00:00,1008.987147,844.1731872,139.8085543,164.80882189999994,0.0
2019-09-05 07:00:00+00:00,994.1768138,868.028539,154.2809346,126.13991756999997,0.0
2019-09-05 08:00:00+00:00,985.6990559,894.9729919,181.7813033,90.689871267,0.0
2019-09-05 09:00:00+00:00,973.0774638,876.7907665,181.2686946,96.31824327999999,0.0
2019-09-05 10:00:00+00:00,1005.259338,862.9018146,188.0445062,142.44208133000006,0.0
2019-09-05 11:00:00+00:00,1003.089706,891.3499552,181.7889278,112.14910781999998,0.0
2019-09-05 12:00:00+00:00,1012.737396,878.4559073,167.7684554,134.5635598,0.0
2019-09-05 13:00:00+00:00,990.8806713,841.2218323,138.2934436,149.62105370000006,0.0
2019-09-05 14:00:00+00:00,974.5238749,793.2865143,101.3538692,181.46085207,0.0
2019-09-05 15:00:00+00:00,971.0622254,805.3548331,98.23222342,165.7575394499999,0.0
2019-09-05 16:00:00+00:00,956.2021687,828.5407155,120.8792211,127.85557137000006,0.0
2019-09-05 17:00:00+00:00,981.9598898,852.7289784,144.020827,129.32578749999993,0.0
2019-09-05 18:00:00+00:00,952.7994638,869.9412231,157.6873297,82.90846737000004,0.0
2019-09-05 19:00:00+00:00,866.9000957,851.2427167,154.5891215,15.738184499999988,0.0
2019-09-05 20:00:00+00:00,766.0453034,724.7340597,147.32142,41.20538565000004,0.0
2019-09-05 21:00:00+00:00,710.5276743,658.3519847,129.1826464,52.08069575000002,0.0
2019-09-05 22:00:00+00:00,675.7779744,641.0082295,115.1345813,34.83202438000001,0.0
2019-09-05 23:00:00+00:00,653.6093953,628.0229746,106.3826517,25.64171110000001,0.0
2019-09-06 00:00:00+00:00,649.4387055,635.0036317,111.5345084,14.426601000000005,0.0
2019-09-06 01:00:00+00:00,652.1952719,653.8842163,114.9920325,0.0,1.8000382000000172
2019-09-06 02:00:00+00:00,682.9598998,655.4612885,123.8382186,27.555483599999945,0.0
2019-09-06 03:00:00+00:00,769.5504659,631.0583445,106.4715202,138.58898530000005,0.0
2019-09-06 04:00:00+00:00,885.3730977,792.0248413,106.7128741,93.53757337000002,0.0
2019-09-06 05:00:00+00:00,984.6877746,813.4226938,104.9421108,171.43788505,0.0
2019-09-06 06:00:00+00:00,1016.694667,824.7225597,119.4136715,192.03474030000004,0.0
2019-09-06 07:00:00+00:00,1002.537755,849.445994,141.0761095,153.04081309999998,0.0
2019-09-06 08:00:00+00:00,987.241287,840.1911824,132.3734773,147.13698699999998,0.0
2019-09-06 09:00:00+00:00,965.0356547,833.0692595,130.8202864,131.98570897000002,0.0
2019-09-06 10:00:00+00:00,993.8088021,845.4971873,134.2644386,148.48257535000002,0.0
2019-09-06 11:00:00+00:00,965.2782999,851.4884644,155.8075955,114.04294562000001,0.0
2019-09-06 12:00:00+00:00,956.7875266,848.4090576,162.6285172,108.40345817999997,0.0
2019-09-06 13:00:00+00:00,932.7039236,831.5189413,142.6294798,101.21586059999993,0.0
2019-09-06 14:00:00+00:00,911.5783693,806.2101236,119.6785343,105.40957270000007,0.0
2019-09-06 15:00:00+00:00,906.8594921,791.8872019,91.84533292,114.94109670000006,0.0
2019-09-06 16:00:00+00:00,891.8957977,790.1094463,76.046756,101.60505699999999,0.0
2019-09-06 17:00:00+00:00,914.7188059,777.6210683,63.40181033,137.0706045,0.0
2019-09-06 18:00:00+00:00,906.7556813,765.8777722,61.24042167,140.9865021999999,0.0
2019-09-06 19:00:00+00:00,826.6627399,708.4741211,59.5520035,118.23536380000002,0.0
2019-09-06 20:00:00+00:00,743.7993166,574.8209178,45.36833058,169.0729240500001,0.0
2019-09-06 21:00:00+00:00,685.4992116,569.3249716,47.50227008,116.2671979700001,0.0
2019-09-06 22:00:00+00:00,647.2079673,567.7288921,48.41696267,79.50961227999994,0.0
2019-09-06 23:00:00+00:00,623.3437551,557.7777963,41.75683075,65.66397675000002,0.0
2019-09-07 00:00:00+00:00,610.4621836,553.5193991,37.88301883,56.94054259999996,0.0
2019-09-07 01:00:00+00:00,607.9697318,556.6156158,43.12876458,51.26298730000002,0.0
2019-09-07 02:00:00+00:00,624.3310853,576.3999481,49.74366342,48.009318199999996,0.0
2019-09-07 03:00:00+00:00,618.5743511,577.0476532,56.88910958,41.47857718,0.0
2019-09-07 04:00:00+00:00,669.2273307,587.3157757,67.21403283,81.9851339999999,0.0
2019-09-07 05:00:00+00:00,732.2057903,606.6969909,68.64091692,125.5162646,0.0
2019-09-07 06:00:00+00:00,798.1230061,676.1242014,54.49407075,121.95256999999992,0.0
2019-09-07 07:00:00+00:00,814.2156423,709.3727721,64.06438767,104.96242080000002,0.0
2019-09-07 08:00:00+00:00,804.2508188,734.0400694,80.85762458,70.33543799999995,0.0
2019-09-07 09:00:00+00:00,792.4963733,705.9998628,69.83788375,86.63517300000007,0.0
2019-09-07 10:00:00+00:00,795.4053701,733.4102833,70.17657658,62.010450799999944,0.0
2019-09-07 11:00:00+00:00,780.5659687,717.0446014,67.13036308,63.60143870000002,0.0
2019-09-07 12:00:00+00:00,788.2949728,707.4301198,52.44815417,80.95232679999998,0.0
2019-09-07 13:00:00+00:00,788.3901774,705.2169292,47.44596958,83.1591416,0.0
2019-09-07 14:00:00+00:00,789.7252094,705.2816873,41.70867383,84.36046979999992,0.0
2019-09-07 15:00:00+00:00,786.9935251,712.2545369,25.996028,74.6760822,0.0
2019-09-07 16:00:00+00:00,792.5316824,722.6982321,24.45912983,69.75594920000003,0.0
2019-09-07 17:00:00+00:00,843.9514364,739.9455973,29.01163717,104.01074460000007,0.0
2019-09-07 18:00:00+00:00,839.3769227,724.3499806,39.60537575,114.98610297999994,0.0
2019-09-07 19:00:00+00:00,775.1225892,723.6631521,55.2020775,51.486051770000074,0.0
2019-09-07 20:00:00+00:00,711.4533641,633.173584,67.42914075,78.38612396999997,0.0
2019-09-07 21:00:00+00:00,664.2568767,640.4874826,77.4849085,23.700980279999953,0.0
2019-09-07 22:00:00+00:00,637.0529328,671.9452058,77.82502608,0.0,34.86811304999992
2019-09-07 23:00:00+00:00,601.7497508,656.9456432,70.24534158,0.0,55.220098500000006
2019-09-08 00:00:00+00:00,592.0829418,639.1461131,54.4687685,0.0,46.92487172999995
2019-09-08 01:00:00+00:00,589.9774626,635.1310068,51.70038033,0.0,45.19625560000003
2019-09-08 02:00:00+00:00,598.2056884,630.8500416,43.98792642,0.0,32.6908148
2019-09-08 03:00:00+00:00,606.5006307,626.8225963,38.88271467,0.0,20.28075510000002
2019-09-08 04:00:00+00:00,629.0041452,631.0935973,35.07349683,0.0,2.154019900000037
2019-09-08 05:00:00+00:00,712.419759,633.0379537,41.29699267,79.3310854,0.0
2019-09-08 06:00:00+00:00,767.7924144,629.2231242,41.673502,138.60740540000006,0.0
2019-09-08 07:00:00+00:00,796.4666393,632.9141184,34.60049533,163.50275399999998,0.0
2019-09-08 08:00:00+00:00,796.1032308,660.7277781,48.21238083,135.3197397,0.0
2019-09-08 09:00:00+00:00,793.5770262999999,678.195109,60.53334433,115.45417409999999,0.0
2019-09-08 10:00:00+00:00,803.6688742,688.2391002,68.90033242,115.65583680000003,0.0
2019-09-08 11:00:00+00:00,797.0460255,722.472468,68.28396558,74.62708530000009,0.0
2019-09-08 12:00:00+00:00,789.6865488,802.331731,77.48032758,0.0,12.54147949999998
2019-09-08 13:00:00+00:00,780.4816996,816.136261,81.41844567,0.0,35.64389940000001
2019-09-08 14:00:00+00:00,810.2657623,801.5762381,76.36882708,8.88067529999995,0.0
2019-09-08 15:00:00+00:00,799.2420706,721.2880198,66.1252395,78.02545319999996,0.0
2019-09-08 16:00:00+00:00,818.6011658,776.6646118,77.94311267,41.93736480000007,0.0
2019-09-08 17:00:00+00:00,870.0085297,830.1527913,80.30367608,39.838068319999934,0.0
2019-09-08 18:00:00+00:00,854.8722025,837.7716471,99.93347933,17.03952479999998,0.0
2019-09-08 19:00:00+00:00,773.9966889,800.0758464,114.6497307,0.0,26.121362299999987
2019-09-08 20:00:00+00:00,700.9188691,732.8072866,109.216491,0.0,31.864769799999976
2019-09-08 21:00:00+00:00,653.4936321,724.7848816,113.978735,0.0,71.26759290000001
2019-09-08 22:00:00+00:00,620.0439301,708.5567373,116.196371,0.0,88.50023429999993
2019-09-08 23:00:00+00:00,620.3915508,699.7077892,97.98232592,0.0,79.25561000000005
2019-09-09 00:00:00+00:00,594.4941051,680.8748933,98.88537917,0.0,86.38640640000006
2019-09-09 01:00:00+00:00,616.1957194,703.8656668,109.2590884,0.0,87.68700769999998
2019-09-09 02:00:00+00:00,647.369639,687.6156668,97.65152408,0.0,40.26110085000005
2019-09-09 03:00:00+00:00,745.1679332,732.1765289,95.36218067,12.982203899999945,0.0
2019-09-09 04:00:00+00:00,858.9415639,845.2261405,79.67049725,13.731221900000037,0.0
2019-09-09 05:00:00+00:00,963.1642,897.1327312,76.99567983,66.10013697,0.0
2019-09-09 06:00:00+00:00,1008.208003,901.1180064,74.92774325,106.95758190000004,0.0
2019-09-09 07:00:00+00:00,1008.219559,904.2650503,74.097894,103.98646539999999,0.0
2019-09-09 08:00:00+00:00,1000.696742,892.481603,62.57940325,108.2315719,0.0
2019-09-09 09:00:00+00:00,973.5879109,872.3871255,42.82273292,101.27200719999999,0.0
2019-09-09 10:00:00+00:00,993.8125203,865.3671316,39.58641083,128.50196069999998,0.0
2019-09-09 11:00:00+00:00,987.9392701,866.5145519,35.22242425,121.42516800000004,0.0
2019-09-09 12:00:00+00:00,998.8837638,863.9695741,26.02952892,134.9594427,0.0
2019-09-09 13:00:00+00:00,977.0199584,869.6902567,21.19974142,107.32348610000003,0.0
2019-09-09 14:00:00+00:00,944.7915752,847.1672057,17.55272333,97.61056269999995,0.0
2019-09-09 15:00:00+00:00,933.5158743,841.3386943,16.61377608,92.22094700000002,0.0
2019-09-09 16:00:00+00:00,922.3239798,841.9516501,17.00322325,80.36484669999999,0.0
2019-09-09 17:00:00+00:00,957.0583598,849.9459329,27.75249667,107.12636866999995,0.0
2019-09-09 18:00:00+00:00,932.561254,868.8943533,45.98933517,63.61401412999999,0.0
2019-09-09 19:00:00+00:00,850.2825773,821.8943738,67.72802508,28.461153129999957,0.0
2019-09-09 20:00:00+00:00,756.6196035,730.7800038,83.63885925,25.84060584999986,0.0
2019-09-09 21:00:00+00:00,700.0075073,743.127589,98.27658075,0.0,43.133904500000085
2019-09-09 22:00:00+00:00,667.1702068,761.6666463,105.380885,0.0,94.53852992000009
2019-09-09 23:00:00+00:00,651.7975261,767.6487478,120.7246425,0.0,115.80332190000001
2019-09-10 00:00:00+00:00,622.2297057,761.8438364,127.7095534,0.0,139.68308610000003
2019-09-10 01:00:00+00:00,633.7263894,767.2227579,125.5298728,0.0,133.5090154
2019-09-10 02:00:00+00:00,658.069636,765.639028,126.341821,0.0,107.53352770000004
2019-09-10 03:00:00+00:00,752.8183593,780.5598348,126.1613115,0.0,27.624933899999974
2019-09-10 04:00:00+00:00,851.3011168,860.2331493,115.3248437,0.0,8.955366519999984
2019-09-10 05:00:00+00:00,945.792099,912.7525178,101.2974008,33.07438535000006,0.0
2019-09-10 06:00:00+00:00,978.5500438,891.3177338,69.30078567,87.35715247000002,0.0
2019-09-10 07:00:00+00:00,972.1756438,878.6216381,52.04070817,93.77586323,0.0
2019-09-10 08:00:00+00:00,964.726878,887.2492931,61.89320083,77.52860565000003,0.0
2019-09-10 09:00:00+00:00,950.4694366,893.4608664,74.44600692,56.916809099999995,0.0
2019-09-10 10:00:00+00:00,975.1965229,901.0000916,96.33112325,74.3858716,0.0
2019-09-10 11:00:00+00:00,967.5398813,913.8722076,106.657011,53.66754759999998,0.0
2019-09-10 12:00:00+00:00,971.6180369,882.9189351,106.5452982,88.65569909999999,0.0
2019-09-10 13:00:00+00:00,948.1584371,861.418218,113.7610378,86.76617122999994,0.0
2019-09-10 14:00:00+00:00,927.0131379,841.0857188,83.49893633,86.01804899999996,0.0
2019-09-10 15:00:00+00:00,917.6303406,879.5165455,71.50669733,38.117523599999984,0.0
2019-09-10 16:00:00+00:00,901.1995696,862.4406382,79.24457483,38.74573859999995,0.0
2019-09-10 17:00:00+00:00,946.2109172,875.3954061,88.66388133,70.82652075000004,0.0
2019-09-10 18:00:00+00:00,905.6020355,854.4336243,129.657105,51.33865570000012,0.0
2019-09-10 19:00:00+00:00,813.6593526,741.964925,114.7179083,71.78668715000003,0.0
2019-09-10 20:00:00+00:00,729.1082103,737.9079488,134.1563912,0.0,8.798422449999862
2019-09-10 21:00:00+00:00,665.5172781,728.9420878,122.8881233,0.0,63.40218628299999
2019-09-10 22:00:00+00:00,639.200892,744.6134898,142.0460293,0.0,105.4027086000001
2019-09-10 23:00:00+00:00,611.4617868,738.5838828,147.256495,0.0,127.09329070000001
2019-09-11 00:00:00+00:00,601.0298308,725.6687215,140.0720316,0.0,124.62749349999996
2019-09-11 01:00:00+00:00,605.2241517,727.9611815,136.6055845,0.0,122.49225430000001
2019-09-11 02:00:00+00:00,644.7475028,744.1516012,145.0891851,0.0,99.39317619999997
2019-09-11 03:00:00+00:00,751.7559255,747.8260905,150.7305324,4.248646399999984,0.0
2019-09-11 04:00:00+00:00,845.3467356,780.5037435,172.9161022,64.9310496,0.0
2019-09-11 05:00:00+00:00,935.139221,812.7951913,179.794871,122.39959788000002,0.0
2019-09-11 06:00:00+00:00,980.9802907,943.1021423,187.1966719,37.89029640000001,0.0
2019-09-11 07:00:00+00:00,993.1138204,814.7096201,205.0290439,178.41776690000006,0.0
2019-09-11 08:00:00+00:00,987.0961407,814.3999532,221.017376,172.68977710000001,0.0
2019-09-11 09:00:00+00:00,978.2491658,826.5055237,234.0386647,151.72733129999995,0.0
2019-09-11 10:00:00+00:00,1009.517716,848.1475272,236.7920037,161.45517590000003,0.0
2019-09-11 11:00:00+00:00,1005.404958,825.0539094,231.0431747,180.43241820000003,0.0
2019-09-11 12:00:00+00:00,1005.842484,802.1280924,228.616946,203.69164089999992,0.0
2019-09-11 13:00:00+00:00,991.2997487,833.6343638,217.7078756,157.77751079999996,0.0
2019-09-11 14:00:00+00:00,963.4657491,850.1181388,221.2706655,113.333768383,0.0
2019-09-11 15:00:00+00:00,947.5444998,834.9647268,214.4618503,112.57918890000002,0.0
2019-09-11 16:00:00+00:00,932.8198446,859.5573426,223.5462724,73.47065789999999,0.0
2019-09-11 17:00:00+00:00,954.8752493,851.2659403,202.9663225,103.89792052999996,0.0
2019-09-11 18:00:00+00:00,927.3978831,821.0390828,202.0084736,106.54807259999995,0.0
2019-09-11 19:00:00+00:00,845.6594035,766.0690664,192.3877463,79.7519522,0.0
2019-09-11 20:00:00+00:00,732.9613545,776.7521058,203.3575782,0.0,43.817611199999874
2019-09-11 21:00:00+00:00,673.8559876,783.0452576,209.9792735,0.0,109.156632
2019-09-11 22:00:00+00:00,648.9759827,773.1902263,203.1259017,0.0,124.20470219999999
2019-09-11 23:00:00+00:00,628.6051483,739.0125426,183.8380445,0.0,110.32740612999999
2019-09-12 00:00:00+00:00,618.9229635,744.7647093,181.4396553,0.0,125.87159150000002
2019-09-12 01:00:00+00:00,620.8821259,742.9880421,182.678552,0.0,122.02731557999999
2019-09-12 02:00:00+00:00,652.9297587,749.9347483,184.7738648,0.0,96.95008311999999
2019-09-12 03:00:00+00:00,753.4609222,755.2395018,189.3177883,0.0,1.8102443199999811
2019-09-12 04:00:00+00:00,862.5336761,777.7148998,196.86933,84.74725749999999,0.0
2019-09-12 05:00:00+00:00,955.5346781,805.129593,193.1982779,150.43778262000006,0.0
2019-09-12 06:00:00+00:00,1008.35085,811.5167947,197.8435848,196.86192039999997,0.0
2019-09-12 07:00:00+00:00,1014.36142,836.2136943,209.3502019,178.15455460000004,0.0
2019-09-12 08:00:00+00:00,1012.057897,866.5416259,221.4337019,145.5496364,0.0
2019-09-12 09:00:00+00:00,1004.04599,866.4074555,216.6594937,137.6062043,0.0
2019-09-12 10:00:00+00:00,1018.383764,861.6557211,211.1696014,156.7105403,0.0
2019-09-12 11:00:00+00:00,985.6530814,868.2802531,218.9304632,117.43409220000001,0.0
2019-09-12 12:00:00+00:00,983.4571128,847.1342926,227.8159995,136.3562508,0.0
2019-09-12 13:00:00+00:00,961.5735068,819.5618744,219.2518018,141.98296825,0.0
2019-09-12 14:00:00+00:00,950.8423614,834.4766795,210.3543523,116.33841489999998,0.0
2019-09-12 15:00:00+00:00,939.0570729,804.8565572,193.7954446,134.32270240000003,0.0
2019-09-12 16:00:00+00:00,919.8907013,773.2094319,167.9363633,146.69442949999996,0.0
2019-09-12 17:00:00+00:00,962.8485007,784.1776885,162.4185282,178.66169287000002,0.0
2019-09-12 18:00:00+00:00,935.0146992,770.1357014,163.5739111,164.94265419999988,0.0
2019-09-12 19:00:00+00:00,848.6494293,736.6840972,171.0460016,111.9632153,0.0
2019-09-12 20:00:00+00:00,748.1176606,722.4598847,165.3420272,25.740957000000094,0.0
2019-09-12 21:00:00+00:00,691.210012,715.5526938,159.7766609,0.0,24.401493000000073
2019-09-12 22:00:00+00:00,676.310618,608.964859,183.5742073,67.30839520000006,0.0
2019-09-12 23:00:00+00:00,648.7797446,547.8060913,167.2538643,100.95362467999996,0.0
2019-09-13 00:00:00+00:00,641.9257253,532.2968903,153.5919813,109.59396189999995,0.0
2019-09-13 01:00:00+00:00,648.0872804,535.9709728,156.6207708,112.28370059999997,0.0
2019-09-13 02:00:00+00:00,678.3170421,538.4814859,156.3199959,139.87845103,0.0
2019-09-13 03:00:00+00:00,781.0901488,559.2871653,158.6143785,221.77993086999993,0.0
2019-09-13 04:00:00+00:00,887.5087687,580.1187844,143.8275285,307.4268078,0.0
2019-09-13 05:00:00+00:00,1009.859411,568.3086395,104.9796288,441.64072213,0.0
2019-09-13 06:00:00+00:00,1063.076213,571.0794881,104.4156182,491.9791026500001,0.0
2019-09-13 07:00:00+00:00,1058.357971,571.0081939,104.5084686,487.4017096,0.0
2019-09-13 08:00:00+00:00,1039.388672,574.7044373,101.8380775,464.68628650000005,0.0
2019-09-13 09:00:00+00:00,1038.741811,557.5034078,85.72396733,481.2206872000001,0.0
2019-09-13 10:00:00+00:00,1064.450419,570.57872,98.74475217,494.13729159999997,0.0
2019-09-13 11:00:00+00:00,1050.936249,570.8836263,101.5756956,479.97805159999996,0.0
2019-09-13 12:00:00+00:00,1047.312337,564.068222,98.44496417,483.50456221999997,0.0
2019-09-13 13:00:00+00:00,1006.823461,545.1435241,77.53792575,461.5925845,0.0
2019-09-13 14:00:00+00:00,978.3681233,531.6808778,66.85559917,446.6639643,0.0
2019-09-13 15:00:00+00:00,962.6668599,570.0711976,119.8824018,392.69400690000003,0.0
2019-09-13 16:00:00+00:00,951.0404459,523.9213817,111.8263543,427.13777969999995,0.0
2019-09-13 17:00:00+00:00,969.6608681,551.0787303,164.6229668,418.55303820000006,0.0
2019-09-13 18:00:00+00:00,931.9044953,586.5251517,173.1101737,345.4589142,0.0
2019-09-13 19:00:00+00:00,850.7786052,526.4484254,184.6071206,324.40596221999994,0.0
2019-09-13 20:00:00+00:00,771.4503936,469.2774735,185.6417465,302.00464890000006,0.0
2019-09-13 21:00:00+00:00,713.6236471,462.4971568,189.2216378,251.27204938,0.0
2019-09-13 22:00:00+00:00,671.4423981,452.8930536,187.1569379,218.59499135000004,0.0
2019-09-13 23:00:00+00:00,644.4351703,448.3952178,180.2584852,196.01742162,0.0
2019-09-14 00:00:00+00:00,631.1319682,423.2482324,157.1178029,207.89804220000002,0.0
2019-09-14 01:00:00+00:00,629.1227317,377.1715164,114.9250636,251.9360656,0.0
2019-09-14 02:00:00+00:00,639.6383058,369.6848348,102.1499018,269.9071284,0.0
2019-09-14 03:00:00+00:00,668.475464,412.9198838,105.9354725,255.65278310000008,0.0
2019-09-14 04:00:00+00:00,700.3019258,437.0593643,116.9254328,263.45214889999994,0.0
2019-09-14 05:00:00+00:00,774.2514037,452.2145819,124.9918384,321.9729541,0.0
2019-09-14 06:00:00+00:00,829.2975769,458.5904565,105.8612398,370.7439435,0.0
2019-09-14 07:00:00+00:00,839.791692,522.9029998,122.8638377,316.86815733000003,0.0
2019-09-14 08:00:00+00:00,831.6072794,553.9948679,150.2158203,277.65816730000006,0.0
2019-09-14 09:00:00+00:00,828.6420186,606.8740082,187.4810613,221.70710695000002,0.0
2019-09-14 10:00:00+00:00,829.4838103,624.9599711,219.8803673,204.52647763000004,0.0
2019-09-14 11:00:00+00:00,823.1989033,627.2716063,231.4827843,196.03570034999996,0.0
2019-09-14 12:00:00+00:00,824.2524008,618.5643057,223.7441698,205.70928963300003,0.0
2019-09-14 13:00:00+00:00,820.1242117,618.6915537,216.6554018,201.53060088000007,0.0
2019-09-14 14:00:00+00:00,828.3295389,609.0681203,206.8530821,219.117942383,0.0
2019-09-14 15:00:00+00:00,836.5595703,599.2728832,194.4731292,237.25921918000006,0.0
2019-09-14 16:00:00+00:00,852.4126535,561.4344432,160.5696298,291.0441085,0.0
2019-09-14 17:00:00+00:00,899.4272308,543.9195557,121.3141599,355.57162500000004,0.0
2019-09-14 18:00:00+00:00,868.1947276,543.2695464,103.6238613,324.95811421999986,0.0
2019-09-14 19:00:00+00:00,802.5628458,478.5384418,61.98103308,324.06152879999996,0.0
2019-09-14 20:00:00+00:00,735.9659322,382.3235753,66.29905133,353.7752210999999,0.0
2019-09-14 21:00:00+00:00,685.5856477,357.1229833,68.47465608,328.51989519999995,0.0
2019-09-14 22:00:00+00:00,656.1502126,359.0442657,66.85236217,297.27069650000004,0.0
2019-09-14 23:00:00+00:00,628.7283783,353.6074753,70.56512142,275.1764525,0.0
2019-09-15 00:00:00+00:00,617.3654939,365.3518728,90.47622483,251.94625552,0.0
2019-09-15 01:00:00+00:00,615.6465504,378.6606953,102.4592559,236.98001434999998,0.0
2019-09-15 02:00:00+00:00,623.5022734,419.9828211,140.1434396,203.54239180000002,0.0
2019-09-15 03:00:00+00:00,652.7568663,442.0997493,162.0989838,210.7163987,0.0
2019-09-15 04:00:00+00:00,669.4618327,462.4645843,184.620013,206.8667952,0.0
2019-09-15 05:00:00+00:00,748.9356588,483.1347046,197.7043915,265.816508433,0.0
2019-09-15 06:00:00+00:00,826.3970489,496.7695388,209.3635101,329.64327649999996,0.0
2019-09-15 07:00:00+00:00,865.8136547,496.2232157,208.1797483,369.61922198,0.0
2019-09-15 08:00:00+00:00,877.4427743,498.2559688,204.1717211,379.1865613,0.0
2019-09-15 09:00:00+00:00,876.2112122,529.1928101,209.0895857,347.04144770000005,0.0
2019-09-15 10:00:00+00:00,875.3050078,517.2953772,218.2855492,357.83063462000007,0.0
2019-09-15 11:00:00+00:00,866.2292835,518.6902467,227.0962716,347.5704525,0.0
2019-09-15 12:00:00+00:00,857.3517659,517.9627914,228.1017876,339.47394228300004,0.0
2019-09-15 13:00:00+00:00,848.7811024,514.192927,224.2282765,334.42946833,0.0
2019-09-15 14:00:00+00:00,848.5483297,510.4825058,220.7948239,338.07918875,0.0
2019-09-15 15:00:00+00:00,850.4055939,505.8428928,216.1506691,344.56213015000003,0.0
2019-09-15 16:00:00+00:00,870.3005421,503.219747,214.1952883,367.2371761,0.0
2019-09-15 17:00:00+00:00,921.6752321,489.7762121,197.8175176,432.14902857999994,0.0
2019-09-15 18:00:00+00:00,880.1978659,484.5980097,185.9296137,395.62131800000003,0.0
2019-09-15 19:00:00+00:00,807.0332183,504.7932485,194.3480669,301.98082380000005,0.0
2019-09-15 20:00:00+00:00,733.1924539,495.1078693,190.801468,238.2663185,0.0
2019-09-15 21:00:00+00:00,680.3100078,490.7258785,188.9000663,189.51706796999997,0.0
2019-09-15 22:00:00+00:00,652.5622863,489.5248668,188.0399678,162.97221660000002,0.0
2019-09-15 23:00:00+00:00,634.7397867,466.3204954,173.2642656,168.47617022999998,0.0
2019-09-16 00:00:00+00:00,630.3210297,508.6303736,186.2488696,121.63897223000001,0.0
2019-09-16 01:00:00+00:00,640.2565104,521.5361557,173.6129621,118.77102853,0.0
2019-09-16 02:00:00+00:00,672.2538962,517.6261419,159.2794901,154.55867811999997,0.0
2019-09-16 03:00:00+00:00,790.8694508,529.1127167,152.5684599,261.7161123,0.0
2019-09-16 04:00:00+00:00,902.5127309,592.2165834,168.8855795,310.17400829999997,0.0
2019-09-16 05:00:00+00:00,1008.714259,611.0348461,186.9830755,397.69944003,0.0
2019-09-16 06:00:00+00:00,1056.679708,591.6141968,169.6087356,465.20815600000003,0.0
2019-09-16 07:00:00+00:00,1047.166534,637.0365346,184.2035448,410.10479037,0.0
2019-09-16 08:00:00+00:00,1040.90121,674.325943,179.7193667,366.76251168,0.0
2019-09-16 09:00:00+00:00,1014.551783,692.1153768,193.1123722,322.51031061,0.0
2019-09-16 10:00:00+00:00,1024.749537,705.8778331,216.1734683,319.09474875,0.0
2019-09-16 11:00:00+00:00,1011.550105,678.5861409,227.5020206,332.948586687,0.0
2019-09-16 12:00:00+00:00,1029.367142,661.6467795,213.0681253,367.89105029999996,0.0
2019-09-16 13:00:00+00:00,1009.309143,614.4197182,193.5615693,395.06663319999996,0.0
2019-09-16 14:00:00+00:00,982.9540508,672.9833729,180.5040348,309.87650697,0.0
2019-09-16 15:00:00+00:00,979.9555816,617.8161774,166.1226564,362.24482319,0.0
2019-09-16 16:00:00+00:00,983.7404989,608.4049225,134.5005461,375.42287485,0.0
2019-09-16 17:00:00+00:00,1013.133921,590.5053153,143.0027963,422.82813809000004,0.0
2019-09-16 18:00:00+00:00,978.3342844,570.8606518,124.5855528,407.6092890000001,0.0
2019-09-16 19:00:00+00:00,891.3664602,535.7659607,103.041687,355.58400135,0.0
2019-09-16 20:00:00+00:00,791.7819368,510.8503139,84.90238508,280.9945991999999,0.0
2019-09-16 21:00:00+00:00,730.7974346,502.4875896,81.637923,228.3734236,0.0
2019-09-16 22:00:00+00:00,702.5886078,505.9134878,78.18002317,196.69987125000003,0.0
2019-09-16 23:00:00+00:00,692.1039023,482.8078868,57.03894425,209.32046674999998,0.0
2019-09-17 00:00:00+00:00,683.7892405,464.5380273,45.87179875,219.34512207,0.0
2019-09-17 01:00:00+00:00,686.4371948,442.0908432,30.34973908,244.15733657000004,0.0
2019-09-17 02:00:00+00:00,730.9477843,445.7739361,28.83825433,285.17232048,0.0
2019-09-17 03:00:00+00:00,838.8072561,453.541593,30.53476575,385.1987712,0.0
2019-09-17 04:00:00+00:00,951.4185689,520.0923613,39.08033467,431.3254055,0.0
2019-09-17 05:00:00+00:00,1052.574183,539.6351878,34.92814508,512.9656204199999,0.0
2019-09-17 06:00:00+00:00,1085.208791,545.8877921,34.9643705,539.4736372,0.0
2019-09-17 07:00:00+00:00,1057.839824,519.472252,22.0311275,538.3808101,0.0
2019-09-17 08:00:00+00:00,1050.627096,560.9183757,18.51858233,489.70872023000004,0.0
2019-09-17 09:00:00+00:00,1020.375926,575.5357869,20.85037492,444.81661735,0.0
2019-09-17 10:00:00+00:00,1035.043335,569.4588369,18.925291,465.6674590299999,0.0
2019-09-17 11:00:00+00:00,1014.418971,537.7674103,20.41993767,476.72140658,0.0
2019-09-17 12:00:00+00:00,1034.546224,503.6256154,24.81301375,530.9772623,0.0
2019-09-17 13:00:00+00:00,999.0093028,495.9090576,20.52038625,503.01433972,0.0
2019-09-17 14:00:00+00:00,978.047521,491.5363897,16.05845425,486.48594987999996,0.0
2019-09-17 15:00:00+00:00,981.5480854,474.562065,7.889905083,507.07426356,0.0
2019-09-17 16:00:00+00:00,995.0582684,493.0934092,9.14270775,501.90872788,0.0
2019-09-17 17:00:00+00:00,1044.793701,516.4754817,19.08414717,528.35470933,0.0
2019-09-17 18:00:00+00:00,1003.20577,485.4051412,31.51526067,517.8331519200001,0.0
2019-09-17 19:00:00+00:00,903.8650004,469.4889577,37.80704092,434.46365338,0.0
2019-09-17 20:00:00+00:00,802.7433878,468.0513483,46.84524767,334.6937201,0.0
2019-09-17 21:00:00+00:00,756.8491974,469.2289582,38.75222917,287.66234705,0.0
2019-09-17 22:00:00+00:00,730.5446371,473.1604894,30.78110933,257.36975917000007,0.0
2019-09-17 23:00:00+00:00,713.8273875,461.1082535,29.70794592,252.70493388300002,0.0
2019-09-18 00:00:00+00:00,706.2228446,464.518659,31.45040492,241.70090421999998,0.0
2019-09-18 01:00:00+00:00,705.7527518,491.9683074,35.90002342,213.82315583000005,0.0
2019-09-18 02:00:00+00:00,740.2535654,510.3874894,53.6554245,229.65954997,0.0
2019-09-18 03:00:00+00:00,857.2910105,547.7201131,67.34818025,309.55399915,0.0
2019-09-18 04:00:00+00:00,951.731196,573.0816294,68.36745575,378.674525617,0.0
2019-09-18 05:00:00+00:00,1054.415166,581.8901876,74.03051942,472.56803621999995,0.0
2019-09-18 06:00:00+00:00,1094.530589,572.931834,60.27815708,521.76153618,0.0
2019-09-18 07:00:00+00:00,1077.490763,569.0197398,52.28262475,508.51705124999995,0.0
2019-09-18 08:00:00+00:00,1064.912608,570.1345571,62.03889683,494.83139221999994,0.0
2019-09-18 09:00:00+00:00,1043.164337,577.8565419,65.48617492,465.29785100000004,0.0
2019-09-18 10:00:00+00:00,1056.644419,579.6545359,61.66433425,476.99208092000003,0.0
2019-09-18 11:00:00+00:00,1047.670339,565.3666432,54.89061217,482.3104502,0.0
2019-09-18 12:00:00+00:00,1044.734131,536.9650066,65.17092992,507.7643883999999,0.0
2019-09-18 13:00:00+00:00,1001.805847,524.7499948,64.13418733,477.04619389999993,0.0
2019-09-18 14:00:00+00:00,1002.343745,536.6025086,49.302064,465.71720332,0.0
2019-09-18 15:00:00+00:00,1003.57695,546.9205576,47.03995858,456.66341135000005,0.0
2019-09-18 16:00:00+00:00,1018.018255,562.8661499,54.94607,455.03775812,0.0
2019-09-18 17:00:00+00:00,1050.784871,567.1137593,56.91553025,483.59827107,0.0
2019-09-18 18:00:00+00:00,1002.298849,530.5771968,47.16073017,471.72715855,0.0
2019-09-18 19:00:00+00:00,915.1012981,496.4255574,47.21016558,418.61056925,0.0
2019-09-18 20:00:00+00:00,823.5893299,478.1664709,36.76011175,345.4127613,0.0
2019-09-18 21:00:00+00:00,763.3502805,463.223259,38.68780458,300.14003148000006,0.0
2019-09-18 22:00:00+00:00,739.5433145,448.8354339,28.94894858,290.7568655,0.0
2019-09-18 23:00:00+00:00,725.5381163,437.6585388,21.69731392,287.89349459999994,0.0
2019-09-19 00:00:00+00:00,716.9011791,432.1143647,15.11421442,284.76193833,0.0
2019-09-19 01:00:00+00:00,728.6193288,430.803861,14.44779092,297.85960824999995,0.0
2019-09-19 02:00:00+00:00,765.6394704,455.2545903,19.52333575,310.4017511,0.0
2019-09-19 03:00:00+00:00,866.0974222,478.9110337,19.92973542,387.1377936,0.0
2019-09-19 04:00:00+00:00,970.0320893,480.6867601,8.715686333,489.41978937,0.0
2019-09-19 05:00:00+00:00,1066.653351,511.6956303,12.73683967,554.9726015169999,0.0
2019-09-19 06:00:00+00:00,1077.022939,505.1916173,15.079697,571.870506,0.0
2019-09-19 07:00:00+00:00,1054.227214,514.051328,18.23262525,540.17587515,0.0
2019-09-19 08:00:00+00:00,1030.807144,525.3786011,17.98378967,505.42912312,0.0
2019-09-19 09:00:00+00:00,999.3479818,503.2162018,17.00443775,496.10647869999997,0.0
2019-09-19 10:00:00+00:00,1038.140117,509.2917073,16.82791075,528.8644098,0.0
2019-09-19 11:00:00+00:00,1026.639013,530.7665507,19.99856842,495.89834753,0.0
2019-09-19 12:00:00+00:00,1026.435211,492.0846024,25.75810725,534.3252771,0.0
2019-09-19 13:00:00+00:00,1008.825933,487.7635803,26.62518508,521.0366637000001,0.0
2019-09-19 14:00:00+00:00,989.6399079,476.7772268,32.76119792,512.99593395,0.0
2019-09-19 15:00:00+00:00,1000.710495,494.6884182,48.42183492,506.02166316999995,0.0
2019-09-19 16:00:00+00:00,1021.311386,516.7634988,37.27014167,504.61476268,0.0
2019-09-19 17:00:00+00:00,1049.662099,579.1588185,75.00897067,470.581133283,0.0
2019-09-19 18:00:00+00:00,1007.713165,578.3482818,90.87580367,429.52737293000007,0.0
2019-09-19 19:00:00+00:00,924.3479463,534.9095813,105.9159673,389.45623059999997,0.0
2019-09-19 20:00:00+00:00,825.4301095,532.0510458,114.3682683,293.44313630000005,0.0
2019-09-19 21:00:00+00:00,766.314087,538.9785106,120.7130306,227.34925629999992,0.0
2019-09-19 22:00:00+00:00,741.450175,550.5826264,101.2720508,190.83457350000003,0.0
2019-09-19 23:00:00+00:00,724.6959789,519.7832947,82.378187,204.93396439999998,0.0
2019-09-20 00:00:00+00:00,712.4859874,516.2179006,76.8098735,196.33952790000012,0.0
2019-09-20 01:00:00+00:00,720.2929738,506.6220169,65.07259675,213.80162900000005,0.0
2019-09-20 02:00:00+00:00,751.7172393,504.1940052,58.19625658,247.52915759999996,0.0
2019-09-20 03:00:00+00:00,860.3215179,496.889356,44.5491765,363.46351055,0.0
2019-09-20 04:00:00+00:00,966.7034912,538.9158986,44.5983275,427.8168234,0.0
2019-09-20 05:00:00+00:00,1060.773005,534.7776336,33.5266305,525.9249207,0.0
2019-09-20 06:00:00+00:00,1084.110972,534.1255595,29.93694475,550.1117188000001,0.0
2019-09-20 07:00:00+00:00,1063.3738,538.4175212,37.7364365,524.9296697999999,0.0
2019-09-20 08:00:00+00:00,1047.94043,484.4415385,35.99831133,563.5046173000001,0.0
2019-09-20 09:00:00+00:00,1034.200928,541.3064525,52.62457725,492.89877807,0.0
2019-09-20 10:00:00+00:00,1063.329519,546.9033405,46.08230208,516.53279105,0.0
2019-09-20 11:00:00+00:00,1048.305176,555.5406953,46.1875995,492.80262948000006,0.0
2019-09-20 12:00:00+00:00,1034.4782,512.8559368,42.73466308,521.54763665,0.0
2019-09-20 13:00:00+00:00,1039.734538,491.9341964,39.48709067,547.68769123,0.0
2019-09-20 14:00:00+00:00,1014.124273,509.1595229,27.31750067,505.03535141699996,0.0
2019-09-20 15:00:00+00:00,981.9714559,545.3730748,43.529051,436.56917385,0.0
2019-09-20 16:00:00+00:00,995.2514343,556.3334657,56.128046,438.9190675,0.0
2019-09-20 17:00:00+00:00,1019.353795,568.2305043,67.65317217,451.0765787,0.0
2019-09-20 18:00:00+00:00,974.5692494,522.5071486,74.90125108,451.96786626999994,0.0
2019-09-20 19:00:00+00:00,883.3845826,517.0110856,87.76146325,366.20537486999996,0.0
2019-09-20 20:00:00+00:00,805.4368083,477.0250117,60.61200742,328.550201,0.0
2019-09-20 21:00:00+00:00,753.0944977,471.4185995,45.96783483,281.56301268000004,0.0
2019-09-20 22:00:00+00:00,717.6036633,349.2841137,50.04403775,368.4640478,0.0
2019-09-20 23:00:00+00:00,696.7908275,331.9519018,49.39158683,364.7761545000001,0.0
2019-09-21 00:00:00+00:00,676.6660716,345.5629298,62.85233467,331.22577390000004,0.0
2019-09-21 01:00:00+00:00,678.0201062,354.15124,73.15262867,323.92881580000005,0.0
2019-09-21 02:00:00+00:00,691.1361033,360.9834543,76.42308558,330.10999730000003,0.0
2019-09-21 03:00:00+00:00,714.8875936,377.7275975,92.26541267,337.16052360000003,0.0
2019-09-21 04:00:00+00:00,722.4498188,399.9096068,103.0846947,322.5922103,0.0
2019-09-21 05:00:00+00:00,794.5864512,406.612976,113.2191278,387.92046200000004,0.0
2019-09-21 06:00:00+00:00,850.8621418,371.9622168,95.3522955,478.6989525,0.0
2019-09-21 07:00:00+00:00,885.0585734,360.6788813,86.598444,524.4677829,0.0
2019-09-21 08:00:00+00:00,894.7372233,367.4392368,88.14067333,527.3581647999999,0.0
2019-09-21 09:00:00+00:00,884.6902773,388.4790446,94.22858992,496.15359889999996,0.0
2019-09-21 10:00:00+00:00,870.3877868,410.0417888,113.9233689,460.24808509999997,0.0
2019-09-21 11:00:00+00:00,855.3690693,395.9161579,108.4043629,459.5075238,0.0
2019-09-21 12:00:00+00:00,855.1315614,413.2023748,125.9061248,441.86549149999996,0.0
2019-09-21 13:00:00+00:00,852.4516857,440.9058381,152.2486775,411.5128515,0.0
2019-09-21 14:00:00+00:00,859.4710083,468.6606216,140.7497953,390.75867890000006,0.0
2019-09-21 15:00:00+00:00,879.1594188,473.4114837,144.3507819,405.92181999999997,0.0
2019-09-21 16:00:00+00:00,917.4550679,476.7142104,143.8568928,440.8186164,0.0
2019-09-21 17:00:00+00:00,935.4752605,485.3127671,150.3134551,450.16974380000005,0.0
2019-09-21 18:00:00+00:00,889.4407043,485.8024547,155.1655043,403.80112827999994,0.0
2019-09-21 19:00:00+00:00,820.226766,457.2863338,163.4542988,362.73838070000005,0.0
2019-09-21 20:00:00+00:00,755.9423014,463.5982717,175.8544173,292.4228571,0.0
2019-09-21 21:00:00+00:00,705.6237538,436.7713038,148.960383,268.88548612000005,0.0
2019-09-21 22:00:00+00:00,672.5897422,412.9136252,126.1158086,259.66044058299997,0.0
2019-09-21 23:00:00+00:00,651.6162669,392.6513418,110.0145511,259.01010497999994,0.0
2019-09-22 00:00:00+00:00,638.8442026,391.4641978,105.9853713,247.4025596,0.0
2019-09-22 01:00:00+00:00,638.8702698,405.9509201,118.8177458,232.92336512999998,0.0
2019-09-22 02:00:00+00:00,647.9738413,389.1990686,106.2133802,258.69636122,0.0
2019-09-22 03:00:00+00:00,678.1839548,410.0105768,103.8651963,268.17454239999995,0.0
2019-09-22 04:00:00+00:00,694.6243083,410.735672,90.56158958,283.71657959999993,0.0
2019-09-22 05:00:00+00:00,765.7167358,409.4494603,93.07325375,356.2556334,0.0
2019-09-22 06:00:00+00:00,829.9966329,413.1023254,88.04376592,416.9223879,0.0
2019-09-22 07:00:00+00:00,853.0877685,402.712438,79.95535667,450.30723945000005,0.0
2019-09-22 08:00:00+00:00,847.8152973,402.6503168,81.65067733,445.1423637,0.0
2019-09-22 09:00:00+00:00,840.5671897,395.413831,76.50657583,445.18541975000005,0.0
2019-09-22 10:00:00+00:00,825.1656138,395.378273,73.22768208,429.85064941999997,0.0
2019-09-22 11:00:00+00:00,814.4114176,395.3560078,73.32372025,419.08667870000005,0.0
2019-09-22 12:00:00+00:00,812.3096569,382.6626231,73.98288467,429.8619883,0.0
2019-09-22 13:00:00+00:00,823.0282999,374.8842596,73.37283133,448.21183020000007,0.0
2019-09-22 14:00:00+00:00,847.4940847,372.1995823,77.15673017,475.50875959999996,0.0
2019-09-22 15:00:00+00:00,878.7736816,372.0869674,83.4573835,506.93417853000005,0.0
2019-09-22 16:00:00+00:00,930.5282033,382.0985311,89.54524225,548.3739129799999,0.0
2019-09-22 17:00:00+00:00,970.9746757,382.0848872,88.36250433,588.9354267000001,0.0
2019-09-22 18:00:00+00:00,926.5275574,387.4291354,86.52515792,539.0704200999999,0.0
2019-09-22 19:00:00+00:00,845.5015004,369.8469848,76.50524208,475.67682909999996,0.0
2019-09-22 20:00:00+00:00,773.8651173,352.4531098,62.10731767,421.63178308,0.0
2019-09-22 21:00:00+00:00,727.284917,334.8735758,47.521301,392.36580188000005,0.0
2019-09-22 22:00:00+00:00,699.2765046,321.0175424,36.3404185,378.23897972000003,0.0
2019-09-22 23:00:00+00:00,682.4835868,307.1311264,23.06434733,375.34850528,0.0
2019-09-23 00:00:00+00:00,686.2945504,315.7828651,13.83837533,370.5610411,0.0
2019-09-23 01:00:00+00:00,696.879298,338.5152538,11.74135583,358.37455976999996,0.0
2019-09-23 02:00:00+00:00,730.7700859,371.8965354,18.4458985,358.65162989699996,0.0
2019-09-23 03:00:00+00:00,848.6322023,455.3627675,33.0699855,393.38090247,0.0
2019-09-23 04:00:00+00:00,959.1153108,540.8615749,46.23259033,418.30485822,0.0
2019-09-23 05:00:00+00:00,1059.387578,562.9545593,53.0581715,496.2727138,0.0
2019-09-23 06:00:00+00:00,1091.908875,565.980957,50.49366375,525.9937311,0.0
2019-09-23 07:00:00+00:00,1068.35198,570.7432455,53.03591292,497.67069614999997,0.0
2019-09-23 08:00:00+00:00,1056.464966,569.2798462,52.85245958,487.1762794,0.0
2019-09-23 09:00:00+00:00,1040.787069,561.3441365,48.63283975,479.42192795000005,0.0
2019-09-23 10:00:00+00:00,1061.373922,543.5174968,46.01398992,517.8891996,0.0
2019-09-23 11:00:00+00:00,1046.432577,541.326757,41.89903208,505.13912846999995,0.0
2019-09-23 12:00:00+00:00,1042.847036,535.3996226,46.46212575,507.42014568,0.0
2019-09-23 13:00:00+00:00,1030.279704,535.4569904,43.49721542,494.7440692999999,0.0
2019-09-23 14:00:00+00:00,1010.115555,534.1328125,31.80637033,476.0642416,0.0
2019-09-23 15:00:00+00:00,1017.66566,530.9689128,30.41333958,486.71584592999994,0.0
2019-09-23 16:00:00+00:00,1046.233521,529.1627755,34.90625917,517.1688709800001,0.0
2019-09-23 17:00:00+00:00,1062.202637,521.6988067,27.45332025,540.4949888,0.0
2019-09-23 18:00:00+00:00,1015.232895,524.9376577,26.99430267,490.28250199999997,0.0
2019-09-23 19:00:00+00:00,921.2924804,482.8085785,19.7247335,438.4644387999999,0.0
2019-09-23 20:00:00+00:00,830.445226,451.4525553,20.37017842,379.0891438,0.0
2019-09-23 21:00:00+00:00,777.9272461,438.5836716,15.82322317,339.33321775,0.0
2019-09-23 22:00:00+00:00,757.0293274,453.5036188,19.84853808,303.53056080000005,0.0
2019-09-23 23:00:00+00:00,734.8403066,475.4444554,32.34804208,259.37353387999997,0.0
2019-09-24 00:00:00+00:00,727.3740743,471.3596878,23.43483308,256.08786308,0.0
2019-09-24 01:00:00+00:00,733.5628916,484.6307908,19.13498383,248.87425289999993,0.0
2019-09-24 02:00:00+00:00,763.6910451,502.1316502,14.70717992,261.70989012,0.0
2019-09-24 03:00:00+00:00,863.9636485,515.2255096,11.48982792,348.71533142,0.0
2019-09-24 04:00:00+00:00,984.7258198,623.2374496,14.4284955,361.5237861,0.0
2019-09-24 05:00:00+00:00,1073.850189,703.4339803,17.292569,370.56655449999994,0.0
2019-09-24 06:00:00+00:00,1106.104645,806.4107413,17.8552665,299.73271223,0.0
2019-09-24 07:00:00+00:00,1093.088023,752.6747945,21.57185,340.27085526999997,0.0
2019-09-24 08:00:00+00:00,1063.819428,704.782079,20.01817875,359.07628467,0.0
2019-09-24 09:00:00+00:00,1037.784088,705.5613454,22.87245867,332.25405593,0.0
2019-09-24 10:00:00+00:00,1055.438812,704.1928913,23.74210858,351.17959597,0.0
2019-09-24 11:00:00+00:00,1037.357249,685.5323537,25.49190142,351.80623656,0.0
2019-09-24 12:00:00+00:00,1035.444194,622.3524933,21.85866967,413.24185333,0.0
2019-09-24 13:00:00+00:00,1022.416336,609.4651794,15.26342858,412.96867944,0.0
2019-09-24 14:00:00+00:00,1019.558701,608.1361441,13.69489542,411.43633496999996,0.0
2019-09-24 15:00:00+00:00,1013.939224,593.2556508,13.02786708,420.85100785000003,0.0
2019-09-24 16:00:00+00:00,1050.574188,603.5848389,17.492852,446.97479219999997,0.0
2019-09-24 17:00:00+00:00,1061.014903,606.8441826,20.09467675,454.2829982,0.0
2019-09-24 18:00:00+00:00,998.1156158,590.376236,19.53511475,407.68216012000005,0.0
2019-09-24 19:00:00+00:00,907.7110189,534.4554748,19.895879,373.33795317,0.0
2019-09-24 20:00:00+00:00,809.8620503,499.1004945,23.18242192,310.79745773300004,0.0
2019-09-24 21:00:00+00:00,760.4261373,500.0864691,24.78338033,260.5369254,0.0
2019-09-24 22:00:00+00:00,735.3633576,504.3062668,28.6278785,231.04728927,0.0
2019-09-24 23:00:00+00:00,702.9586385,487.2066904,33.10380833,215.83014019999996,0.0
2019-09-25 00:00:00+00:00,698.0745747,491.6137417,36.26605292,206.680958,0.0
2019-09-25 01:00:00+00:00,700.936864,518.7252756,43.11715917,182.1567579,0.0
2019-09-25 02:00:00+00:00,745.5966797,550.043518,42.22612,195.58122697999997,0.0
2019-09-25 03:00:00+00:00,856.6392975,547.4172975,37.70919833,309.3265535,0.0
2019-09-25 04:00:00+00:00,979.6481119,654.7155965,36.80279083,324.93569551999997,0.0
2019-09-25 05:00:00+00:00,1085.075831,683.5955148,39.604511,401.38694521,0.0
2019-09-25 06:00:00+00:00,1142.689697,680.8677318,31.47934525,461.86781455,0.0
2019-09-25 07:00:00+00:00,1125.596008,660.7196402,25.92144242,464.86818168699995,0.0
2019-09-25 08:00:00+00:00,1103.026357,663.6468962,30.29219,439.3801068,0.0
2019-09-25 09:00:00+00:00,1072.253855,748.4033305,29.60209333,323.8113778,0.0
2019-09-25 10:00:00+00:00,1068.949493,732.3311564,24.82705725,336.6589468,0.0
2019-09-25 11:00:00+00:00,1045.621571,717.178056,20.57890109,328.6322465,0.0
2019-09-25 12:00:00+00:00,1121.69041,750.0980682,19.51143967,372.04838303,0.0
2019-09-25 13:00:00+00:00,1117.988642,788.3529918,16.44534442,329.6122081,0.0
2019-09-25 14:00:00+00:00,933.3833417,675.8384959,13.27000245,258.18113250000005,0.0
2019-09-25 15:00:00+00:00,947.8394419,696.0757141,10.93458233,251.77375426999998,0.0
2019-09-25 16:00:00+00:00,991.3312328,697.8896178,9.177760583,293.49724184999997,0.0
2019-09-25 17:00:00+00:00,1004.139537,699.0807749,11.02617258,304.974429997,0.0
2019-09-25 18:00:00+00:00,1020.840749,771.9463909,17.01739325,248.6914387,0.0
2019-09-25 19:00:00+00:00,991.9744873,694.3207549,21.20761575,297.6863203099999,0.0
2019-09-25 20:00:00+00:00,932.6875456,672.1113688,21.05757142,260.53333397999995,0.0
2019-09-25 21:00:00+00:00,849.8363902,637.3652801,20.94887008,212.48980149999988,0.0
2019-09-25 22:00:00+00:00,818.9210865,630.3731588,21.60751792,188.71710699999994,0.0
2019-09-25 23:00:00+00:00,818.2372691,640.7809957,19.47342492,177.57700393000005,0.0
2019-09-26 00:00:00+00:00,814.8985698,643.1700185,13.63099892,171.73736842,0.0
2019-09-26 01:00:00+00:00,824.1797688,644.7266185,13.70731825,179.46818843000005,0.0
2019-09-26 02:00:00+00:00,857.7537436,646.701533,13.5819055,211.01896082000002,0.0
2019-09-26 03:00:00+00:00,1000.930613,683.1208344,10.21980858,317.8208854,0.0
2019-09-26 04:00:00+00:00,1053.367508,768.1642863,11.03917567,285.31650693,0.0
2019-09-26 05:00:00+00:00,1084.902089,762.0530601,12.4151055,322.78638980000005,0.0
2019-09-26 06:00:00+00:00,1101.78064,758.4115093,16.47285067,343.35073692,0.0
2019-09-26 07:00:00+00:00,1062.396617,741.621694,17.17641158,320.83324506,0.0
2019-09-26 08:00:00+00:00,1054.715591,753.2692821,15.80376917,301.50145635,0.0
2019-09-26 09:00:00+00:00,1043.283691,763.2509663,15.6354905,280.21610239999995,0.0
2019-09-26 10:00:00+00:00,1071.263214,751.5262298,16.10251967,319.86244239999996,0.0
2019-09-26 11:00:00+00:00,1043.029887,769.9597576,16.91778733,273.0716553,0.0
2019-09-26 12:00:00+00:00,1028.380788,773.4416198,15.74142042,254.85168703,0.0
2019-09-26 13:00:00+00:00,1010.343109,748.5356395,15.27747458,261.87914462000003,0.0
2019-09-26 14:00:00+00:00,1007.923264,762.8461457,12.13773742,245.00943039999999,0.0
2019-09-26 15:00:00+00:00,1011.986557,764.4447936,9.50539975,247.49062759999998,0.0
2019-09-26 16:00:00+00:00,1037.226211,760.8654378,8.05179375,276.5247101,0.0
2019-09-26 17:00:00+00:00,1059.669057,778.8220113,10.98793383,280.93706610000004,0.0
2019-09-26 18:00:00+00:00,1010.924413,754.2051137,10.36592683,256.79677398,0.0
2019-09-26 19:00:00+00:00,920.4927878,690.9749807,11.58814108,229.46596929999998,0.0
2019-09-26 20:00:00+00:00,832.1647136,575.8298848,10.52109367,256.4735365,0.0
2019-09-26 21:00:00+00:00,779.0585276,573.157074,13.9680615,205.9450858,0.0
2019-09-26 22:00:00+00:00,755.0568695,559.3433075,14.89400442,195.8652217,0.0
2019-09-26 23:00:00+00:00,739.2107342,573.6919555,15.56242283,165.49680591999999,0.0
2019-09-27 00:00:00+00:00,734.0650634,573.295522,17.38530883,160.86041811,0.0
2019-09-27 01:00:00+00:00,736.8045198,567.6305593,19.52529983,169.10116110999996,0.0
2019-09-27 02:00:00+00:00,765.934377,598.8920746,18.267131,167.05499708000002,0.0
2019-09-27 03:00:00+00:00,884.2691548,654.3721873,18.52280292,229.805233,0.0
2019-09-27 04:00:00+00:00,992.4728496,752.7090301,18.3550575,239.90855630000001,0.0
2019-09-27 05:00:00+00:00,1073.923655,776.0999654,23.74219667,297.9115958,0.0
2019-09-27 06:00:00+00:00,1092.729726,780.4381815,26.75254192,312.32436821,0.0
2019-09-27 07:00:00+00:00,1062.614054,775.3255819,26.46671933,287.49977815,0.0
2019-09-27 08:00:00+00:00,1043.974874,775.6264088,24.71038717,268.37807147,0.0
2019-09-27 09:00:00+00:00,1011.333827,774.7109172,25.722096,236.79829696000002,0.0
2019-09-27 10:00:00+00:00,1026.570175,776.4776355,21.46360433,250.07309837,0.0
2019-09-27 11:00:00+00:00,1005.763616,765.1097768,21.45144492,240.74335977,0.0
2019-09-27 12:00:00+00:00,991.0839589,738.7861836,20.69806775,252.2851018,0.0
2019-09-27 13:00:00+00:00,958.9728445,723.1699624,19.34398167,235.87918734000004,0.0
2019-09-27 14:00:00+00:00,958.2799886,751.0909525,16.78090808,207.2515633,0.0
2019-09-27 15:00:00+00:00,959.3895468,765.1046397,13.26781275,194.22898000000004,0.0
2019-09-27 16:00:00+00:00,996.9727681,770.1298625,20.60661,226.85300900000004,0.0
2019-09-27 17:00:00+00:00,999.7977294,741.9429423,29.01772175,257.824166,0.0
2019-09-27 18:00:00+00:00,946.8536378,545.5189057,51.8275915,401.39078846,0.0
2019-09-27 19:00:00+00:00,872.6312103,501.6415813,72.15920075,371.0044266,0.0
2019-09-27 20:00:00+00:00,801.0553487,488.4661968,74.45353383,312.54916149999997,0.0
2019-09-27 21:00:00+00:00,748.1800182,471.1054128,70.85064708,277.1101443,0.0
2019-09-27 22:00:00+00:00,713.0639751,488.8424047,71.527513,224.25274599000002,0.0
2019-09-27 23:00:00+00:00,693.4297586,486.9426549,67.91454317,206.42463822,0.0
2019-09-28 00:00:00+00:00,682.786387,482.4951657,61.95811092,200.29837888,0.0
2019-09-28 01:00:00+00:00,682.2104493,483.7952984,65.103664,198.39163978700003,0.0
2019-09-28 02:00:00+00:00,688.0544688,483.5749587,64.76317017,204.56651692000003,0.0
2019-09-28 03:00:00+00:00,722.1724957,479.9469274,59.8425265,242.163158217,0.0
2019-09-28 04:00:00+00:00,750.2242585,489.90683,67.70648,260.29970675,0.0
2019-09-28 05:00:00+00:00,826.7546692,492.8966166,66.76741858,333.87395237,0.0
2019-09-28 06:00:00+00:00,867.0855357,474.357989,55.80146692,392.89208229999997,0.0
2019-09-28 07:00:00+00:00,883.535909,481.5120519,45.21228783,402.03461680000004,0.0
2019-09-28 08:00:00+00:00,865.0869598,519.9682592,47.92855392,345.14837119999993,0.0
2019-09-28 09:00:00+00:00,848.8929393,544.4169209,51.90322675,304.46571600000004,0.0
2019-09-28 10:00:00+00:00,830.5153452,513.1069056,59.83025542,317.54616450000003,0.0
2019-09-28 11:00:00+00:00,821.3492228,511.6769893,59.85665358,309.7241488,0.0
2019-09-28 12:00:00+00:00,821.013799,498.3093974,55.34996692,322.5596941,0.0
2019-09-28 13:00:00+00:00,842.7120616,513.1040547,54.15609433,329.7006662,0.0
2019-09-28 14:00:00+00:00,844.9098359,513.8496221,54.68437483,331.0959825,0.0
2019-09-28 15:00:00+00:00,866.9428048,544.5067953,63.493259,322.4295279,0.0
2019-09-28 16:00:00+00:00,917.7041573,594.6859538,90.89081817,323.0095064000001,0.0
2019-09-28 17:00:00+00:00,910.5726166,612.2972819,110.3055299,298.2913157,0.0
2019-09-28 18:00:00+00:00,863.0709535,563.8843943,112.6657288,299.10455580000007,0.0
2019-09-28 19:00:00+00:00,784.4267072,530.9686533,112.6250682,253.4297764,0.0
2019-09-28 20:00:00+00:00,733.4691213,548.877838,118.983588,184.56808913,0.0
2019-09-28 21:00:00+00:00,686.6874948,528.8290253,103.3099067,157.83521917999997,0.0
2019-09-28 22:00:00+00:00,661.9839325,508.9545568,90.20541692,153.058443337,0.0
2019-09-28 23:00:00+00:00,640.8673707,490.1858293,74.20376283,150.62833743,0.0
2019-09-29 00:00:00+00:00,630.2348023,488.6151988,77.49446233,141.65913777999998,0.0
2019-09-29 01:00:00+00:00,631.882421,480.9889783,69.1560355,150.9299487,0.0
2019-09-29 02:00:00+00:00,644.3835755,490.3971837,68.13286333,153.99288853000002,0.0
2019-09-29 03:00:00+00:00,670.4781648,487.5764872,66.04742308,182.876095153,0.0
2019-09-29 04:00:00+00:00,696.4890237,496.6184998,71.07135658,199.96156168000002,0.0
2019-09-29 05:00:00+00:00,754.9296773,501.1382674,69.97099875,253.83284655000003,0.0
2019-09-29 06:00:00+00:00,827.8874511,493.2328873,64.2147685,334.69982493000003,0.0
2019-09-29 07:00:00+00:00,867.4319154,512.1485088,60.0521205,355.46867207,0.0
2019-09-29 08:00:00+00:00,868.1960704,520.6236802,60.04448183,347.61465205,0.0
2019-09-29 09:00:00+00:00,859.6035003,552.4354146,66.65197208,307.01802878,0.0
2019-09-29 10:00:00+00:00,851.5598652,538.4854023,65.75347,312.98732881999996,0.0
2019-09-29 11:00:00+00:00,846.3369444,503.2425359,67.75006842,343.05264592,0.0
2019-09-29 12:00:00+00:00,838.4115703,501.2986196,65.69858958,337.11713955000005,0.0
2019-09-29 13:00:00+00:00,847.6080984,495.5193583,57.90556217,351.975996,0.0
2019-09-29 14:00:00+00:00,863.100586,522.1852238,42.355073,341.08267055000005,0.0
2019-09-29 15:00:00+00:00,889.275289,546.7911835,44.71374542,342.45512463,0.0
2019-09-29 16:00:00+00:00,948.6582743,561.527537,59.38987492,387.18858477,0.0
2019-09-29 17:00:00+00:00,940.4901886,574.5481008,69.440382,365.91069088,0.0
2019-09-29 18:00:00+00:00,886.985611,563.5276846,61.26497467,323.4722663,0.0
2019-09-29 19:00:00+00:00,793.8473513,528.6859842,60.77856067,265.19214555,0.0
2019-09-29 20:00:00+00:00,728.0427146,542.3047181,68.05248,185.78772805,0.0
2019-09-29 21:00:00+00:00,675.4354603,551.2767741,66.45012808,124.23810343,0.0
2019-09-29 22:00:00+00:00,645.6641643,549.0686646,66.15588475,96.30946675000001,0.0
2019-09-29 23:00:00+00:00,636.2048136,548.9211274,65.15426125,87.29618027000002,0.0
2019-09-30 00:00:00+00:00,624.4695233,542.8827361,65.79078283,81.66359855,0.0
2019-09-30 01:00:00+00:00,632.3796337,530.4443614,59.24198592,102.03131197,0.0
2019-09-30 02:00:00+00:00,660.6826323,518.0393601,51.6053155,142.61533608000002,0.0
2019-09-30 03:00:00+00:00,790.7238466,577.8776347,40.06338733,212.87759925000003,0.0
2019-09-30 04:00:00+00:00,920.5474651,697.2205098,36.64956017,223.60360269999998,0.0
2019-09-30 05:00:00+00:00,1010.882802,706.1738993,35.93376792,304.652129203,0.0
2019-09-30 06:00:00+00:00,1069.590118,693.4077047,33.88203967,376.20172707,0.0
2019-09-30 07:00:00+00:00,1071.143514,685.0896148,35.38904275,385.87615837,0.0
2019-09-30 08:00:00+00:00,1067.482025,706.7773488,33.24845533,360.72349851999996,0.0
2019-09-30 09:00:00+00:00,1041.041158,700.1556651,25.2617135,340.95650218000003,0.0
2019-09-30 10:00:00+00:00,1057.617472,693.8765869,21.65819842,363.715901217,0.0
2019-09-30 11:00:00+00:00,1038.765645,611.6545817,19.91662667,427.20197045000003,0.0
2019-09-30 12:00:00+00:00,1026.268672,588.7924194,16.94361642,437.4885688,0.0
2019-09-30 13:00:00+00:00,998.4573618,591.2565409,15.63773575,407.20254717,0.0
2019-09-30 14:00:00+00:00,978.349762,582.4218443,11.01707958,395.90169237,0.0
2019-09-30 15:00:00+00:00,984.5324351,580.956782,14.41360933,403.62304801999994,0.0
2019-09-30 16:00:00+00:00,1029.31311,610.1741739,19.78530417,419.243964463,0.0
2019-09-30 17:00:00+00:00,1016.960795,625.3526053,27.9610325,391.5778169,0.0
2019-09-30 18:00:00+00:00,958.7073517,586.3473157,26.9125065,372.24059835,0.0
2019-09-30 19:00:00+00:00,872.6121725,527.2544605,27.740013,345.36427960000003,0.0
2019-09-30 20:00:00+00:00,766.4221852,521.6125844,30.22619933,244.87918688300002,0.0
2019-09-30 21:00:00+00:00,721.2850951,538.4029033,47.77139283,182.95788528,0.0
2019-09-30 22:00:00+00:00,694.3858693,549.8134563,64.38759658,144.46709454999998,0.0
2019-09-30 23:00:00+00:00,676.7805329,562.8481498,80.80505942,114.03284089999998,0.0
2019-10-01 00:00:00+00:00,666.6831613,598.44605,116.5374514,68.20744858000002,0.0
2019-10-01 01:00:00+00:00,671.6065623,647.9943542,165.4550767,23.566719916999986,0.0
2019-10-01 02:00:00+00:00,700.2663879,667.105484,183.2423541,33.09950497000001,0.0
2019-10-01 03:00:00+00:00,821.8600515,678.8843487,191.3474628,143.10880251999998,0.0
2019-10-01 04:00:00+00:00,940.3849082,746.8823498,215.6263453,193.56235883000002,0.0
2019-10-01 05:00:00+00:00,1029.182561,796.5937398,229.0211398,232.68926450000004,0.0
2019-10-01 06:00:00+00:00,1061.384817,789.1020408,232.4241104,272.2771437,0.0
2019-10-01 07:00:00+00:00,1043.840688,795.374054,255.1222751,248.56955399999998,0.0
2019-10-01 08:00:00+00:00,1032.795125,814.2652994,258.3323186,218.55687980000005,0.0
2019-10-01 09:00:00+00:00,1010.349248,788.5072326,252.2400513,221.69081162000003,0.0
2019-10-01 10:00:00+00:00,1024.825068,787.3933666,242.1623993,237.56144418000005,0.0
2019-10-01 11:00:00+00:00,1017.156616,825.4345703,248.8526892,192.02235489999998,0.0
2019-10-01 12:00:00+00:00,1028.242762,786.1055095,224.6655782,242.28040888000007,0.0
2019-10-01 13:00:00+00:00,1012.942556,790.6447908,216.3442943,222.19374800000003,0.0
2019-10-01 14:00:00+00:00,988.5359345,772.4675548,208.6114757,216.05426572000002,0.0
2019-10-01 15:00:00+00:00,987.9581553,755.041163,198.110414,233.00341079999998,0.0
2019-10-01 16:00:00+00:00,1030.220245,734.8656363,174.8161075,295.2518063,0.0
2019-10-01 17:00:00+00:00,1022.811981,743.851827,181.3001263,279.1409206999999,0.0
2019-10-01 18:00:00+00:00,982.8068694,679.7854107,187.6168022,302.9732379999999,0.0
2019-10-01 19:00:00+00:00,903.0408835,614.5448149,152.5315906,288.5732083,0.0
2019-10-01 20:00:00+00:00,810.5653738,622.4088238,156.6264063,188.14235810000002,0.0
2019-10-01 21:00:00+00:00,759.7158965,623.0623728,154.2324268,136.54823629999999,0.0
2019-10-01 22:00:00+00:00,717.2268372,580.7920481,165.4325244,136.44148285,0.0
2019-10-01 23:00:00+00:00,700.8980764,546.7552187,140.643542,154.24805913,0.0
2019-10-02 00:00:00+00:00,690.4896749,578.3286488,169.2199873,112.16111773,0.0
2019-10-02 01:00:00+00:00,691.7717795,592.1256714,186.6356737,99.66068430000001,0.0
2019-10-02 02:00:00+00:00,723.8398896,599.0843759,190.9835982,124.76296640000004,0.0
2019-10-02 03:00:00+00:00,844.5993043,615.3271943,204.3430772,229.26746758000002,0.0
2019-10-02 04:00:00+00:00,973.7711283,620.0327811,208.4477475,353.78863050000007,0.0
2019-10-02 05:00:00+00:00,1055.30955,665.8337504,204.7194543,389.48783089999995,0.0
2019-10-02 06:00:00+00:00,1092.557261,675.8046265,198.4045691,416.7463782000001,0.0
2019-10-02 07:00:00+00:00,1081.387838,649.8534647,178.5519957,431.522813,0.0
2019-10-02 08:00:00+00:00,1068.211131,600.2403717,132.4268177,467.9605054,0.0
2019-10-02 09:00:00+00:00,1045.918477,585.3207193,109.5667368,460.5981794,0.0
2019-10-02 10:00:00+00:00,1069.435028,611.7504068,104.0641162,457.7298417,0.0
2019-10-02 11:00:00+00:00,1054.24118,601.6620229,87.19562167,452.5895943,0.0
2019-10-02 12:00:00+00:00,1047.38092,567.0131176,54.70997708,480.35606569999993,0.0
2019-10-02 13:00:00+00:00,1028.684113,548.2391815,33.78444625,480.4501213,0.0
2019-10-02 14:00:00+00:00,1024.651326,530.4234367,20.23594467,494.2310365,0.0
2019-10-02 15:00:00+00:00,1030.98144,521.4651438,13.4035455,509.50577599999997,0.0
2019-10-02 16:00:00+00:00,1070.080434,525.0837351,15.18774083,544.9954478000001,0.0
2019-10-02 17:00:00+00:00,1045.695028,525.3008881,17.45910658,520.4038270000001,0.0
2019-10-02 18:00:00+00:00,978.6750793,471.810735,25.3662825,506.97388400000006,0.0
2019-10-02 19:00:00+00:00,899.7038881,456.2308018,27.6169845,443.47009120000007,0.0
2019-10-02 20:00:00+00:00,814.3874767,464.8367488,34.3914405,349.4943768999999,0.0
2019-10-02 21:00:00+00:00,758.5279441,456.5319646,31.26975617,302.03263589999995,0.0
2019-10-02 22:00:00+00:00,725.6031798,460.6952388,37.305637,264.86799933,0.0
2019-10-02 23:00:00+00:00,704.2639872,456.9083404,39.34094992,247.47495657000002,0.0
2019-10-03 00:00:00+00:00,698.1116231,461.5737635,42.154001,236.51745569999997,0.0
2019-10-03 01:00:00+00:00,704.8636728,459.3403498,39.34059575,245.58682253,0.0
2019-10-03 02:00:00+00:00,742.8552043,460.9686788,35.31471583,281.8926669,0.0
2019-10-03 03:00:00+00:00,861.72465,465.8406143,31.85266625,395.98117513,0.0
2019-10-03 04:00:00+00:00,1002.212423,542.4667383,42.9597245,459.68771498,0.0
2019-10-03 05:00:00+00:00,1080.306051,549.9060721,47.93435667,530.6326050700001,0.0
2019-10-03 06:00:00+00:00,1118.159719,534.7495626,41.2346855,583.46988762,0.0
2019-10-03 07:00:00+00:00,1111.558462,520.2303594,34.44760358,591.2632159699999,0.0
2019-10-03 08:00:00+00:00,1104.238332,530.6711629,29.30736925,573.6165978,0.0
2019-10-03 09:00:00+00:00,1080.098908,529.0176545,29.34780642,551.01731467,0.0
2019-10-03 10:00:00+00:00,1100.42986,510.0950494,23.35604008,590.4602487,0.0
2019-10-03 11:00:00+00:00,1084.74762,513.6669692,19.5894935,571.2808154300001,0.0
2019-10-03 12:00:00+00:00,1074.056854,502.6037827,21.36489458,571.44091452,0.0
2019-10-03 13:00:00+00:00,1053.688192,521.1086757,22.82082958,532.52773688,0.0
2019-10-03 14:00:00+00:00,1037.276967,528.823934,24.32211392,508.57797325,0.0
2019-10-03 15:00:00+00:00,1043.532776,530.222112,35.60032075,513.52742842,0.0
2019-10-03 16:00:00+00:00,1090.745199,566.4558106,70.64950775,524.3035809999999,0.0
2019-10-03 17:00:00+00:00,1069.338654,578.5291698,70.57040708,490.66424735000004,0.0
2019-10-03 18:00:00+00:00,1024.064392,587.4706979,85.63260858,436.63250730000004,0.0
2019-10-03 19:00:00+00:00,939.7051187,531.7807873,95.22690783,407.96932760000004,0.0
2019-10-03 20:00:00+00:00,845.28066,514.0876769,92.80362583,331.1593649,0.0
2019-10-03 21:00:00+00:00,782.7496897,515.8802083,94.23116567,266.9695920000001,0.0
2019-10-03 22:00:00+00:00,756.8738098,523.4560904,87.74645533,233.46462200000008,0.0
2019-10-03 23:00:00+00:00,735.7400768,512.8570202,85.12887133,222.85039339999997,0.0
2019-10-04 00:00:00+00:00,728.0370128,499.1718267,85.21949183,228.81588719999996,0.0
2019-10-04 01:00:00+00:00,732.6906635,498.9559554,84.85598108,233.7848869000001,0.0
2019-10-04 02:00:00+00:00,769.9048818,521.1895676,86.85875708,248.71339990000007,0.0
2019-10-04 03:00:00+00:00,887.209783,539.6389873,83.59793075,347.70445230000007,0.0
2019-10-04 04:00:00+00:00,1019.806183,574.9737652,81.59148717,444.8490745,0.0
2019-10-04 05:00:00+00:00,1106.601288,590.3736572,90.07542292,516.2624940000001,0.0
2019-10-04 06:00:00+00:00,1151.869314,590.6180215,95.31437242,561.1828131000001,0.0
2019-10-04 07:00:00+00:00,1146.880351,582.8324585,86.09953308,563.66770573,0.0
2019-10-04 08:00:00+00:00,1139.86558,572.5044657,78.05507033,567.41299398,0.0
2019-10-04 09:00:00+00:00,1118.295603,543.9356892,64.13164167,574.3235095,0.0
2019-10-04 10:00:00+00:00,1135.899231,549.1135864,58.69261858,586.78767012,0.0
2019-10-04 11:00:00+00:00,1115.191142,554.8990276,53.68445642,560.2819716,0.0
2019-10-04 12:00:00+00:00,1097.681915,561.4323681,57.43619,536.24426305,0.0
2019-10-04 13:00:00+00:00,1068.863281,546.9804737,49.30893367,521.84294538,0.0
2019-10-04 14:00:00+00:00,1057.335897,545.5094248,51.14522992,511.83173225,0.0
2019-10-04 15:00:00+00:00,1063.947001,544.3112946,48.3949,519.644613463,0.0
2019-10-04 16:00:00+00:00,1107.09022,548.4148611,50.47250525,558.667451237,0.0
2019-10-04 17:00:00+00:00,1084.663249,552.9154409,56.17410558,531.7491833099999,0.0
2019-10-04 18:00:00+00:00,1036.403091,447.8696033,49.99768458,588.5307443,0.0
2019-10-04 19:00:00+00:00,960.7492677,394.350975,45.95354542,566.4082495,0.0
2019-10-04 20:00:00+00:00,884.7215882,388.9856288,45.64407575,495.72421518,0.0
2019-10-04 21:00:00+00:00,835.3410339,366.8910293,48.57644975,468.45613769999994,0.0
2019-10-04 22:00:00+00:00,801.9682669,356.0709813,48.387802,445.94652797,0.0
2019-10-04 23:00:00+00:00,781.5110577,339.0932769,52.1593205,442.38277667,0.0
2019-10-05 00:00:00+00:00,769.7807769,320.6795528,38.4957555,449.1165837,0.0
2019-10-05 01:00:00+00:00,767.6783853,323.3048146,45.75639025,444.43362070000006,0.0
2019-10-05 02:00:00+00:00,766.7376408,324.6510442,48.4112235,442.08655759999994,0.0
2019-10-05 03:00:00+00:00,804.2381252,324.63659,40.52036067,479.63340070000004,0.0
2019-10-05 04:00:00+00:00,839.5828857,329.4159648,42.9340868,514.7329049,0.0
2019-10-05 05:00:00+00:00,897.5515593,339.1259817,39.59062525,558.4487175699999,0.0
2019-10-05 06:00:00+00:00,968.9292706,317.6110763,36.04202,651.3311417,0.0
2019-10-05 07:00:00+00:00,963.5326591,316.4586004,29.48984058,646.90318258,0.0
2019-10-05 08:00:00+00:00,946.8374278,321.8020299,29.03873625,624.9925364999999,0.0
2019-10-05 09:00:00+00:00,943.8999176,316.6723049,24.90494067,627.22901707,0.0
2019-10-05 10:00:00+00:00,940.1797485,323.5930507,31.65395067,616.5868250200001,0.0
2019-10-05 11:00:00+00:00,927.6726351,320.5761608,34.54594555,607.0430321599999,0.0
2019-10-05 12:00:00+00:00,921.110967,321.478686,34.14920208,599.6234648330001,0.0
2019-10-05 13:00:00+00:00,921.490153,317.1251883,33.17239667,604.370280383,0.0
2019-10-05 14:00:00+00:00,934.3591919,311.1262385,31.09501017,623.2450226000001,0.0
2019-10-05 15:00:00+00:00,973.5087332,318.2997488,29.63392525,655.18136753,0.0
2019-10-05 16:00:00+00:00,1036.659541,353.4862823,42.67500508,683.1654116,0.0
2019-10-05 17:00:00+00:00,1012.601405,359.9243292,60.60968875,652.6755674,0.0
2019-10-05 18:00:00+00:00,974.5272166,331.3250682,40.9920545,643.2141975,0.0
2019-10-05 19:00:00+00:00,908.2136892,339.2654521,41.05890483,568.9777762499999,0.0
2019-10-05 20:00:00+00:00,844.2653808,345.3567072,39.76953592,498.93831722000004,0.0
2019-10-05 21:00:00+00:00,794.2425739,311.9409383,32.16846242,482.30542571999996,0.0
2019-10-05 22:00:00+00:00,757.9602711,309.6867091,34.40805483,448.26015957,0.0
2019-10-05 23:00:00+00:00,734.7991789,311.7437211,39.11559067,422.9813038699999,0.0
2019-10-06 00:00:00+00:00,725.7888386,307.2496491,35.42349067,418.56000266699994,0.0
2019-10-06 01:00:00+00:00,718.2372487,301.5599925,31.09144733,416.6598818,0.0
2019-10-06 02:00:00+00:00,732.0308788,312.2008591,37.88070192,419.9060223,0.0
2019-10-06 03:00:00+00:00,751.577601,313.9431661,34.851893,437.70689767,0.0
2019-10-06 04:00:00+00:00,797.4003294,320.9805654,35.39410833,476.2858385,0.0
2019-10-06 05:00:00+00:00,855.5083109,311.5991287,33.92995433,543.8534662999999,0.0
2019-10-06 06:00:00+00:00,920.5419108,303.8519694,31.05700225,616.7486774299999,0.0
2019-10-06 07:00:00+00:00,948.8348134,302.7746124,30.779023,646.05014627,0.0
2019-10-06 08:00:00+00:00,946.0692901,301.350085,28.49342283,644.70049692,0.0
2019-10-06 09:00:00+00:00,936.1120605,301.5585887,25.43991875,634.58660615,0.0
2019-10-06 10:00:00+00:00,933.6718038,312.6876323,30.84799125,621.00585575,0.0
2019-10-06 11:00:00+00:00,934.1778462,310.3622715,31.24383183,623.8049978199999,0.0
2019-10-06 12:00:00+00:00,929.9623821,313.9528351,32.61595058,615.99890248,0.0
2019-10-06 13:00:00+00:00,946.7318065,299.9765931,21.38722517,646.781070083,0.0
2019-10-06 14:00:00+00:00,963.8726908,290.8258768,13.16082917,673.0450344699999,0.0
2019-10-06 15:00:00+00:00,1004.257151,306.314326,24.60788592,697.9410674699999,0.0
2019-10-06 16:00:00+00:00,1059.673665,323.8196029,19.16929908,735.85274917,0.0
2019-10-06 17:00:00+00:00,1027.149099,332.6408971,24.03798283,694.5065146999999,0.0
2019-10-06 18:00:00+00:00,973.6280111,331.1566112,28.58514517,642.4570183000001,0.0
2019-10-06 19:00:00+00:00,905.5178222,309.5672404,26.11251967,595.9442137,0.0
2019-10-06 20:00:00+00:00,839.031774,300.0606333,21.27416425,538.9767582500001,0.0
2019-10-06 21:00:00+00:00,790.0581107,294.7865294,15.14963108,495.32841614999995,0.0
2019-10-06 22:00:00+00:00,761.3382009,294.9087092,9.886687083,466.63660517000005,0.0
2019-10-06 23:00:00+00:00,745.0655619,300.8170598,8.69585875,444.24054135000006,0.0
2019-10-07 00:00:00+00:00,740.0389199,326.2842534,14.43201475,413.78172708,0.0
2019-10-07 01:00:00+00:00,744.8058929,341.1640014,11.40424417,403.63292620000004,0.0
2019-10-07 02:00:00+00:00,780.2138824,351.2182491,13.21496483,429.03385615,0.0
2019-10-07 03:00:00+00:00,895.5105133,449.1536967,13.69133758,446.42426757000004,0.0
2019-10-07 04:00:00+00:00,1050.350815,524.2941894,19.83796258,525.95926343,0.0
2019-10-07 05:00:00+00:00,1145.477051,566.003123,11.2179885,579.57139727,0.0
2019-10-07 06:00:00+00:00,1197.067424,560.6818286,9.320601833,636.3735198999999,0.0
2019-10-07 07:00:00+00:00,1182.56249,577.8155773,10.32977992,604.75965708,0.0
2019-10-07 08:00:00+00:00,1158.425608,587.0123902,13.99488033,571.4057366699999,0.0
2019-10-07 09:00:00+00:00,1132.324392,586.1165265,14.36580075,546.27631935,0.0
2019-10-07 10:00:00+00:00,1148.860362,588.1644999,14.17135525,560.6597535,0.0
2019-10-07 11:00:00+00:00,1133.989756,584.9849448,14.533512,549.0168894,0.0
2019-10-07 12:00:00+00:00,1117.538289,594.8739014,26.23795192,522.6701062999999,0.0
2019-10-07 13:00:00+00:00,1085.81252,577.7935587,19.12360483,508.22007859999997,0.0
2019-10-07 14:00:00+00:00,1066.886383,572.0563353,14.5591465,494.83899020000007,0.0
2019-10-07 15:00:00+00:00,1094.044251,567.818761,9.879089583,526.2333518,0.0
2019-10-07 16:00:00+00:00,1142.595957,579.3965302,7.562908,563.1947538999999,0.0
2019-10-07 17:00:00+00:00,1116.909027,573.5867207,7.093541333,543.3479638,0.0
2019-10-07 18:00:00+00:00,1066.894928,571.2184552,5.870557417,495.6730105,0.0
2019-10-07 19:00:00+00:00,980.4901174,563.2188569,6.423358167,417.2730003,0.0
2019-10-07 20:00:00+00:00,888.7300568,527.5974223,6.23888425,361.1429842999999,0.0
2019-10-07 21:00:00+00:00,829.6570183,486.4401857,8.20542025,343.10021960000006,0.0
2019-10-07 22:00:00+00:00,805.4589438,492.6945038,9.91537325,312.781809,0.0
2019-10-07 23:00:00+00:00,790.5330912,493.1489793,10.90304617,297.25819590000003,0.0
2019-10-08 00:00:00+00:00,782.7253468,487.7666576,8.6253045,294.8095440999999,0.0
2019-10-08 01:00:00+00:00,788.2664693,492.5361456,12.5883225,295.74836615,0.0
2019-10-08 02:00:00+00:00,823.7970125,518.3190079,17.78021983,305.588885067,0.0
2019-10-08 03:00:00+00:00,933.3959757,536.8467967,18.84713067,396.53025903,0.0
2019-10-08 04:00:00+00:00,1074.220861,614.1703338,12.14662,460.07553190000004,0.0
2019-10-08 05:00:00+00:00,1159.029114,639.2852835,15.02207433,519.7744081,0.0
2019-10-08 06:00:00+00:00,1197.838755,638.5393015,23.25702683,559.4107032,0.0
2019-10-08 07:00:00+00:00,1192.42511,649.2238109,24.65978475,543.1230893500001,0.0
2019-10-08 08:00:00+00:00,1175.82959,642.7221068,28.00148433,533.1844021300001,0.0
2019-10-08 09:00:00+00:00,1146.22168,651.22996,34.88919575,495.0069427,0.0
2019-10-08 10:00:00+00:00,1155.758169,636.7405699,38.84854767,518.9855258499999,0.0
2019-10-08 11:00:00+00:00,1147.297752,641.7545555,36.36215655,505.53697945,0.0
2019-10-08 12:00:00+00:00,1135.241262,687.0901948,57.49781608,448.1846053,0.0
2019-10-08 13:00:00+00:00,1114.431692,666.1718089,40.38374442,448.3389854,0.0
2019-10-08 14:00:00+00:00,1101.791982,621.2109628,35.38319233,480.581028,0.0
2019-10-08 15:00:00+00:00,1111.207682,632.7272493,36.53682458,478.6250524999999,0.0
2019-10-08 16:00:00+00:00,1139.499105,663.914449,38.4873215,475.62865482999996,0.0
2019-10-08 17:00:00+00:00,1107.086436,650.4612021,36.19624108,456.69802849999996,0.0
2019-10-08 18:00:00+00:00,1050.027624,621.39593,31.39620075,428.72762866,0.0
2019-10-08 19:00:00+00:00,958.0609437,571.6669821,28.53085,386.5315803,0.0
2019-10-08 20:00:00+00:00,863.2153728,566.5618744,22.88639175,296.63301733000003,0.0
2019-10-08 21:00:00+00:00,803.6476085,570.0043995,30.01940583,233.651375333,0.0
2019-10-08 22:00:00+00:00,769.4961853,548.6264241,27.06218217,220.96024072,0.0
2019-10-08 23:00:00+00:00,754.8768106,541.9133504,25.76587225,212.79659071999998,0.0
2019-10-09 00:00:00+00:00,755.5551858,535.5251567,20.44488025,220.02558358,0.0
2019-10-09 01:00:00+00:00,759.5249633,542.8572998,18.742471,216.84701643999998,0.0
2019-10-09 02:00:00+00:00,793.6040497,551.4885356,14.89362667,242.15583467999994,0.0
2019-10-09 03:00:00+00:00,914.2698974,613.5204418,14.387795,300.70413010000004,0.0
2019-10-09 04:00:00+00:00,1055.935649,695.295395,12.36626875,360.6958972,0.0
2019-10-09 05:00:00+00:00,1139.059723,701.8496043,15.07862483,437.24067952,0.0
2019-10-09 06:00:00+00:00,1182.255229,716.5478871,12.7256435,465.77081948,0.0
2019-10-09 07:00:00+00:00,1173.595154,735.7955984,9.212749,437.80667967,0.0
2019-10-09 08:00:00+00:00,1160.06247,737.619344,10.02417442,422.66449352999996,0.0
2019-10-09 09:00:00+00:00,1139.716024,714.7203217,10.43744092,425.01503951999996,0.0
2019-10-09 10:00:00+00:00,1163.776245,711.6251577,9.52087125,452.0554399,0.0
2019-10-09 11:00:00+00:00,1148.899689,724.9547475,15.5948345,424.01208678,0.0
2019-10-09 12:00:00+00:00,1134.701579,712.1705525,15.05762592,422.6022961,0.0
2019-10-09 13:00:00+00:00,1112.433166,691.6244304,12.7215455,420.9214185,0.0
2019-10-09 14:00:00+00:00,1094.036631,657.3464408,13.22529767,436.75399072,0.0
2019-10-09 15:00:00+00:00,1120.965546,678.4438223,8.167952583,442.65475027,0.0
2019-10-09 16:00:00+00:00,1145.545471,711.0871073,5.888453,434.394902067,0.0
2019-10-09 17:00:00+00:00,1106.58375,710.1109669,8.34134825,396.53174055,0.0
2019-10-09 18:00:00+00:00,1052.047409,686.5163983,15.59031775,365.447458117,0.0
2019-10-09 19:00:00+00:00,950.0962372,590.1714579,17.822664,359.8671471,0.0
2019-10-09 20:00:00+00:00,861.0387676,549.0884653,14.56794333,312.01004523299997,0.0
2019-10-09 21:00:00+00:00,800.485311,529.0972799,13.57147075,271.46885928,0.0
2019-10-09 22:00:00+00:00,775.1230825,551.8232422,15.9490785,223.20261055,0.0
2019-10-09 23:00:00+00:00,760.6842906,547.504603,12.83410425,213.16708269999998,0.0
2019-10-10 00:00:00+00:00,751.2043408,549.214747,14.46612958,202.10578814000002,0.0
2019-10-10 01:00:00+00:00,755.6033021,544.2825165,14.03892375,211.25922874,0.0
2019-10-10 02:00:00+00:00,785.3604991,548.3970082,9.996297,236.89192509999998,0.0
2019-10-10 03:00:00+00:00,905.027425,700.6965892,9.202977083,204.24793997,0.0
2019-10-10 04:00:00+00:00,1051.176005,810.0838165,10.48468858,241.17311640000003,0.0
2019-10-10 05:00:00+00:00,1137.386597,794.0507813,10.43462473,343.3554949,0.0
2019-10-10 06:00:00+00:00,1178.315806,810.4471485,9.7117285,367.8515952,0.0
2019-10-10 07:00:00+00:00,1171.806224,829.0821483,7.59738375,342.7497509,0.0
2019-10-10 08:00:00+00:00,1161.840586,828.5828858,7.51639925,333.2941135,0.0
2019-10-10 09:00:00+00:00,1132.378916,830.9144236,7.407071333,301.43962469999997,0.0
2019-10-10 10:00:00+00:00,1154.036194,823.8658956,8.199532083,330.1639762,0.0
2019-10-10 11:00:00+00:00,1139.047913,829.6683961,9.023828833,309.3626466,0.0
2019-10-10 12:00:00+00:00,1131.195079,830.1747843,9.518347083,301.2870732,0.0
2019-10-10 13:00:00+00:00,1096.578847,820.8839061,8.85179375,275.8328649,0.0
2019-10-10 14:00:00+00:00,1073.10375,790.7040355,6.59254725,282.4471409,0.0
2019-10-10 15:00:00+00:00,1087.213023,801.8842978,7.321994,285.3018495,0.0
2019-10-10 16:00:00+00:00,1115.961222,809.6112926,8.043492667,306.45083009999996,0.0
2019-10-10 17:00:00+00:00,1093.010193,797.3632049,10.56789008,295.57216889999995,0.0
2019-10-10 18:00:00+00:00,1032.050664,701.0918376,16.89077617,330.90405848,0.0
2019-10-10 19:00:00+00:00,940.4357452,533.0240072,22.72069308,407.36226980000004,0.0
2019-10-10 20:00:00+00:00,850.5909323,513.5729853,19.59019967,336.91439727,0.0
2019-10-10 21:00:00+00:00,799.958842,534.4825846,24.74575492,265.40371048,0.0
2019-10-10 22:00:00+00:00,761.1405843,533.8733496,41.64735233,227.32415283,0.0
2019-10-10 23:00:00+00:00,753.977773,521.7758128,45.82935617,232.15397739000002,0.0
2019-10-11 00:00:00+00:00,735.3815969,569.4147696,50.54370917,165.9934119,0.0
2019-10-11 01:00:00+00:00,732.7471211,588.4493153,55.04248975,144.33106438000002,0.0
2019-10-11 02:00:00+00:00,770.9237011,581.7261404,61.21684592,189.21961959,0.0
2019-10-11 03:00:00+00:00,888.2338053,654.876053,68.78957567,233.4263878,0.0
2019-10-11 04:00:00+00:00,1026.99733,699.6706137,78.94878825,327.2827712,0.0
2019-10-11 05:00:00+00:00,1104.228048,708.8024901,81.3229135,395.251251,0.0
2019-10-11 06:00:00+00:00,1146.092987,719.4559023,85.15989625,426.63869090000003,0.0
2019-10-11 07:00:00+00:00,1129.302429,716.1180268,79.01867542,413.1762209,0.0
2019-10-11 08:00:00+00:00,1121.237478,725.1853891,84.65392283,396.0476607,0.0
2019-10-11 09:00:00+00:00,1089.363678,734.1166941,104.1873347,355.264956,0.0
2019-10-11 10:00:00+00:00,1087.660024,741.8554586,112.8002027,345.8618775,0.0
2019-10-11 11:00:00+00:00,1068.941894,734.2039643,100.228302,334.74317759999997,0.0
2019-10-11 12:00:00+00:00,1072.59377,738.4904482,91.57756942,334.1453964,0.0
2019-10-11 13:00:00+00:00,1046.930384,738.6729684,94.53477592,308.13143919999993,0.0
2019-10-11 14:00:00+00:00,1028.978719,749.4343568,101.336209,279.5516236,0.0
2019-10-11 15:00:00+00:00,1054.729096,586.1791229,110.2372418,468.494801467,0.0
2019-10-11 16:00:00+00:00,1075.370636,570.7124838,111.8208008,504.70682232,0.0
2019-10-11 17:00:00+00:00,1043.753245,607.4288176,130.1228593,436.29779613,0.0
2019-10-11 18:00:00+00:00,988.9377645,574.8579609,128.237912,414.2020464,0.0
2019-10-11 19:00:00+00:00,894.3456421,539.5622305,128.7099513,354.77494135,0.0
2019-10-11 20:00:00+00:00,818.56662,550.2169698,143.5828503,268.36947424999994,0.0
2019-10-11 21:00:00+00:00,762.5175426,518.2729772,153.0753937,244.21127921999994,0.0
2019-10-11 22:00:00+00:00,733.8263298,508.7670771,159.3461597,224.98202339,0.0
2019-10-11 23:00:00+00:00,719.3981831,511.0281599,163.5515288,208.5222228,0.0
2019-10-12 00:00:00+00:00,707.0446321,508.9636433,162.8305716,198.05950063,0.0
2019-10-12 01:00:00+00:00,717.3162587,481.9378688,133.6216056,235.40194112000003,0.0
2019-10-12 02:00:00+00:00,726.8297068,460.3462907,108.8790893,266.48341972000003,0.0
2019-10-12 03:00:00+00:00,749.6295318,483.193751,142.9610321,266.4131041,0.0
2019-10-12 04:00:00+00:00,801.2290903,539.8371708,193.8360786,261.4274004,0.0
2019-10-12 05:00:00+00:00,853.283188,530.8606619,180.8121604,322.51334770000005,0.0
2019-10-12 06:00:00+00:00,911.0115662,514.0439708,165.8108761,396.9600226000001,0.0
2019-10-12 07:00:00+00:00,927.8070323,526.8265102,177.308253,400.97790499999996,0.0
2019-10-12 08:00:00+00:00,926.9964497,564.6423289,216.8007471,362.3590968,0.0
2019-10-12 09:00:00+00:00,916.8666535,572.423757,226.935852,344.43862980000006,0.0
2019-10-12 10:00:00+00:00,920.0021413,582.037328,230.3294246,337.90631172999997,0.0
2019-10-12 11:00:00+00:00,900.8333893,572.3446961,217.4286003,328.5847016,0.0
2019-10-12 12:00:00+00:00,904.9197693,564.411372,210.3138695,340.4951815,0.0
2019-10-12 13:00:00+00:00,902.8031413,543.9213359,191.4031144,358.86136880000004,0.0
2019-10-12 14:00:00+00:00,906.3503366,530.9711813,178.7431194,375.45003208,0.0
2019-10-12 15:00:00+00:00,942.9702353,522.0809481,167.6958923,420.91768507,0.0
2019-10-12 16:00:00+00:00,979.5530853,505.1288833,134.1279119,474.563478,0.0
2019-10-12 17:00:00+00:00,947.8553721,479.4734828,119.223454,468.33090949999996,0.0
2019-10-12 18:00:00+00:00,906.0319825,471.6967647,110.4620018,434.28653137999993,0.0
2019-10-12 19:00:00+00:00,845.6459909,460.4693375,99.52355133,385.1091324,0.0
2019-10-12 20:00:00+00:00,793.3188071,459.3962886,100.3214131,333.9619996,0.0
2019-10-12 21:00:00+00:00,751.9613698,468.3988368,100.0446231,283.6589074,0.0
2019-10-12 22:00:00+00:00,707.1599222,462.8787104,101.5402329,244.3879655,0.0
2019-10-12 23:00:00+00:00,690.6534273,458.7324219,106.8316313,232.02295189999998,0.0
2019-10-13 00:00:00+00:00,682.061732,496.8667553,123.8049589,185.19497663,0.0
2019-10-13 01:00:00+00:00,694.2109985,511.9535623,141.4947637,182.25219370000002,0.0
2019-10-13 02:00:00+00:00,702.5017448,518.6160253,149.3876128,184.05427319999998,0.0
2019-10-13 03:00:00+00:00,718.1339722,511.256846,153.6945152,206.95626,0.0
2019-10-13 04:00:00+00:00,753.8868713,505.2964273,149.7493768,248.51492700000003,0.0
2019-10-13 05:00:00+00:00,794.3183137,504.5208943,150.4406472,289.8513653,0.0
2019-10-13 06:00:00+00:00,862.3962809,501.2267177,149.2746976,361.3081473,0.0
2019-10-13 07:00:00+00:00,902.9875996,504.8084462,140.6052474,398.18230555,0.0
2019-10-13 08:00:00+00:00,909.8946026,552.6142273,155.049014,357.38688363,0.0
2019-10-13 09:00:00+00:00,900.6703237,526.3622308,174.1973039,374.41750441999994,0.0
2019-10-13 10:00:00+00:00,894.7406208,523.4021174,168.2619807,371.23834705,0.0
2019-10-13 11:00:00+00:00,879.7377676,511.235789,155.494344,368.55041463,0.0
2019-10-13 12:00:00+00:00,873.8494568,535.7010524,155.6905835,338.12335683300006,0.0
2019-10-13 13:00:00+00:00,884.921224,536.9029389,134.8831506,348.0608444199999,0.0
2019-10-13 14:00:00+00:00,905.5302124,479.1258875,106.4029311,426.35446042999996,0.0
2019-10-13 15:00:00+00:00,953.2019654,451.5937857,89.64801592,501.6759715999999,0.0
2019-10-13 16:00:00+00:00,1017.71847,442.7403893,71.99146142,574.9647761,0.0
2019-10-13 17:00:00+00:00,989.5844727,421.8319017,69.84465408,567.7801794,0.0
2019-10-13 18:00:00+00:00,939.4154256,412.7883987,61.6334595,526.5518511170001,0.0
2019-10-13 19:00:00+00:00,871.9743908,403.8088735,49.73415767,468.14935166999993,0.0
2019-10-13 20:00:00+00:00,816.6764983,384.041448,34.16744125,432.62277620000003,0.0
2019-10-13 21:00:00+00:00,766.6501769,375.4590836,25.99165258,391.2223333,0.0
2019-10-13 22:00:00+00:00,718.4406943,348.3048579,17.24094175,370.06059928,0.0
2019-10-13 23:00:00+00:00,701.1346333,334.4901378,14.67050242,366.73255524999996,0.0
2019-10-14 00:00:00+00:00,691.9600524,334.4227269,20.44590742,357.57111527000006,0.0
2019-10-14 01:00:00+00:00,715.4416098,366.6822459,39.74111992,348.72866197999997,0.0
2019-10-14 02:00:00+00:00,741.6437786,380.9402721,51.72684508,360.73794733,0.0
2019-10-14 03:00:00+00:00,867.6497345,450.0536803,65.36960217,417.6004864,0.0
2019-10-14 04:00:00+00:00,1024.960978,549.3254751,85.86884383,475.77398307,0.0
2019-10-14 05:00:00+00:00,1121.482412,565.3116812,79.43756108,556.19834388,0.0
2019-10-14 06:00:00+00:00,1177.525045,563.1300099,73.34634092,614.41552085,0.0
2019-10-14 07:00:00+00:00,1187.458201,587.058314,89.190101,600.3681647,0.0
2019-10-14 08:00:00+00:00,1196.643473,662.8168436,103.5226173,533.78341985,0.0
2019-10-14 09:00:00+00:00,1173.569865,688.5607605,100.7215646,484.9263077,0.0
2019-10-14 10:00:00+00:00,1187.317607,707.6740266,119.7565943,479.61493593,0.0
2019-10-14 11:00:00+00:00,1166.395386,743.3702698,165.8917248,423.18988455,0.0
2019-10-14 12:00:00+00:00,1152.446777,753.1097513,164.6791788,399.31212850000003,0.0
2019-10-14 13:00:00+00:00,1119.401164,742.9051565,139.4329579,376.49974722,0.0
2019-10-14 14:00:00+00:00,1097.860077,742.3069661,141.9716213,355.63595748299997,0.0
2019-10-14 15:00:00+00:00,1127.345479,739.6786906,137.0155041,387.65593414,0.0
2019-10-14 16:00:00+00:00,1128.268616,736.9917093,137.8737557,391.26973857,0.0
2019-10-14 17:00:00+00:00,1089.110586,711.8853403,107.4853319,377.217036033,0.0
2019-10-14 18:00:00+00:00,1020.213633,688.0558625,88.71708292,332.17201137,0.0
2019-10-14 19:00:00+00:00,947.5705109,610.7191416,70.55169783,336.87967919999994,0.0
2019-10-14 20:00:00+00:00,852.1065217,513.8254903,50.18801692,338.27801582,0.0
2019-10-14 21:00:00+00:00,791.2641194,473.397143,31.30092217,317.77676513,0.0
2019-10-14 22:00:00+00:00,764.4207053,464.4034576,24.60065575,300.05209809999997,0.0
2019-10-14 23:00:00+00:00,746.6602884,442.9032134,16.90927142,303.66286230000003,0.0
2019-10-15 00:00:00+00:00,746.4697928,437.0028713,12.11742875,309.44778586,0.0
2019-10-15 01:00:00+00:00,760.0120798,443.8260828,12.48487167,316.19765805,0.0
2019-10-15 02:00:00+00:00,774.7507224,441.9484457,14.92894408,332.84442865,0.0
2019-10-15 03:00:00+00:00,881.4969483,444.1196799,13.14332633,437.411725517,0.0
2019-10-15 04:00:00+00:00,1033.998072,563.5463181,10.856058,470.47836602,0.0
2019-10-15 05:00:00+00:00,1128.02003,630.4960123,14.21369483,497.77506788000005,0.0
2019-10-15 06:00:00+00:00,1153.760874,638.9118958,23.595323,514.95340678,0.0
2019-10-15 07:00:00+00:00,1127.39208,641.4033458,31.80161192,486.00713975,0.0
2019-10-15 08:00:00+00:00,1080.8449,642.1354778,39.19991358,438.77953873,0.0
2019-10-15 09:00:00+00:00,1054.01535,629.9504598,39.62769675,424.01684487,0.0
2019-10-15 10:00:00+00:00,1063.447927,635.1146648,42.7018515,428.31920072,0.0
2019-10-15 11:00:00+00:00,1065.103556,649.359787,36.79499308,415.63943420000004,0.0
2019-10-15 12:00:00+00:00,1067.49173,625.9007264,37.59018158,441.57908272000003,0.0
2019-10-15 13:00:00+00:00,1045.115896,636.0052338,35.75847108,409.22268475,0.0
2019-10-15 14:00:00+00:00,1048.535848,658.98614,37.25341158,389.42631158,0.0
2019-10-15 15:00:00+00:00,1083.001272,675.5157471,50.61998833,407.54129445,0.0
2019-10-15 16:00:00+00:00,1095.696309,706.5972645,82.55858633,389.08706129999996,0.0
2019-10-15 17:00:00+00:00,1051.710938,704.956843,97.88307708,346.72940243,0.0
2019-10-15 18:00:00+00:00,1000.283005,653.9485067,94.50624858,346.43258001000004,0.0
2019-10-15 19:00:00+00:00,923.8703714,662.0619454,101.4794548,261.8967338,0.0
2019-10-15 20:00:00+00:00,826.5797781,578.6196899,111.2127444,247.91664909999994,0.0
2019-10-15 21:00:00+00:00,763.0990295,518.7923789,101.0128284,244.30606385000004,0.0
2019-10-15 22:00:00+00:00,743.4198659,518.835907,95.50869675,224.71636021700002,0.0
2019-10-15 23:00:00+00:00,736.3107604,531.4780985,110.5936922,204.80138598,0.0
2019-10-16 00:00:00+00:00,721.6180523,522.6110383,102.4472383,198.96384303,0.0
2019-10-16 01:00:00+00:00,720.7041828,514.169787,103.3264586,206.54835208999998,0.0
2019-10-16 02:00:00+00:00,759.2934265,519.4748638,99.603934,239.89154667,0.0
2019-10-16 03:00:00+00:00,872.4225973,515.8851269,93.93649292,356.5616984,0.0
2019-10-16 04:00:00+00:00,1026.539846,621.2767742,93.80831633,405.33843833000003,0.0
2019-10-16 05:00:00+00:00,1117.360016,675.0591177,78.11371917,442.4241031,0.0
2019-10-16 06:00:00+00:00,1155.238393,686.0167797,62.09365717,469.17241695,0.0
2019-10-16 07:00:00+00:00,1151.344594,675.5082804,50.31433358,475.80644515,0.0
2019-10-16 08:00:00+00:00,1135.998912,667.4399057,38.48085425,468.67316437,0.0
2019-10-16 09:00:00+00:00,1104.949819,673.4478251,37.11974842,431.53622299999995,0.0
2019-10-16 10:00:00+00:00,1123.915853,658.7752838,29.66999,465.14636853,0.0
2019-10-16 11:00:00+00:00,1104.745331,656.3574523,27.05684483,448.40211851699996,0.0
2019-10-16 12:00:00+00:00,1093.139547,614.4516297,21.61446717,478.72244917,0.0
2019-10-16 13:00:00+00:00,1069.745921,582.3379516,19.51925667,487.44721358,0.0
2019-10-16 14:00:00+00:00,1074.414683,582.6336264,25.229952,491.83768504,0.0
2019-10-16 15:00:00+00:00,1102.580068,619.4410655,37.46824292,483.20762270000006,0.0
2019-10-16 16:00:00+00:00,1117.699351,669.2394816,47.91313458,448.45074339999996,0.0
2019-10-16 17:00:00+00:00,1078.924418,653.1164297,55.57157192,425.88754913,0.0
2019-10-16 18:00:00+00:00,1026.909602,601.0868378,58.58560742,425.8284203799999,0.0
2019-10-16 19:00:00+00:00,952.8285573,534.6565018,55.35614492,418.11882636999997,0.0
2019-10-16 20:00:00+00:00,854.8317566,484.8588713,49.91215733,369.980814467,0.0
2019-10-16 21:00:00+00:00,802.3410238,479.1983186,50.46443975,323.11581337000007,0.0
2019-10-16 22:00:00+00:00,753.2157746,465.0872369,53.14633208,288.00747415,0.0
2019-10-16 23:00:00+00:00,747.8522287,464.190778,46.54045033,283.63591385,0.0
2019-10-17 00:00:00+00:00,743.7156372,474.8282318,44.75890292,268.68247329999997,0.0
2019-10-17 01:00:00+00:00,751.7834574,480.0258459,51.36847842,271.71287963,0.0
2019-10-17 02:00:00+00:00,786.7787169,489.2312343,53.97748633,297.63933470000006,0.0
2019-10-17 03:00:00+00:00,887.9322255,599.0719374,44.55847333,288.87345353,0.0
2019-10-17 04:00:00+00:00,1038.646556,691.2353363,48.14714883,347.43268985000003,0.0
2019-10-17 05:00:00+00:00,1114.659566,737.639201,55.35764383,377.05004987999996,0.0
2019-10-17 06:00:00+00:00,1152.255574,740.0391133,52.87501008,412.32535027999995,0.0
2019-10-17 07:00:00+00:00,1159.991903,720.1183318,51.35057158,439.8439297,0.0
2019-10-17 08:00:00+00:00,1153.070007,723.9360148,44.3309835,429.1411752,0.0
2019-10-17 09:00:00+00:00,1127.016571,722.7675427,45.71879217,404.26333375,0.0
2019-10-17 10:00:00+00:00,1140.088196,707.8153482,38.90216183,432.2708424,0.0
2019-10-17 11:00:00+00:00,1137.286174,728.5181021,26.89481083,408.73824292,0.0
2019-10-17 12:00:00+00:00,1126.915385,732.0821585,21.40702692,394.93449903,0.0
2019-10-17 13:00:00+00:00,1111.199809,728.1311799,21.47682983,383.07788442,0.0
2019-10-17 14:00:00+00:00,1098.455312,719.5611828,17.76959208,378.85012833,0.0
2019-10-17 15:00:00+00:00,1128.794851,705.5035248,15.52148267,423.31383435000004,0.0
2019-10-17 16:00:00+00:00,1118.815989,707.4400228,13.89383958,411.35095048,0.0
2019-10-17 17:00:00+00:00,1079.529856,714.9100443,20.6816375,364.70683177,0.0
2019-10-17 18:00:00+00:00,1013.524445,644.7503917,22.03060192,368.9098215,0.0
2019-10-17 19:00:00+00:00,941.4229991,561.5856475,24.39825775,379.7844798,0.0
2019-10-17 20:00:00+00:00,845.0659842,548.848765,37.61522642,296.3092927,0.0
2019-10-17 21:00:00+00:00,784.6157786,535.1943462,28.09350125,249.43857079999992,0.0
2019-10-17 22:00:00+00:00,758.5683746,525.7552795,18.33100583,232.73772781999995,0.0
2019-10-17 23:00:00+00:00,744.040924,522.8252464,15.34194425,221.24851312999996,0.0
2019-10-18 00:00:00+00:00,737.4171396,515.7294463,9.110487583,221.73337915000002,0.0
2019-10-18 01:00:00+00:00,738.9707592,508.7921398,6.56989,230.21180764999997,0.0
2019-10-18 02:00:00+00:00,770.9363453,530.4533436,5.89196225,240.66049840000005,0.0
2019-10-18 03:00:00+00:00,884.2337647,664.4965923,7.650840417,219.79341420000003,0.0
2019-10-18 04:00:00+00:00,1030.801763,703.114558,7.161399,327.82417195000005,0.0
2019-10-18 05:00:00+00:00,1110.025574,710.6414998,7.61361775,399.52738038,0.0
2019-10-18 06:00:00+00:00,1147.523051,715.4175517,8.51638025,432.26702792000003,0.0
2019-10-18 07:00:00+00:00,1144.436157,717.4006908,11.49634792,427.09478251999997,0.0
2019-10-18 08:00:00+00:00,1132.384145,720.4693805,17.31282258,411.95092911999996,0.0
2019-10-18 09:00:00+00:00,1112.975403,715.2938386,18.56742042,397.68511363,0.0
2019-10-18 10:00:00+00:00,1127.353272,712.8950449,17.48252125,414.63726448,0.0
2019-10-18 11:00:00+00:00,1106.062113,721.2399953,24.80087325,385.17256833,0.0
2019-10-18 12:00:00+00:00,1093.673584,728.2625327,28.27612617,365.4386496,0.0
2019-10-18 13:00:00+00:00,1059.60495,727.7369995,24.42906767,331.84837123,0.0
2019-10-18 14:00:00+00:00,1059.461538,729.2500356,23.66456075,330.30834917000004,0.0
2019-10-18 15:00:00+00:00,1092.686066,726.8059743,25.43907908,365.77385775000005,0.0
2019-10-18 16:00:00+00:00,1083.674825,728.4253794,25.42939275,355.22123626999996,0.0
2019-10-18 17:00:00+00:00,1032.736603,727.8374024,30.79380758,305.01214904999995,0.0
2019-10-18 18:00:00+00:00,972.6768291,670.7991994,29.0536425,301.930254,0.0
2019-10-18 19:00:00+00:00,892.3456829,555.2204131,36.75077308,337.16431737,0.0
2019-10-18 20:00:00+00:00,807.976293,494.3483657,41.18575192,313.62749099999996,0.0
2019-10-18 21:00:00+00:00,753.1134135,471.5075963,42.05071475,281.7468471,0.0
2019-10-18 22:00:00+00:00,723.7739003,465.9699173,40.65013092,257.7576685,0.0
2019-10-18 23:00:00+00:00,700.9655558,458.417689,42.53003292,242.5583739,0.0
2019-10-19 00:00:00+00:00,681.5761668,455.5120672,46.59009475,226.16678029999997,0.0
2019-10-19 01:00:00+00:00,670.4198761,472.6317596,56.82076008,197.71363250000002,0.0
2019-10-19 02:00:00+00:00,690.5951539,529.6727752,58.18370158,161.03272322,0.0
2019-10-19 03:00:00+00:00,729.2811788,536.1998493,59.58845733,192.918301,0.0
2019-10-19 04:00:00+00:00,775.5157012,553.0663046,70.34407933,222.36341739999997,0.0
2019-10-19 05:00:00+00:00,834.468277,571.5332693,91.50585933,262.9553919,0.0
2019-10-19 06:00:00+00:00,906.2015838,632.8748118,127.3578893,273.40948770000006,0.0
2019-10-19 07:00:00+00:00,937.6226858,636.4142101,118.6903846,301.2679599,0.0
2019-10-19 08:00:00+00:00,941.6513367,649.7931467,127.097618,292.1636342999999,0.0
2019-10-19 09:00:00+00:00,931.0205231,629.9586892,117.6200205,301.1016596,0.0
2019-10-19 10:00:00+00:00,917.8596954,617.2282613,104.7964558,300.6744263,0.0
2019-10-19 11:00:00+00:00,902.5495097,617.688095,105.9142748,284.8464264,0.0
2019-10-19 12:00:00+00:00,893.9156038,637.5026041,125.5546048,256.40947099999994,0.0
2019-10-19 13:00:00+00:00,896.9472655,636.5587871,127.5885112,260.37588580000005,0.0
2019-10-19 14:00:00+00:00,911.5072377,612.5677238,104.4549807,299.02856560000004,0.0
2019-10-19 15:00:00+00:00,965.0940958,618.8120729,112.6495712,346.28564897999996,0.0
2019-10-19 16:00:00+00:00,982.5379384,620.4534861,112.6626981,362.26018425000007,0.0
2019-10-19 17:00:00+00:00,949.9966381,609.1470033,103.0645627,340.845504267,0.0
2019-10-19 18:00:00+00:00,900.6566417,628.3470205,117.8791638,272.2768420499999,0.0
2019-10-19 19:00:00+00:00,836.7870432,629.9245808,119.6850319,206.77788973300005,0.0
2019-10-19 20:00:00+00:00,786.2166748,613.4004059,103.3499566,172.82312177,0.0
2019-10-19 21:00:00+00:00,742.9709727,593.1946209,84.21924717,150.01832467000003,0.0
2019-10-19 22:00:00+00:00,712.7091828,584.7711233,74.20402642,127.91000844999996,0.0
2019-10-19 23:00:00+00:00,694.1167043,563.5567627,56.25261375,130.58635004999996,0.0
2019-10-20 00:00:00+00:00,684.7700551,547.1465149,39.95226567,137.5651272,0.0
2019-10-20 01:00:00+00:00,686.3054911,545.7640178,39.76804233,140.58369309999995,0.0
2019-10-20 02:00:00+00:00,694.5542349,540.153844,32.33480383,154.18307022000005,0.0
2019-10-20 03:00:00+00:00,724.0086619,537.8904265,29.01749608,186.1529397,0.0
2019-10-20 04:00:00+00:00,765.3576709,541.5523377,31.78513775,223.83388980000007,0.0
2019-10-20 05:00:00+00:00,808.0189413,541.473765,29.71309758,266.577739,0.0
2019-10-20 06:00:00+00:00,876.7286274,535.6683553,24.40348883,341.09367979999996,0.0
2019-10-20 07:00:00+00:00,908.6808013,533.4990388,22.26511792,375.1944410000001,0.0
2019-10-20 08:00:00+00:00,917.6481424,570.3189545,25.9015915,347.4092901,0.0
2019-10-20 09:00:00+00:00,908.9217936,577.0274048,31.16691283,331.85134167,0.0
2019-10-20 10:00:00+00:00,900.1836448,576.3237813,40.16507,323.9585367,0.0
2019-10-20 11:00:00+00:00,896.2571106,556.0570678,32.46992592,340.30134709999993,0.0
2019-10-20 12:00:00+00:00,898.0203044,550.8877157,31.30834092,347.0106824,0.0
2019-10-20 13:00:00+00:00,911.9986827,544.0617167,33.57879975,367.91897859999995,0.0
2019-10-20 14:00:00+00:00,945.0880993,558.7661133,33.54908442,386.3040082,0.0
2019-10-20 15:00:00+00:00,1008.414999,580.8705088,51.88535083,427.5265904,0.0
2019-10-20 16:00:00+00:00,1010.593506,631.5441998,68.29263742,379.0539126,0.0
2019-10-20 17:00:00+00:00,973.6684773,647.7242176,69.75733633,325.92977553000003,0.0
2019-10-20 18:00:00+00:00,921.6869711,612.3966878,73.95597775,309.3145630800001,0.0
2019-10-20 19:00:00+00:00,852.1528269,572.0947978,55.08295508,280.08626367,0.0
2019-10-20 20:00:00+00:00,792.4025471,596.1984049,72.89899333,196.16477171999998,0.0
2019-10-20 21:00:00+00:00,743.5205333,594.9601542,85.52498675,148.48066323,0.0
2019-10-20 22:00:00+00:00,710.7418772,596.5561523,90.18984675,114.22736060000003,0.0
2019-10-20 23:00:00+00:00,696.862203,603.7542165,100.5183399,93.08140099999997,0.0
2019-10-21 00:00:00+00:00,689.1920421,610.3949179,108.4425559,78.61855141999999,0.0
2019-10-21 01:00:00+00:00,699.2618408,626.9160613,127.2548974,72.39079120000002,0.0
2019-10-21 02:00:00+00:00,728.7738648,635.818517,131.1277581,92.960014,0.0
2019-10-21 03:00:00+00:00,836.0124969,658.5000814,121.7664598,177.5765781,0.0
2019-10-21 04:00:00+00:00,975.5652417,751.2824759,119.2494296,224.23003027,0.0
2019-10-21 05:00:00+00:00,1079.34669,726.1357576,101.0655218,353.10695241999997,0.0
2019-10-21 06:00:00+00:00,1136.187561,709.1574655,74.97567375,427.1076469,0.0
2019-10-21 07:00:00+00:00,1138.504995,711.3530834,65.64211025,426.6131558,0.0
2019-10-21 08:00:00+00:00,1136.27359,702.9586182,59.52934325,433.3780326,0.0
2019-10-21 09:00:00+00:00,1114.346029,692.6558992,53.40243083,421.66698934999994,0.0
2019-10-21 10:00:00+00:00,1132.564829,688.7767487,47.95903625,443.89852329999997,0.0
2019-10-21 11:00:00+00:00,1116.735575,681.691986,38.60116,435.033817,0.0
2019-10-21 12:00:00+00:00,1107.748891,579.2513911,29.62382683,528.53867912,0.0
2019-10-21 13:00:00+00:00,1083.912211,473.7915217,28.64217008,610.41453807,0.0
2019-10-21 14:00:00+00:00,1075.191193,473.6704406,34.32626392,601.5135923,0.0
2019-10-21 15:00:00+00:00,1115.673523,450.1406658,14.30437792,665.5991053299999,0.0
2019-10-21 16:00:00+00:00,1103.748922,445.3811926,11.14638933,658.3648581,0.0
2019-10-21 17:00:00+00:00,1064.510071,438.1784491,8.297632583,626.2522151000001,0.0
2019-10-21 18:00:00+00:00,1013.774577,439.9815497,13.29389275,573.7274759799999,0.0
2019-10-21 19:00:00+00:00,930.4191031,427.1394983,18.50814825,503.2852408,0.0
2019-10-21 20:00:00+00:00,839.323639,449.3426057,20.99162017,389.98229065,0.0
2019-10-21 21:00:00+00:00,782.053716,422.0975543,26.46465917,359.95982713,0.0
2019-10-21 22:00:00+00:00,756.4300131,410.3945185,42.92928658,346.03989149999995,0.0
2019-10-21 23:00:00+00:00,742.2665659,409.7782492,49.85042283,332.5289487,0.0
2019-10-22 00:00:00+00:00,730.6488699,418.6002553,75.06161575,312.03365460000003,0.0
2019-10-22 01:00:00+00:00,732.7080333,419.3167166,81.4422015,313.39976916699993,0.0
2019-10-22 02:00:00+00:00,762.4310607,427.204806,86.42228317,335.26594843,0.0
2019-10-22 03:00:00+00:00,865.2450919,440.1662293,97.20642608,425.0088337829999,0.0
2019-10-22 04:00:00+00:00,1002.070679,528.5629196,97.25603167,473.70119259999996,0.0
2019-10-22 05:00:00+00:00,1082.354757,535.6835428,97.68393392,546.7534090000001,0.0
2019-10-22 06:00:00+00:00,1125.203471,562.6494293,117.8997472,562.5635315999999,0.0
2019-10-22 07:00:00+00:00,1129.725179,539.6141154,110.0074928,590.1150079,0.0
2019-10-22 08:00:00+00:00,1127.235291,520.465294,106.732748,606.7877046,0.0
2019-10-22 09:00:00+00:00,1109.160065,551.4805298,116.5798996,557.6625354,0.0
2019-10-22 10:00:00+00:00,1128.551463,581.0246023,137.8043302,547.5307784,0.0
2019-10-22 11:00:00+00:00,1126.945547,640.4983063,194.0130247,486.41893930000003,0.0
2019-10-22 12:00:00+00:00,1121.630381,662.6153157,213.1258342,459.01389200000006,0.0
2019-10-22 13:00:00+00:00,1085.709381,669.5155894,219.893795,416.18802680000005,0.0
2019-10-22 14:00:00+00:00,1069.455516,627.3780366,205.4638557,442.06338809999994,0.0
2019-10-22 15:00:00+00:00,1106.031698,648.9929098,210.3820623,457.03877570000003,0.0
2019-10-22 16:00:00+00:00,1090.066203,684.8260549,233.8753663,405.23496040000003,0.0
2019-10-22 17:00:00+00:00,1048.559336,677.3352253,243.3515701,371.2126175000001,0.0
2019-10-22 18:00:00+00:00,997.2550658,602.614207,224.8743846,394.6287172,0.0
2019-10-22 19:00:00+00:00,927.3424529,569.0105032,217.1233037,358.3125101999999,0.0
2019-10-22 20:00:00+00:00,835.3557841,555.1082865,209.1705934,280.2004049,0.0
2019-10-22 21:00:00+00:00,764.7529399,551.7881878,210.535735,212.9715809,0.0
2019-10-22 22:00:00+00:00,732.4540049,546.0805663,207.156714,186.2909763,0.0
2019-10-22 23:00:00+00:00,723.6215514,538.6363832,201.4250934,184.98032569999998,0.0
2019-10-23 00:00:00+00:00,722.7309622,528.6581828,194.128587,193.90478739999998,0.0
2019-10-23 01:00:00+00:00,729.7304586,509.7787068,176.9630967,220.0280446,0.0
2019-10-23 02:00:00+00:00,748.1150869,493.5115763,159.3191071,254.5413838,0.0
2019-10-23 03:00:00+00:00,851.7807058,483.6639887,149.099514,368.19242352,0.0
2019-10-23 04:00:00+00:00,986.1072084,519.8305485,128.4712938,466.26900743,0.0
2019-10-23 05:00:00+00:00,1086.889201,538.2828953,113.205668,548.62723203,0.0
2019-10-23 06:00:00+00:00,1126.804128,530.3337554,96.15536958,596.49314142,0.0
2019-10-23 07:00:00+00:00,1128.122691,494.388616,82.63301333,633.6576769000001,0.0
2019-10-23 08:00:00+00:00,1122.23292,510.1213658,81.58922875,612.10179838,0.0
2019-10-23 09:00:00+00:00,1099.038269,494.01017,69.75118558,604.9909966700001,0.0
2019-10-23 10:00:00+00:00,1120.066305,505.7194009,82.07333183,614.45136972,0.0
2019-10-23 11:00:00+00:00,1088.517834,482.6367658,67.22485727,605.1753508999999,0.0
2019-10-23 12:00:00+00:00,1094.483907,480.9572219,61.72223133,613.57840565,0.0
2019-10-23 13:00:00+00:00,1065.917247,503.6125921,76.74689408,562.3104068,0.0
2019-10-23 14:00:00+00:00,1033.299093,460.4791996,58.59363417,572.8225378,0.0
2019-10-23 15:00:00+00:00,1088.766103,482.5501633,55.240209,606.1942279699999,0.0
2019-10-23 16:00:00+00:00,1086.523905,485.4196344,54.97084742,601.29046767,0.0
2019-10-23 17:00:00+00:00,1044.725047,481.1899948,52.13532167,563.5573339,0.0
2019-10-23 18:00:00+00:00,989.57901,423.7302247,53.55924825,565.87104033,0.0
2019-10-23 19:00:00+00:00,904.8228557,388.4259618,52.86302442,516.3920232999999,0.0
2019-10-23 20:00:00+00:00,808.673528,408.9239935,57.82528842,399.73738360000004,0.0
2019-10-23 21:00:00+00:00,751.7712758,415.1048558,59.30928817,336.5045739,0.0
2019-10-23 22:00:00+00:00,720.8991548,386.2663905,51.45776092,334.59686899999997,0.0
2019-10-23 23:00:00+00:00,700.6028493,379.8943634,48.11380658,320.69122353,0.0
2019-10-24 00:00:00+00:00,693.8161365,390.0899708,53.04524292,303.85270092999997,0.0
2019-10-24 01:00:00+00:00,695.7325438,384.3100103,48.0719175,311.43570581,0.0
2019-10-24 02:00:00+00:00,724.8790639,394.2479451,59.9055765,330.5710547,0.0
2019-10-24 03:00:00+00:00,837.4853718,412.3817418,72.50038292,425.18764472,0.0
2019-10-24 04:00:00+00:00,972.527232,484.1258291,81.688581,488.3947460999999,0.0
2019-10-24 05:00:00+00:00,1059.817505,466.449201,82.00384392,593.41203342,0.0
2019-10-24 06:00:00+00:00,1086.62969,470.7157008,78.2132125,615.9200822,0.0
2019-10-24 07:00:00+00:00,1083.836823,476.1610921,72.01425542,607.6724164000001,0.0
2019-10-24 08:00:00+00:00,1082.244629,494.5242158,68.51557092,587.7307902699999,0.0
2019-10-24 09:00:00+00:00,1049.845835,512.8932978,85.73166967,536.9586101,0.0
2019-10-24 10:00:00+00:00,1074.830048,473.7847088,87.73042733,601.0436254000001,0.0
2019-10-24 11:00:00+00:00,1061.824463,473.9539542,74.05640983,587.87177893,0.0
2019-10-24 12:00:00+00:00,1053.653575,472.094373,54.88544275,581.50383967,0.0
2019-10-24 13:00:00+00:00,1035.781866,451.5424704,50.42767875,584.2231124500001,0.0
2019-10-24 14:00:00+00:00,1036.397369,453.3020376,54.478789,583.0861348999999,0.0
2019-10-24 15:00:00+00:00,1091.086253,501.0748393,65.57532758,589.94479252,0.0
2019-10-24 16:00:00+00:00,1082.46461,531.9337667,77.5712955,550.47315052,0.0
2019-10-24 17:00:00+00:00,1034.448308,555.4127046,100.2335098,479.03567162999997,0.0
2019-10-24 18:00:00+00:00,984.5164033,511.3977609,123.7104198,473.1103327000001,0.0
2019-10-24 19:00:00+00:00,912.9712067,495.9585622,133.2959263,417.09038540000006,0.0
2019-10-24 20:00:00+00:00,819.0709027,478.9545823,122.7273198,340.2341124,0.0
2019-10-24 21:00:00+00:00,761.8159281,478.5733948,121.1683267,283.32354202,0.0
2019-10-24 22:00:00+00:00,741.047928,465.9327138,149.6848565,275.14670958,0.0
2019-10-24 23:00:00+00:00,727.5570475,466.7228648,162.1306943,260.9075156,0.0
2019-10-25 00:00:00+00:00,722.6697794,487.6833723,184.5420406,235.14673767000005,0.0
2019-10-25 01:00:00+00:00,725.14918,487.2433345,181.2825,237.84270249999997,0.0
2019-10-25 02:00:00+00:00,754.2310435,508.9979986,179.7049408,245.23304390000004,0.0
2019-10-25 03:00:00+00:00,865.8578441,549.578425,187.5653292,316.46255640000004,0.0
2019-10-25 04:00:00+00:00,994.5617778,597.7480775,185.9629924,396.694649783,0.0
2019-10-25 05:00:00+00:00,1078.646098,629.1078644,184.1168785,449.4223485,0.0
2019-10-25 06:00:00+00:00,1115.384125,653.3869426,203.7089475,461.99803019999996,0.0
2019-10-25 07:00:00+00:00,1117.707937,625.1430563,176.5655478,492.56209709999996,0.0
2019-10-25 08:00:00+00:00,1114.530802,643.4925639,189.1001461,471.04621960000003,0.0
2019-10-25 09:00:00+00:00,1094.361043,654.1107025,198.9832421,440.44805379999997,0.0
2019-10-25 10:00:00+00:00,1108.581584,631.7270864,193.6176134,476.8612821,0.0
2019-10-25 11:00:00+00:00,1087.732585,647.5990754,200.1143495,440.1589202,0.0
2019-10-25 12:00:00+00:00,1078.694255,625.1662447,202.0547459,453.5233646000001,0.0
2019-10-25 13:00:00+00:00,1066.677785,627.4141743,187.7922643,439.2012589,0.0
2019-10-25 14:00:00+00:00,1070.655111,645.4176941,203.0686508,425.2396342,0.0
2019-10-25 15:00:00+00:00,1100.178955,647.9005585,185.4327659,452.2742517,0.0
2019-10-25 16:00:00+00:00,1072.723165,684.7729543,223.6662534,387.9502133000001,0.0
2019-10-25 17:00:00+00:00,1027.046214,629.228358,231.0802512,397.7976934999999,0.0
2019-10-25 18:00:00+00:00,972.6574351,557.841802,232.0914958,414.8176031000001,0.0
2019-10-25 19:00:00+00:00,900.9434051,548.2878266,231.9380188,352.69880180000007,0.0
2019-10-25 20:00:00+00:00,821.9415792,545.3381551,231.3889975,276.48767289999995,0.0
2019-10-25 21:00:00+00:00,765.6642201,562.2631836,250.5100784,203.24039879999998,0.0
2019-10-25 22:00:00+00:00,739.3413695,569.3596192,251.7312163,169.75573810000003,0.0
2019-10-25 23:00:00+00:00,714.6788279,549.8579304,241.7213808,164.88522309999996,0.0
2019-10-26 00:00:00+00:00,705.9227957,539.5817413,230.5805908,166.2585608,0.0
2019-10-26 01:00:00+00:00,705.6140492,532.3111369,222.7360139,173.44076407000006,0.0
2019-10-26 02:00:00+00:00,720.4180401,530.4531808,216.3852755,190.013497583,0.0
2019-10-26 03:00:00+00:00,755.4595588,502.3022741,187.7496885,253.00418159999998,0.0
2019-10-26 04:00:00+00:00,811.7806396,497.5512264,181.91001,314.27206608000006,0.0
2019-10-26 05:00:00+00:00,858.8862304,489.1268642,173.770504,369.77122187,0.0
2019-10-26 06:00:00+00:00,912.357005,474.0399374,157.0828972,438.3130689000001,0.0
2019-10-26 07:00:00+00:00,955.6791229,434.0883332,120.3904038,521.57854175,0.0
2019-10-26 08:00:00+00:00,966.0634155,477.9905676,164.1757686,488.06920202,0.0
2019-10-26 09:00:00+00:00,972.833313,499.4177855,183.2286516,473.41127872000004,0.0
2019-10-26 10:00:00+00:00,975.2254283,525.3842111,209.8790194,449.68360966999995,0.0
2019-10-26 11:00:00+00:00,964.3810833,543.2624105,232.0844918,421.31526799999995,0.0
2019-10-26 12:00:00+00:00,958.7842204,574.0641124,258.4004503,384.75361229999993,0.0
2019-10-26 13:00:00+00:00,957.810196,586.8222605,270.0122834,370.966887,0.0
2019-10-26 14:00:00+00:00,969.0300494,587.7775168,273.7314682,381.2120540000001,0.0
2019-10-26 15:00:00+00:00,997.3287048,600.5396118,273.1396891,396.9361605,0.0
2019-10-26 16:00:00+00:00,975.8942312,609.5472005,256.0983988,366.44139883,0.0
2019-10-26 17:00:00+00:00,937.8995563,508.1527303,187.5176405,429.8904941999999,0.0
2019-10-26 18:00:00+00:00,891.2105508,475.1391653,155.7128068,416.19034139999997,0.0
2019-10-26 19:00:00+00:00,839.6569263,431.2140275,107.9696681,408.59637702000003,0.0
2019-10-26 20:00:00+00:00,790.3138632,385.5129622,68.18645092,404.7409242,0.0
2019-10-26 21:00:00+00:00,751.6068064,359.4756063,44.34597025,392.1251572,0.0
2019-10-26 22:00:00+00:00,717.8771821,348.3872401,33.76796817,369.57173939999996,0.0
2019-10-26 23:00:00+00:00,702.1925862,343.4182918,26.00018158,358.68973389999996,0.0
2019-10-27 00:00:00+00:00,688.0278218,338.2868398,19.7053295,349.7470065,0.0
2019-10-27 01:00:00+00:00,685.447342,337.8942923,13.504722,347.50769310000004,0.0
2019-10-27 02:00:00+00:00,688.1203562,333.9465637,12.93565733,354.18396150000007,0.0
2019-10-27 03:00:00+00:00,702.7667542,334.0204671,12.26690408,368.75850909999997,0.0
2019-10-27 04:00:00+00:00,732.2656708,327.3743134,14.18724992,404.92919689999997,0.0
2019-10-27 05:00:00+00:00,772.9371388,326.0006713,12.98298017,446.83126300000004,0.0
2019-10-27 06:00:00+00:00,847.4984233,341.3789622,27.47108075,506.12598650000007,0.0
2019-10-27 07:00:00+00:00,914.6026255,360.2489953,48.26339575,554.366898,0.0
2019-10-27 08:00:00+00:00,945.4399923,378.3302333,65.18778083,567.1088938999999,0.0
2019-10-27 09:00:00+00:00,958.0266928,431.2964402,118.5825603,526.8343207999999,0.0
2019-10-27 10:00:00+00:00,963.7099863,495.9492366,183.8565318,467.89919810000004,0.0
2019-10-27 11:00:00+00:00,963.1662497,521.8044611,212.842388,441.50420270000006,0.0
2019-10-27 12:00:00+00:00,954.7228138,540.6350557,230.6568044,413.8862617,0.0
2019-10-27 13:00:00+00:00,959.0402171,540.0207519,226.7430841,419.04273750000004,0.0
2019-10-27 14:00:00+00:00,955.2063598,520.7708535,208.3029645,434.25521002,0.0
2019-10-27 15:00:00+00:00,993.2563273,513.4108148,197.0163498,479.8910409,0.0
2019-10-27 16:00:00+00:00,985.109014,502.6669922,184.1151022,482.4556271000001,0.0
2019-10-27 17:00:00+00:00,969.8258413,495.9287085,180.8702163,473.98438610000005,0.0
2019-10-27 18:00:00+00:00,936.1686198,488.1902976,173.1092136,447.98820459999996,0.0
2019-10-27 19:00:00+00:00,890.8385264,464.587471,148.5545133,426.2726131999999,0.0
2019-10-27 20:00:00+00:00,831.6036531,426.6888225,111.5477886,404.77111613,0.0
2019-10-27 21:00:00+00:00,775.9726613,430.1068599,105.0750739,345.90749829999993,0.0
2019-10-27 22:00:00+00:00,737.576294,388.3671721,76.99293417,349.2458495000001,0.0
2019-10-27 23:00:00+00:00,715.2883709,361.8422292,51.50346983,353.40599519999995,0.0
2019-10-28 00:00:00+00:00,708.024236,357.5453797,21.18886483,350.38109948,0.0
2019-10-28 01:00:00+00:00,705.26297,357.0755971,31.81443517,348.29618988000004,0.0
2019-10-28 02:00:00+00:00,721.4559173,370.3444136,14.04669383,351.11067015000003,0.0
2019-10-28 03:00:00+00:00,762.3026325,379.8553289,12.43715167,382.4941875,0.0
2019-10-28 04:00:00+00:00,885.5225373,489.0595933,9.561478167,396.45293544000003,0.0
2019-10-28 05:00:00+00:00,1014.384878,615.9076183,6.747425,398.48071028,0.0
2019-10-28 06:00:00+00:00,1103.942464,630.4550018,6.7315185,473.38481597000003,0.0
2019-10-28 07:00:00+00:00,1129.361471,625.1321614,10.66400492,504.26480320999997,0.0
2019-10-28 08:00:00+00:00,1115.719584,618.8224029,15.10360567,496.8761090200001,0.0
2019-10-28 09:00:00+00:00,1104.458394,633.5241648,13.71948025,470.9352013,0.0
2019-10-28 10:00:00+00:00,1093.345266,633.3289745,13.37716283,460.02904409999996,0.0
2019-10-28 11:00:00+00:00,1114.028921,619.747111,15.20265358,494.25082740000005,0.0
2019-10-28 12:00:00+00:00,1105.639618,634.5520477,17.63708292,471.1119631,0.0
2019-10-28 13:00:00+00:00,1112.968953,636.9581402,11.06397083,476.0021868,0.0
2019-10-28 14:00:00+00:00,1114.652059,636.1491904,11.13718008,478.5084789,0.0
2019-10-28 15:00:00+00:00,1164.85258,636.8320109,16.47461,527.9846471799999,0.0
2019-10-28 16:00:00+00:00,1144.768382,647.347763,18.30747767,497.51136195,0.0
2019-10-28 17:00:00+00:00,1121.019704,650.8787943,18.98997358,470.13438845,0.0
2019-10-28 18:00:00+00:00,1080.94399,640.947876,17.1065745,440.01475320000003,0.0
2019-10-28 19:00:00+00:00,1007.533183,535.454188,49.73169708,472.0833803000001,0.0
2019-10-28 20:00:00+00:00,926.4993794,505.7454324,59.49092658,420.73985239999996,0.0
2019-10-28 21:00:00+00:00,847.3103587,511.9635443,67.91794058,335.34174782,0.0
2019-10-28 22:00:00+00:00,797.4590353,505.2335332,66.72689942,292.26499736999995,0.0
2019-10-28 23:00:00+00:00,779.6991373,513.4526365,80.54771175,266.2718719999999,0.0
2019-10-29 00:00:00+00:00,775.0698547,505.3107349,67.51444775,269.8142909,0.0
2019-10-29 01:00:00+00:00,766.8764699,499.5077006,63.586945,267.3399219,0.0
2019-10-29 02:00:00+00:00,773.235967,506.7146249,66.0413865,266.51284740000006,0.0
2019-10-29 03:00:00+00:00,810.6152649,508.9719493,57.88938208,301.73005320000004,0.0
2019-10-29 04:00:00+00:00,939.9694569,546.5833157,54.342618,393.3844361,0.0
2019-10-29 05:00:00+00:00,1067.062851,645.3043924,46.84555083,421.736168,0.0
2019-10-29 06:00:00+00:00,1157.776204,639.4737498,45.79417458,518.3158489,0.0
2019-10-29 07:00:00+00:00,1180.359528,658.0242259,44.35628892,522.3277258999999,0.0
2019-10-29 08:00:00+00:00,1165.042186,675.4163667,53.79419292,489.5872108000001,0.0
2019-10-29 09:00:00+00:00,1158.800629,694.5341847,69.88143092,464.28228049999996,0.0
2019-10-29 10:00:00+00:00,1147.110046,697.9762472,74.6115805,449.10058590000006,0.0
2019-10-29 11:00:00+00:00,1169.826518,685.1394248,66.19021692,484.68024760000003,0.0
2019-10-29 12:00:00+00:00,1162.321249,680.3132323,64.09870675,482.01523280000004,0.0
2019-10-29 13:00:00+00:00,1170.389486,676.3103536,59.5818745,494.093254,0.0
2019-10-29 14:00:00+00:00,1172.952647,673.7797343,56.00465008,499.2266801999999,0.0
2019-10-29 15:00:00+00:00,1226.986623,676.4508158,56.68041333,550.6757781,0.0
2019-10-29 16:00:00+00:00,1219.179667,683.3569386,59.72688075,535.8222949999999,0.0
2019-10-29 17:00:00+00:00,1178.650543,689.9292806,66.72585433,488.7228860999999,0.0
2019-10-29 18:00:00+00:00,1149.069835,681.3002879,57.18395867,467.7733664999999,0.0
2019-10-29 19:00:00+00:00,1090.749227,636.3809713,48.783432,454.3476327000001,0.0
2019-10-29 20:00:00+00:00,1008.603882,535.9705048,46.43464525,472.6473486999999,0.0
2019-10-29 21:00:00+00:00,915.8707275,496.969284,44.39583267,418.9238169999999,0.0
2019-10-29 22:00:00+00:00,855.9787344,547.4379757,60.3046855,308.54998975,0.0
2019-10-29 23:00:00+00:00,832.9741008,539.0639928,69.25633367,293.93223119999993,0.0
2019-10-30 00:00:00+00:00,825.5695546,548.0575258,72.38080342,277.66802240000004,0.0
2019-10-30 01:00:00+00:00,822.3382009,560.335612,81.03342367,262.0218132,0.0
2019-10-30 02:00:00+00:00,831.3825126,533.2160848,70.39422608,298.27649399999996,0.0
2019-10-30 03:00:00+00:00,873.5073751,536.3878987,66.16801075,337.16554390000005,0.0
2019-10-30 04:00:00+00:00,993.6457672,624.0578156,63.88955375,369.7158459,0.0
2019-10-30 05:00:00+00:00,1118.791474,682.5358277,54.94373033,436.28542043,0.0
2019-10-30 06:00:00+00:00,1202.511342,703.9959208,48.2215615,498.6039849399999,0.0
2019-10-30 07:00:00+00:00,1226.401581,780.7090658,39.55553175,445.61278467000005,0.0
2019-10-30 08:00:00+00:00,1208.726288,682.5550792,36.58914717,526.15686313,0.0
2019-10-30 09:00:00+00:00,1197.476247,681.4267933,32.40821867,516.05592308,0.0
2019-10-30 10:00:00+00:00,1169.92686,676.7828268,27.34321658,493.13636225000005,0.0
2019-10-30 11:00:00+00:00,1196.38975,665.7331799,23.49754575,530.75539722,0.0
2019-10-30 12:00:00+00:00,1185.733429,641.6754354,17.72626567,544.0802679,0.0
2019-10-30 13:00:00+00:00,1191.590464,637.0849967,12.57241217,554.5110113000001,0.0
2019-10-30 14:00:00+00:00,1201.258138,643.1799622,13.51087383,558.07733,0.0
2019-10-30 15:00:00+00:00,1259.638306,652.7994689,16.26826492,606.8282942,0.0
2019-10-30 16:00:00+00:00,1252.700307,670.832845,31.90285258,581.8752299999999,0.0
2019-10-30 17:00:00+00:00,1216.831309,678.6833241,41.39701342,538.1156681,0.0
2019-10-30 18:00:00+00:00,1174.806193,695.8177593,49.88814575,478.9884484999999,0.0
2019-10-30 19:00:00+00:00,1114.118215,675.6663108,57.566836,438.44925539999997,0.0
2019-10-30 20:00:00+00:00,1029.582799,658.7355247,80.97247017,370.8518260999999,0.0
2019-10-30 21:00:00+00:00,938.6784668,577.1429951,73.76432792,361.51448689999995,0.0
2019-10-30 22:00:00+00:00,874.6832528,529.7651826,80.682471,344.87491190000003,0.0
2019-10-30 23:00:00+00:00,849.9261779,537.8078764,90.41462192,312.1275124,0.0
2019-10-31 00:00:00+00:00,832.4498188,552.2229359,106.5969918,280.27968859999993,0.0
2019-10-31 01:00:00+00:00,834.5343069,530.9638875,82.37350342,303.60325229,0.0
2019-10-31 02:00:00+00:00,843.6520589,538.519394,90.60524958,305.18834462,0.0
2019-10-31 03:00:00+00:00,868.1058351,542.4395142,95.78017725,325.6913469,0.0
2019-10-31 04:00:00+00:00,996.6305441,595.9949035,101.2472134,400.5347366,0.0
2019-10-31 05:00:00+00:00,1128.317312,674.6421763,91.88780033,453.6573032,0.0
2019-10-31 06:00:00+00:00,1210.017354,690.2731424,74.14671775,519.7183953,0.0
2019-10-31 07:00:00+00:00,1244.286123,795.3889108,75.59085917,448.8429776,0.0
2019-10-31 08:00:00+00:00,1238.209442,671.8605398,83.55824975,566.34890692,0.0
2019-10-31 09:00:00+00:00,1225.160634,663.8011679,68.70515917,561.3547433,0.0
2019-10-31 10:00:00+00:00,1188.761607,610.8223418,57.03345008,578.0224158999999,0.0
2019-10-31 11:00:00+00:00,1202.625214,637.3310749,61.366753,565.2877153,0.0
2019-10-31 12:00:00+00:00,1195.206574,678.9181518,83.47780667,516.2834323999999,0.0
2019-10-31 13:00:00+00:00,1191.036814,640.5225222,84.42818,550.5202365,0.0
2019-10-31 14:00:00+00:00,1189.490418,627.1768036,94.62788967,562.3204396,0.0
2019-10-31 15:00:00+00:00,1227.587992,694.8289743,116.7891351,532.730997,0.0
2019-10-31 16:00:00+00:00,1200.070384,663.221578,111.9816252,536.861847833,0.0
2019-10-31 17:00:00+00:00,1161.579091,636.49558,111.5134958,525.05288847,0.0
2019-10-31 18:00:00+00:00,1118.333191,650.769755,106.2995816,467.60543775,0.0
2019-10-31 19:00:00+00:00,1060.804861,622.3709666,106.4193453,438.404263,0.0
2019-10-31 20:00:00+00:00,980.725057,585.3606568,102.5511088,395.36150498,0.0
2019-10-31 21:00:00+00:00,890.8678335,560.1685434,105.2834416,330.69360278,0.0
2019-10-31 22:00:00+00:00,831.9660593,546.9190113,100.5767607,284.96643856700007,0.0
2019-10-31 23:00:00+00:00,809.4743398,540.5321402,94.54477317,268.82789235,0.0
2019-11-01 00:00:00+00:00,792.6247101,547.1812693,95.66960133,245.51439042,0.0
2019-11-01 01:00:00+00:00,788.0793254,546.7687834,94.08871792,241.3001848,0.0
2019-11-01 02:00:00+00:00,797.6363577,547.6387125,95.80878267,249.97249625000006,0.0
2019-11-01 03:00:00+00:00,835.1249236,545.2759298,92.51811533,289.826376,0.0
2019-11-01 04:00:00+00:00,953.7810466,631.5963136,75.157974,322.15012666999996,0.0
2019-11-01 05:00:00+00:00,1079.12324,690.5634815,69.02337867,388.63279857,0.0
2019-11-01 06:00:00+00:00,1164.320842,679.0845743,61.77006117,485.22289179999996,0.0
2019-11-01 07:00:00+00:00,1195.296244,674.6012268,68.12230842,520.59835205,0.0
2019-11-01 08:00:00+00:00,1170.086985,649.5334167,72.30755867,520.64953843,0.0
2019-11-01 09:00:00+00:00,1150.974243,608.9986878,73.71103342,542.06407097,0.0
2019-11-01 10:00:00+00:00,1126.020742,555.405899,59.07937558,570.65045732,0.0
2019-11-01 11:00:00+00:00,1146.565328,555.973887,47.66544975,590.52216268,0.0
2019-11-01 12:00:00+00:00,1141.171021,576.9445699,37.99143683,564.24389253,0.0
2019-11-01 13:00:00+00:00,1144.179677,629.6016083,23.09577425,514.46885462,0.0
2019-11-01 14:00:00+00:00,1157.31896,642.1500143,15.609672,515.31634905,0.0
2019-11-01 15:00:00+00:00,1214.562052,663.3249716,15.8423365,551.26985453,0.0
2019-11-01 16:00:00+00:00,1198.736481,666.0732421,11.16846242,532.69698083,0.0
2019-11-01 17:00:00+00:00,1159.675212,666.0739287,12.60750475,493.61562152,0.0
2019-11-01 18:00:00+00:00,1113.323914,601.5943298,14.087517,511.84755542000005,0.0
2019-11-01 19:00:00+00:00,1056.902568,506.5693411,18.55928183,550.3364128800001,0.0
2019-11-01 20:00:00+00:00,985.1231893,507.4008153,34.19453067,477.73953881999995,0.0
2019-11-01 21:00:00+00:00,897.0450796,519.3457897,46.09373633,377.79807301999995,0.0
2019-11-01 22:00:00+00:00,856.2845001,516.4053598,62.66271967,340.042014,0.0
2019-11-01 23:00:00+00:00,831.7456003,452.4086837,76.87556275,379.33979029999995,0.0
2019-11-02 00:00:00+00:00,815.6103466,451.7757568,73.72031925,363.7488832,0.0
2019-11-02 01:00:00+00:00,798.8524168,440.875183,66.12452892,358.0293503,0.0
2019-11-02 02:00:00+00:00,787.8763579,441.4737702,73.41994933,346.46832919999997,0.0
2019-11-02 03:00:00+00:00,817.4118498,477.3578695,93.18059808,340.0275053,0.0
2019-11-02 04:00:00+00:00,838.5139668,494.1694336,119.1849289,344.43274650000006,0.0
2019-11-02 05:00:00+00:00,872.6183014,509.7347844,134.2223638,363.0105181,0.0
2019-11-02 06:00:00+00:00,924.1003011,536.0853043,140.9789263,388.0030732,0.0
2019-11-02 07:00:00+00:00,987.4091186,534.638855,147.7104888,452.91946850000005,0.0
2019-11-02 08:00:00+00:00,1018.123347,548.0899049,151.0359751,470.07121939999996,0.0
2019-11-02 09:00:00+00:00,1020.542689,547.9988302,144.5717899,472.53469203,0.0
2019-11-02 10:00:00+00:00,1015.626841,561.907313,156.1963209,453.68320453,0.0
2019-11-02 11:00:00+00:00,1019.125148,563.9216919,165.6108081,455.25803227999995,0.0
2019-11-02 12:00:00+00:00,1012.425161,567.2675731,168.728035,445.27406301999997,0.0
2019-11-02 13:00:00+00:00,1001.498067,548.9482523,171.8558132,452.543375,0.0
2019-11-02 14:00:00+00:00,1035.291631,546.6150971,182.4588508,488.7374542,0.0
2019-11-02 15:00:00+00:00,1078.17216,577.3671723,182.9919014,500.7971982,0.0
2019-11-02 16:00:00+00:00,1069.591756,579.4700012,168.7040355,490.141082,0.0
2019-11-02 17:00:00+00:00,1042.440776,536.0717418,139.9143423,506.4039424,0.0
2019-11-02 18:00:00+00:00,1007.138301,456.5064724,108.7433022,550.7128365,0.0
2019-11-02 19:00:00+00:00,958.3036753,446.9455567,100.6410599,511.41556555,0.0
2019-11-02 20:00:00+00:00,893.2429249,430.3252539,85.26508325,463.0069934,0.0
2019-11-02 21:00:00+00:00,836.9672546,418.4030355,75.05977183,418.5332003,0.0
2019-11-02 22:00:00+00:00,791.4658458,414.9797898,68.05573583,376.53635619999994,0.0
2019-11-02 23:00:00+00:00,761.2516733,420.0591506,56.83448783,341.2540479,0.0
2019-11-03 00:00:00+00:00,743.8467866,414.7674865,49.7011755,329.0789732,0.0
2019-11-03 01:00:00+00:00,728.1737112,385.1037801,42.51987458,343.10178859999996,0.0
2019-11-03 02:00:00+00:00,731.4974365,371.4561971,32.06280008,360.0093852,0.0
2019-11-03 03:00:00+00:00,752.9892172,380.4821524,30.63634575,372.4444898,0.0
2019-11-03 04:00:00+00:00,790.6469879,386.8899512,26.66232633,403.8238288000001,0.0
2019-11-03 05:00:00+00:00,833.909495,395.6227901,18.84507867,438.21764139999993,0.0
2019-11-03 06:00:00+00:00,880.611562,378.8834405,13.11411917,501.79225199999996,0.0
2019-11-03 07:00:00+00:00,948.445877,377.5077769,13.62705442,570.9457054000001,0.0
2019-11-03 08:00:00+00:00,989.8786673,412.7602539,10.839479,577.137803,0.0
2019-11-03 09:00:00+00:00,994.5833435,433.232183,9.657792083,561.3045471,0.0
2019-11-03 10:00:00+00:00,1000.251063,453.6456172,9.6462235,546.68707735,0.0
2019-11-03 11:00:00+00:00,1004.572032,440.7904408,9.615064917,563.85623973,0.0
2019-11-03 12:00:00+00:00,1003.335882,451.0216776,14.60603317,552.29798537,0.0
2019-11-03 13:00:00+00:00,996.8277384,438.3562368,14.64025142,558.47988908,0.0
2019-11-03 14:00:00+00:00,1016.599182,458.5057984,18.93989208,558.0528435000001,0.0
2019-11-03 15:00:00+00:00,1075.354899,465.9214885,33.19219425,609.4773403,0.0
2019-11-03 16:00:00+00:00,1070.409892,505.3243713,42.2823745,565.1941828,0.0
2019-11-03 17:00:00+00:00,1049.776855,479.4988607,42.30022825,570.4724669,0.0
2019-11-03 18:00:00+00:00,1010.723699,436.0484289,47.94023408,574.7442272999999,0.0
2019-11-03 19:00:00+00:00,958.0318858,439.7318343,52.34938833,518.4031771199999,0.0
2019-11-03 20:00:00+00:00,896.1942088,444.3913625,62.93481125,451.8297487,0.0
2019-11-03 21:00:00+00:00,833.9342702,452.2907054,74.74633225,381.83440370000005,0.0
2019-11-03 22:00:00+00:00,789.4121958,469.1316222,92.76215858,320.23642270000005,0.0
2019-11-03 23:00:00+00:00,767.062261,541.7922694,118.6332409,225.3079134,0.0
2019-11-04 00:00:00+00:00,742.9160869,545.6456807,132.3120003,197.37403300000003,0.0
2019-11-04 01:00:00+00:00,730.0633189,535.4748535,138.5625598,194.63149647000003,0.0
2019-11-04 02:00:00+00:00,742.5248311,547.2522787,137.3731116,195.34846822,0.0
2019-11-04 03:00:00+00:00,774.7412415,565.8394928,143.7759872,208.90417829999998,0.0
2019-11-04 04:00:00+00:00,901.7340495,596.9210968,143.0105006,304.7693683,0.0
2019-11-04 05:00:00+00:00,1058.182455,663.8915099,152.1121622,394.33010360000003,0.0
2019-11-04 06:00:00+00:00,1147.507568,692.0110068,158.5577189,455.4215081000001,0.0
2019-11-04 07:00:00+00:00,1196.916321,678.3393861,143.7261555,518.6395856,0.0
2019-11-04 08:00:00+00:00,1193.854594,727.2473246,156.0336608,466.67131900000004,0.0
2019-11-04 09:00:00+00:00,1193.961578,763.7225546,167.7891579,430.3146636800001,0.0
2019-11-04 10:00:00+00:00,1178.530141,759.5077923,154.9569805,419.2377001,0.0
2019-11-04 11:00:00+00:00,1205.516591,762.9437357,162.3415819,442.6272666,0.0
2019-11-04 12:00:00+00:00,1194.524943,802.0898183,192.7993073,392.48291685000004,0.0
2019-11-04 13:00:00+00:00,1197.022532,803.2588144,206.3949738,393.7200458,0.0
2019-11-04 14:00:00+00:00,1209.583761,791.214564,207.7156486,418.3810741000001,0.0
2019-11-04 15:00:00+00:00,1229.583985,817.5451408,218.7066308,412.0382683,0.0
2019-11-04 16:00:00+00:00,1214.973195,837.6256512,237.0927276,377.22649979999994,0.0
2019-11-04 17:00:00+00:00,1153.52714,819.9711203,245.5542183,333.65038150000004,0.0
2019-11-04 18:00:00+00:00,1120.946421,747.5829671,250.6098607,373.3284929,0.0
2019-11-04 19:00:00+00:00,1061.355011,755.7163951,248.4620692,305.46140342,0.0
2019-11-04 20:00:00+00:00,966.4735006,753.5958151,243.6228383,212.89378057,0.0
2019-11-04 21:00:00+00:00,876.2584127,727.4431661,237.8615557,148.7601098,0.0
2019-11-04 22:00:00+00:00,821.1728668,726.5765433,232.9837136,94.50271566999999,0.0
2019-11-04 23:00:00+00:00,801.2493183,745.0643362,230.8475063,56.263216700000015,0.0
2019-11-05 00:00:00+00:00,788.9870912,722.8873443,228.5605188,66.0013912,0.0
2019-11-05 01:00:00+00:00,766.0850574,720.8705446,233.4220418,45.20654823000001,0.0
2019-11-05 02:00:00+00:00,775.8548075,717.8386738,231.8979442,58.02369470000002,0.0
2019-11-05 03:00:00+00:00,821.3410899,734.6034648,223.6876056,86.825514,0.0
2019-11-05 04:00:00+00:00,933.6110433,774.9525706,220.0485903,158.6118055,0.0
2019-11-05 05:00:00+00:00,1082.655263,804.9229126,224.2120541,277.75514686,0.0
2019-11-05 06:00:00+00:00,1147.289012,792.4518587,227.4011599,354.884387483,0.0
2019-11-05 07:00:00+00:00,1202.294108,777.082962,226.6092888,425.24682508999996,0.0
2019-11-05 08:00:00+00:00,1220.692017,791.9178211,229.2213058,428.82594649999993,0.0
2019-11-05 09:00:00+00:00,1216.213114,807.802236,220.6872776,408.5178494999999,0.0
2019-11-05 10:00:00+00:00,1207.706553,811.942327,219.3282217,395.79798265,0.0
2019-11-05 11:00:00+00:00,1239.023783,816.2277323,220.111749,422.89810589999996,0.0
2019-11-05 12:00:00+00:00,1234.03715,815.3263753,219.5786248,418.65013591999997,0.0
2019-11-05 13:00:00+00:00,1233.509735,818.2329711,221.163887,415.25370753000004,0.0
2019-11-05 14:00:00+00:00,1234.013814,790.2795614,215.5758883,443.87677886999995,0.0
2019-11-05 15:00:00+00:00,1246.378479,760.8899994,207.4257799,485.4889273,0.0
2019-11-05 16:00:00+00:00,1231.798554,742.847753,189.1506399,488.93940639999994,0.0
2019-11-05 17:00:00+00:00,1195.699799,755.8317617,187.254256,439.86095945,0.0
2019-11-05 18:00:00+00:00,1147.668762,721.584442,183.6079649,426.10686419999996,0.0
2019-11-05 19:00:00+00:00,1094.276774,680.1524303,174.2522673,414.169122717,0.0
2019-11-05 20:00:00+00:00,1007.783768,666.5812939,168.2062912,341.21378105,0.0
2019-11-05 21:00:00+00:00,918.8555706,653.7444103,172.6574402,265.21469218000004,0.0
2019-11-05 22:00:00+00:00,849.0285085,652.7692923,180.3832895,196.16547967000002,0.0
2019-11-05 23:00:00+00:00,823.2606708,665.5159759,183.3672843,157.7063855,0.0
2019-11-06 00:00:00+00:00,800.2242077,667.5855763,171.3811886,132.65819265,0.0
2019-11-06 01:00:00+00:00,794.9011892,689.7893016,174.735798,105.05967172000004,0.0
2019-11-06 02:00:00+00:00,799.4128773,711.0443063,179.5184238,88.27777259999993,0.0
2019-11-06 03:00:00+00:00,823.2935689,698.1144053,175.5184707,125.23293419999999,0.0
2019-11-06 04:00:00+00:00,948.8968353,891.6266224,169.8491388,57.316960929999986,0.0
2019-11-06 05:00:00+00:00,1105.387217,927.7338969,159.4845085,177.6461824,0.0
2019-11-06 06:00:00+00:00,1190.146139,921.0950621,153.8326963,269.1330574,0.0
2019-11-06 07:00:00+00:00,1225.26064,936.2472889,161.3412436,289.17827420000003,0.0
2019-11-06 08:00:00+00:00,1216.679779,929.2379303,162.5606321,287.48586775000007,0.0
2019-11-06 09:00:00+00:00,1212.787394,920.5705517,149.3691903,292.26103,0.0
2019-11-06 10:00:00+00:00,1193.298004,939.5786438,149.2068926,253.693208,0.0
2019-11-06 11:00:00+00:00,1219.660217,936.7699942,158.6755841,282.586204867,0.0
2019-11-06 12:00:00+00:00,1218.361338,939.8940073,153.8532678,278.4423832,0.0
2019-11-06 13:00:00+00:00,1232.192668,943.3970795,151.2090963,288.76963409999996,0.0
2019-11-06 14:00:00+00:00,1250.24941,948.5586855,154.8763618,301.83962990000003,0.0
2019-11-06 15:00:00+00:00,1267.418803,962.1028493,156.0249798,305.2267697,0.0
2019-11-06 16:00:00+00:00,1245.519196,956.9169463,158.4566766,288.5788775,0.0
2019-11-06 17:00:00+00:00,1209.009562,952.7585908,163.2271144,256.18492160000005,0.0
2019-11-06 18:00:00+00:00,1171.424479,910.3670808,141.9314879,261.345766067,0.0
2019-11-06 19:00:00+00:00,1123.674276,887.014918,118.5475921,236.69522498299997,0.0
2019-11-06 20:00:00+00:00,1029.958989,701.2639466,109.5672315,328.73219135,0.0
2019-11-06 21:00:00+00:00,920.2227529,646.8319347,93.65746883,273.34619539999994,0.0
2019-11-06 22:00:00+00:00,862.3990836,632.883377,89.1450545,229.6128034,0.0
2019-11-06 23:00:00+00:00,830.8666075,644.9944203,79.73420725,185.8778644,0.0
2019-11-07 00:00:00+00:00,810.2170106,630.8795725,72.55770558,179.3626536,0.0
2019-11-07 01:00:00+00:00,811.5903423,615.2650044,61.257437,196.3602651,0.0
2019-11-07 02:00:00+00:00,823.5378013,620.4598439,57.88170108,203.1566535,0.0
2019-11-07 03:00:00+00:00,860.4478403,633.7988839,51.92298917,226.64152559999997,0.0
2019-11-07 04:00:00+00:00,985.384079,763.396805,39.98744267,222.0439002,0.0
2019-11-07 05:00:00+00:00,1143.43693,851.5208182,33.50594375,291.9953219,0.0
2019-11-07 06:00:00+00:00,1231.474355,859.9194843,28.10902917,371.4345774,0.0
2019-11-07 07:00:00+00:00,1279.520365,843.7003426,25.95304633,435.7124335,0.0
2019-11-07 08:00:00+00:00,1275.078542,874.1318563,25.26150225,400.8812238,0.0
2019-11-07 09:00:00+00:00,1269.982981,929.3914847,22.64978733,340.65520306999997,0.0
2019-11-07 10:00:00+00:00,1244.396067,925.9337311,24.63431775,318.50002622000005,0.0
2019-11-07 11:00:00+00:00,1274.639598,932.7628988,21.7503565,341.81281572,0.0
2019-11-07 12:00:00+00:00,1257.52361,939.7140503,17.42553367,317.84334417,0.0
2019-11-07 13:00:00+00:00,1265.616313,956.7872568,16.86297875,308.88303829999995,0.0
2019-11-07 14:00:00+00:00,1282.572785,950.6949718,14.77661092,331.91158470000005,0.0
2019-11-07 15:00:00+00:00,1287.296356,955.1118826,16.34022542,332.13836299999997,0.0
2019-11-07 16:00:00+00:00,1258.651021,971.1241862,22.02782225,287.50187189999997,0.0
2019-11-07 17:00:00+00:00,1215.929596,977.5370688,25.29674825,238.4557632,0.0
2019-11-07 18:00:00+00:00,1173.959086,961.7734783,26.55922958,212.19975742,0.0
2019-11-07 19:00:00+00:00,1115.785695,945.511261,19.792015,170.37011955000003,0.0
2019-11-07 20:00:00+00:00,1035.595235,812.9833426,16.36143658,222.56164729999998,0.0
2019-11-07 21:00:00+00:00,940.6482087,684.9766946,14.30285675,255.72385346700003,0.0
2019-11-07 22:00:00+00:00,869.9183808,629.4251303,14.7391705,240.52853919999995,0.0
2019-11-07 23:00:00+00:00,829.2203116,630.8765514,15.62358383,198.34511196,0.0
2019-11-08 00:00:00+00:00,809.9762879,630.5277558,17.491759,179.4215638,0.0
2019-11-08 01:00:00+00:00,798.1509908,628.9867605,15.61983958,169.18307223000002,0.0
2019-11-08 02:00:00+00:00,805.2750245,628.6152444,15.10825983,176.63111082,0.0
2019-11-08 03:00:00+00:00,845.4417724,631.7202403,15.61304233,213.68774870000001,0.0
2019-11-08 04:00:00+00:00,967.0451457,827.0009308,15.92661767,140.0388042,0.0
2019-11-08 05:00:00+00:00,1123.594981,924.827647,17.61012733,198.75514010000003,0.0
2019-11-08 06:00:00+00:00,1207.445404,939.3629099,17.04150008,268.1391744,0.0
2019-11-08 07:00:00+00:00,1245.548523,945.0960948,14.80619358,300.5113029,0.0
2019-11-08 08:00:00+00:00,1229.720612,932.2206116,13.56123133,297.44182663,0.0
2019-11-08 09:00:00+00:00,1215.455678,899.0097299,12.77462625,316.32113403000005,0.0
2019-11-08 10:00:00+00:00,1191.795553,908.4066875,10.48821342,283.29153712,0.0
2019-11-08 11:00:00+00:00,1212.136861,910.4669393,11.37953342,301.51625652999996,0.0
2019-11-08 12:00:00+00:00,1197.445597,930.09345,15.04008017,267.3966753,0.0
2019-11-08 13:00:00+00:00,1194.959859,935.4837037,29.16691733,259.51086615,0.0
2019-11-08 14:00:00+00:00,1213.22465,947.1973521,55.27020425,266.0764348,0.0
2019-11-08 15:00:00+00:00,1223.818573,987.1694183,75.012076,236.49443720000005,0.0
2019-11-08 16:00:00+00:00,1197.409007,999.1349233,80.58930767,198.27584947999998,0.0
2019-11-08 17:00:00+00:00,1152.454946,1020.221059,89.60561183,132.23180430000002,0.0
2019-11-08 18:00:00+00:00,1106.513417,896.9293417,100.9392883,209.64478466999998,0.0
2019-11-08 19:00:00+00:00,1053.872498,675.2305195,112.4639428,378.75009249999994,0.0
2019-11-08 20:00:00+00:00,971.5797831,615.5416105,104.6585509,356.0209162,0.0
2019-11-08 21:00:00+00:00,883.9042817,557.8134918,96.1367035,326.0656957,0.0
2019-11-08 22:00:00+00:00,832.5686645,547.6388295,84.08157792,284.9079115,0.0
2019-11-08 23:00:00+00:00,789.8785959,554.9294993,83.36453567,234.94569680000004,0.0
2019-11-09 00:00:00+00:00,758.8417766,541.3992055,78.01201508,217.57638669999997,0.0
2019-11-09 01:00:00+00:00,748.9463349,520.8552398,64.35196433,228.0525657,0.0
2019-11-09 02:00:00+00:00,746.2870229,516.6848451,60.81753067,229.5771567,0.0
2019-11-09 03:00:00+00:00,751.3605143,486.3350348,52.34282683,265.0550516,0.0
2019-11-09 04:00:00+00:00,797.841573,504.5443673,60.28819725,293.3074282,0.0
2019-11-09 05:00:00+00:00,837.5870565,505.8304826,60.98135608,331.72014889999997,0.0
2019-11-09 06:00:00+00:00,891.1897737,503.366956,59.05954208,387.8628708,0.0
2019-11-09 07:00:00+00:00,962.9915872,506.3329823,55.94362925,456.6904816499999,0.0
2019-11-09 08:00:00+00:00,995.3239238,506.3249563,49.47050575,489.00240893,0.0
2019-11-09 09:00:00+00:00,1004.461222,531.7028123,47.17997625,472.76585608000005,0.0
2019-11-09 10:00:00+00:00,1000.150859,530.2451223,42.73178542,469.91037466999995,0.0
2019-11-09 11:00:00+00:00,998.7839608,473.7463708,35.79393217,525.0288303199999,0.0
2019-11-09 12:00:00+00:00,992.1982829,482.1352768,33.89533283,510.05286373,0.0
2019-11-09 13:00:00+00:00,999.0493317,477.773234,30.7069425,521.2626892999999,0.0
2019-11-09 14:00:00+00:00,1040.867961,499.1304473,32.49363133,541.7383502,0.0
2019-11-09 15:00:00+00:00,1071.61731,529.8962352,30.97690417,541.7193034,0.0
2019-11-09 16:00:00+00:00,1053.282888,532.3500113,27.96049308,520.6582897,0.0
2019-11-09 17:00:00+00:00,1024.606201,500.6259258,24.14529925,523.9789733,0.0
2019-11-09 18:00:00+00:00,989.7811381,483.8313623,19.62142375,505.9187401,0.0
2019-11-09 19:00:00+00:00,943.3031108,477.3508886,16.38357867,465.90514027999996,0.0
2019-11-09 20:00:00+00:00,891.9794413,483.7569274,19.32871458,408.1912225,0.0
2019-11-09 21:00:00+00:00,838.9141795,484.5382742,19.4571015,354.20743130000005,0.0
2019-11-09 22:00:00+00:00,785.6906535,484.2530365,19.90886367,301.4173206,0.0
2019-11-09 23:00:00+00:00,748.0883077,490.5058976,25.26045,257.6876162,0.0
2019-11-10 00:00:00+00:00,725.6866098,501.0952834,38.70256558,224.4663337,0.0
2019-11-10 01:00:00+00:00,713.1468404,505.8406601,41.36729875,207.32432220000004,0.0
2019-11-10 02:00:00+00:00,710.5380961,502.9256133,39.58894433,207.67960879999998,0.0
2019-11-10 03:00:00+00:00,714.4660136,516.3980331,54.59952892,198.1057904,0.0
2019-11-10 04:00:00+00:00,745.450119,540.2444254,75.064843,205.41530590000002,0.0
2019-11-10 05:00:00+00:00,790.0658773,567.3321738,103.3160363,222.78069119999992,0.0
2019-11-10 06:00:00+00:00,840.299291,583.3282216,114.5546698,257.09459919999995,0.0
2019-11-10 07:00:00+00:00,904.6777802,586.0000255,118.0526415,318.53816579999994,0.0
2019-11-10 08:00:00+00:00,942.525177,585.9716035,119.5378436,356.648012,0.0
2019-11-10 09:00:00+00:00,955.7297719,587.474767,119.3078525,368.2835094999999,0.0
2019-11-10 10:00:00+00:00,955.7317352,603.4670613,133.8197874,352.23580920000006,0.0
2019-11-10 11:00:00+00:00,967.0608521,620.2993214,141.2259585,346.72979569999995,0.0
2019-11-10 12:00:00+00:00,970.1584982,632.3760631,139.2641373,337.6952812999999,0.0
2019-11-10 13:00:00+00:00,980.0846455,612.51414,125.8078652,367.5208676,0.0
2019-11-10 14:00:00+00:00,1032.206243,612.0662333,132.7890148,420.11186430000004,0.0
2019-11-10 15:00:00+00:00,1072.180725,644.3048248,163.7046369,427.98708757,0.0
2019-11-10 16:00:00+00:00,1068.277985,664.2492472,142.8876113,404.0698635299999,0.0
2019-11-10 17:00:00+00:00,1058.913747,672.1814932,151.3357772,386.7448238,0.0
2019-11-10 18:00:00+00:00,1027.155935,646.7090912,149.4447874,380.44590758000004,0.0
2019-11-10 19:00:00+00:00,983.7550304,636.236857,137.7302602,347.5412728,0.0
2019-11-10 20:00:00+00:00,917.5904795,592.2297212,106.7990868,325.36076542999996,0.0
2019-11-10 21:00:00+00:00,834.2033742,568.9318085,98.35943158,265.3161499000001,0.0
2019-11-10 22:00:00+00:00,783.3779959,542.2237854,77.68749867,241.16254279999998,0.0
2019-11-10 23:00:00+00:00,749.7943421,532.1629131,67.3607865,217.58750540000005,0.0
2019-11-11 00:00:00+00:00,737.5717874,506.2988993,43.68946858,231.23834659999994,0.0
2019-11-11 01:00:00+00:00,734.9500836,495.2204413,31.82411983,239.70750549999997,0.0
2019-11-11 02:00:00+00:00,747.7786865,491.1195704,29.19067158,256.6696146,0.0
2019-11-11 03:00:00+00:00,784.6249899,486.2953923,24.37577692,298.3226247,0.0
2019-11-11 04:00:00+00:00,903.1651052,524.2994589,23.586799,378.8803474,0.0
2019-11-11 05:00:00+00:00,1064.646932,555.5390778,16.65937158,509.007811,0.0
2019-11-11 06:00:00+00:00,1162.199199,561.4048259,16.315211,600.7209107,0.0
2019-11-11 07:00:00+00:00,1210.760081,557.1861318,14.90183825,653.6222656,0.0
2019-11-11 08:00:00+00:00,1212.723806,532.1744081,14.16279458,680.6895527999999,0.0
2019-11-11 09:00:00+00:00,1219.25233,521.2320048,12.39057592,698.0069104800001,0.0
2019-11-11 10:00:00+00:00,1203.950134,517.8179907,12.70450467,686.177714817,0.0
2019-11-11 11:00:00+00:00,1228.683797,504.7030385,12.06514358,724.108511667,0.0
2019-11-11 12:00:00+00:00,1228.462473,544.5968399,13.1058105,683.9689699,0.0
2019-11-11 13:00:00+00:00,1226.785644,549.0711823,14.72719925,677.6827598,0.0
2019-11-11 14:00:00+00:00,1247.526754,557.4315847,15.637413,690.1615056,0.0
2019-11-11 15:00:00+00:00,1237.192057,566.7800802,17.2184135,670.4065944,0.0
2019-11-11 16:00:00+00:00,1201.883993,568.073761,19.121804,633.83881407,0.0
2019-11-11 17:00:00+00:00,1157.27593,623.8849945,23.37060533,533.51000772,0.0
2019-11-11 18:00:00+00:00,1110.068024,545.287206,20.99531483,564.845321,0.0
2019-11-11 19:00:00+00:00,1064.161926,544.7066853,19.16217308,519.5489279,0.0
2019-11-11 20:00:00+00:00,989.9955138,532.1011709,18.56156192,458.0655831,0.0
2019-11-11 21:00:00+00:00,889.5387928,516.412712,18.02615608,373.275407,0.0
2019-11-11 22:00:00+00:00,819.8865458,516.5443064,19.56493667,303.2488981,0.0
2019-11-11 23:00:00+00:00,782.4129078,546.7342834,23.34558925,235.476281,0.0
2019-11-12 00:00:00+00:00,764.5720115,566.3220316,25.2366595,198.22418362999997,0.0
2019-11-12 01:00:00+00:00,751.5893452,561.2215729,22.33542917,190.42838158000004,0.0
2019-11-12 02:00:00+00:00,756.5159761,561.4888561,26.00294667,194.95832162000002,0.0
2019-11-12 03:00:00+00:00,791.9938101,555.2150627,18.42446692,236.7791808,0.0
2019-11-12 04:00:00+00:00,912.1330973,611.2981518,30.01951558,300.91757624,0.0
2019-11-12 05:00:00+00:00,1064.805959,674.9004414,46.80768208,389.8543454,0.0
2019-11-12 06:00:00+00:00,1139.918691,738.3426716,71.92120608,401.62790213,0.0
2019-11-12 07:00:00+00:00,1173.272848,826.4109498,77.57334583,346.82868897000003,0.0
2019-11-12 08:00:00+00:00,1173.032328,781.3997397,68.28274533,391.8114742,0.0
2019-11-12 09:00:00+00:00,1147.922028,725.7460938,74.007745,422.1892626,0.0
2019-11-12 10:00:00+00:00,1124.619822,719.7466378,79.22503725,404.88122179999993,0.0
2019-11-12 11:00:00+00:00,1166.092173,774.4897105,68.27275308,391.6355594,0.0
2019-11-12 12:00:00+00:00,1163.267639,834.1974181,82.78681633,329.32346865,0.0
2019-11-12 13:00:00+00:00,1177.159444,851.2776133,111.0987008,325.88273354999995,0.0
2019-11-12 14:00:00+00:00,1208.40332,903.8488108,149.8023109,304.5908383,0.0
2019-11-12 15:00:00+00:00,1213.872945,965.746165,162.599074,248.13258020000006,0.0
2019-11-12 16:00:00+00:00,1191.49647,970.680013,180.8776576,220.84210530000001,0.0
2019-11-12 17:00:00+00:00,1146.303365,937.4767049,196.6318348,208.773345,0.0
2019-11-12 18:00:00+00:00,1113.095713,833.6076508,216.6475272,279.58634153000014,0.0
2019-11-12 19:00:00+00:00,1046.420654,766.47141,220.762933,280.04393382,0.0
2019-11-12 20:00:00+00:00,949.0135091,761.1634472,214.6733143,187.88774328,0.0
2019-11-12 21:00:00+00:00,849.2646534,747.0166728,198.2670798,102.25789210000005,0.0
2019-11-12 22:00:00+00:00,781.0217133,725.6874036,179.6065967,55.35169167999999,0.0
2019-11-12 23:00:00+00:00,746.0420533,703.0225779,154.7766443,43.02879422999996,0.0
2019-11-13 00:00:00+00:00,732.8883922,677.9566395,132.0440172,54.947248650000006,0.0
2019-11-13 01:00:00+00:00,736.937149,660.4383646,115.5060756,76.55460075000002,0.0
2019-11-13 02:00:00+00:00,737.2793223,655.1143595,114.0833524,82.19565138000002,0.0
2019-11-13 03:00:00+00:00,773.7615202,656.9929453,113.8850188,116.85433102000002,0.0
2019-11-13 04:00:00+00:00,910.5861968,665.3109335,107.5561339,245.38230392999998,0.0
2019-11-13 05:00:00+00:00,1063.736277,793.2200215,98.78932383,270.81816051,0.0
2019-11-13 06:00:00+00:00,1159.574849,868.155309,114.2554119,291.5554602,0.0
2019-11-13 07:00:00+00:00,1206.319021,914.8527324,141.2405128,291.49685450000004,0.0
2019-11-13 08:00:00+00:00,1194.502807,902.0267232,145.5128721,292.5194589,0.0
2019-11-13 09:00:00+00:00,1187.345693,910.0483093,146.675794,277.32719940000004,0.0
2019-11-13 10:00:00+00:00,1186.719371,923.7551625,149.8178367,262.89370040000006,0.0
2019-11-13 11:00:00+00:00,1211.670441,908.4887491,154.8463887,303.3518511,0.0
2019-11-13 12:00:00+00:00,1197.307292,916.8978881,139.1335169,280.40935532000003,0.0
2019-11-13 13:00:00+00:00,1197.269175,921.7605135,146.1280263,275.50689164999994,0.0
2019-11-13 14:00:00+00:00,1215.581472,911.4374644,136.606809,304.10674613000003,0.0
2019-11-13 15:00:00+00:00,1202.233531,898.0935058,116.0415905,304.21782639,0.0
2019-11-13 16:00:00+00:00,1173.025116,908.4582773,115.7738088,264.69132034999996,0.0
2019-11-13 17:00:00+00:00,1133.996053,863.715144,105.6865775,270.30554277,0.0
2019-11-13 18:00:00+00:00,1091.2217,833.2620848,96.45776617,257.95958698,0.0
2019-11-13 19:00:00+00:00,1032.863286,664.5948029,107.0266654,368.28550995,0.0
2019-11-13 20:00:00+00:00,960.3804169,658.6481222,105.3050676,301.6735288,0.0
2019-11-13 21:00:00+00:00,860.6780141,626.2708995,89.83495008,234.41338717000002,0.0
2019-11-13 22:00:00+00:00,792.7836456,618.9238332,82.96447942,173.93163100000004,0.0
2019-11-13 23:00:00+00:00,748.7482656,618.0222728,83.49897,130.65664329999998,0.0
2019-11-14 00:00:00+00:00,730.9481557,610.310791,75.62102892,120.38681071999997,0.0
2019-11-14 01:00:00+00:00,725.3763732,605.666916,80.40425625,119.69526580000004,0.0
2019-11-14 02:00:00+00:00,738.7624005,603.6062163,84.38480442,135.21349283299998,0.0
2019-11-14 03:00:00+00:00,766.5888978,641.6664124,120.2184964,124.88359603300003,0.0
2019-11-14 04:00:00+00:00,887.6023254,704.9400076,164.0615718,182.5355678,0.0
2019-11-14 05:00:00+00:00,1043.458883,865.1367799,189.2924386,178.29980510000001,0.0
2019-11-14 06:00:00+00:00,1133.488871,958.3429209,208.3549728,175.19096537,0.0
2019-11-14 07:00:00+00:00,1165.165894,992.4899903,222.4662209,172.62968203999998,0.0
2019-11-14 08:00:00+00:00,1192.501607,988.2222951,232.3140311,204.2890528,0.0
2019-11-14 09:00:00+00:00,1175.312978,973.0475463,228.7570775,202.32943010000002,0.0
2019-11-14 10:00:00+00:00,1163.966268,948.606903,229.5978304,215.3351806,0.0
2019-11-14 11:00:00+00:00,1173.971619,963.6738842,228.7614746,210.30693615,0.0
2019-11-14 12:00:00+00:00,1170.506266,1003.922023,238.2225559,166.757192447,0.0
2019-11-14 13:00:00+00:00,1168.060222,1000.848399,233.5109838,167.066664083,0.0
2019-11-14 14:00:00+00:00,1188.135874,966.6841177,201.1196708,221.70797847,0.0
2019-11-14 15:00:00+00:00,1186.824911,946.7936503,175.7853304,240.01594067000002,0.0
2019-11-14 16:00:00+00:00,1161.026561,940.4718425,168.9546268,220.52755663,0.0
2019-11-14 17:00:00+00:00,1129.2966,911.8185577,145.6480408,217.59544073,0.0
2019-11-14 18:00:00+00:00,1089.778453,811.4617563,111.9367338,278.36976179999994,0.0
2019-11-14 19:00:00+00:00,1046.914922,648.0260467,90.35157825,399.05650249999997,0.0
2019-11-14 20:00:00+00:00,987.0237988,613.3690794,82.14643417,373.5716384,0.0
2019-11-14 21:00:00+00:00,892.4206696,549.5249685,45.88430883,342.8801304,0.0
2019-11-14 22:00:00+00:00,823.4116159,586.1999665,30.58251108,237.16991760000002,0.0
2019-11-14 23:00:00+00:00,792.7473093,600.8865203,14.98964117,191.79981198300004,0.0
2019-11-15 00:00:00+00:00,781.4089202,594.0035656,11.91514525,187.39002914999998,0.0
2019-11-15 01:00:00+00:00,775.5311228,579.4005788,8.367893083,196.09436677000002,0.0
2019-11-15 02:00:00+00:00,785.1090545,562.6711476,6.6553965,222.43751863,0.0
2019-11-15 03:00:00+00:00,821.1677807,569.8771617,7.76485775,251.25606635000003,0.0
2019-11-15 04:00:00+00:00,949.9811554,607.1304118,7.250762,342.844859,0.0
2019-11-15 05:00:00+00:00,1113.683044,704.7416331,6.73497475,409.11637632,0.0
2019-11-15 06:00:00+00:00,1203.769135,765.8371428,7.185293583,437.98110695,0.0
2019-11-15 07:00:00+00:00,1244.360199,787.7137706,11.57186792,456.70171817000005,0.0
2019-11-15 08:00:00+00:00,1230.654409,771.5667725,20.20852708,458.865168547,0.0
2019-11-15 09:00:00+00:00,1213.936829,739.787201,26.89312625,474.1518889299999,0.0
2019-11-15 10:00:00+00:00,1180.634043,723.8162995,24.31142875,456.91393782,0.0
2019-11-15 11:00:00+00:00,1197.276255,774.1370493,27.99888475,423.07331922,0.0
2019-11-15 12:00:00+00:00,1189.136953,806.9542389,26.240475,382.239014283,0.0
2019-11-15 13:00:00+00:00,1194.718984,792.3746797,29.82822092,402.181621017,0.0
2019-11-15 14:00:00+00:00,1230.679993,817.7177684,49.19052725,412.93969771699994,0.0
2019-11-15 15:00:00+00:00,1241.518362,828.2467498,75.53387508,413.415212,0.0
2019-11-15 16:00:00+00:00,1210.213481,846.4827373,92.03188758,363.94929709999997,0.0
2019-11-15 17:00:00+00:00,1169.935852,858.6113688,101.5029875,311.3825502,0.0
2019-11-15 18:00:00+00:00,1116.256846,707.2640941,96.66724642,409.04188500000004,0.0
2019-11-15 19:00:00+00:00,1065.278646,594.4651745,95.34041717,471.02824753000004,0.0
2019-11-15 20:00:00+00:00,997.2578124,572.1015319,90.25814367,425.0248998,0.0
2019-11-15 21:00:00+00:00,918.7771249,590.4914908,87.24306933,328.2740592,0.0
2019-11-15 22:00:00+00:00,850.4328256,585.440094,94.2778785,264.95302603000005,0.0
2019-11-15 23:00:00+00:00,811.216334,580.9887086,91.36720792,230.24854480000002,0.0
2019-11-16 00:00:00+00:00,788.4395753,556.1632995,65.41560675,232.24347342999997,0.0
2019-11-16 01:00:00+00:00,776.3697357,552.6405284,61.77645967,223.77947035,0.0
2019-11-16 02:00:00+00:00,773.451182,555.2888438,64.75938017,218.24002743300002,0.0
2019-11-16 03:00:00+00:00,784.8704377,545.0293628,53.73039333,239.87072017999998,0.0
2019-11-16 04:00:00+00:00,822.6018677,537.2077688,45.13294858,285.374662417,0.0
2019-11-16 05:00:00+00:00,879.4765779,539.0834148,44.36908783,340.4613173,0.0
2019-11-16 06:00:00+00:00,932.2354178,537.623759,40.81872508,394.51239725,0.0
2019-11-16 07:00:00+00:00,997.9498595,561.4466909,35.47130425,436.4663399,0.0
2019-11-16 08:00:00+00:00,1031.0964,553.7544657,28.18515933,477.24985037999994,0.0
2019-11-16 09:00:00+00:00,1039.567973,565.2249756,23.87054917,474.36713038,0.0
2019-11-16 10:00:00+00:00,1038.589478,571.4374339,23.09601008,467.1588264,0.0
2019-11-16 11:00:00+00:00,1036.506846,575.3280233,26.67561325,461.09270849999996,0.0
2019-11-16 12:00:00+00:00,1031.399531,587.526769,35.31992892,443.84366009999997,0.0
2019-11-16 13:00:00+00:00,1027.024317,581.8915608,42.75376975,445.0574264,0.0
2019-11-16 14:00:00+00:00,1077.664439,598.9374899,48.920338,478.8470769999999,0.0
2019-11-16 15:00:00+00:00,1093.069275,617.3172251,49.41645358,475.72707779999996,0.0
2019-11-16 16:00:00+00:00,1075.884196,599.6712291,58.88623342,476.20727545,0.0
2019-11-16 17:00:00+00:00,1049.496389,601.4638469,71.08700583,448.133601,0.0
2019-11-16 18:00:00+00:00,1015.518672,616.2119953,74.23253367,399.54916688000003,0.0
2019-11-16 19:00:00+00:00,970.1070505,592.5079652,66.68576042,377.5943259,0.0
2019-11-16 20:00:00+00:00,907.9172363,581.6330058,68.26193892,326.3875108,0.0
2019-11-16 21:00:00+00:00,854.3527629,594.3961335,86.18729342,259.9585431,0.0
2019-11-16 22:00:00+00:00,807.1824645,566.7791494,73.40512075,240.3796898,0.0
2019-11-16 23:00:00+00:00,770.3086143,604.8564098,91.02248067,165.44955659999997,0.0
2019-11-17 00:00:00+00:00,748.7188059,600.1299948,96.40810142,148.6122345,0.0
2019-11-17 01:00:00+00:00,735.6223653,641.4342295,111.0652092,94.10861818000001,0.0
2019-11-17 02:00:00+00:00,729.0783641,654.0622151,118.4453277,75.04780409999998,0.0
2019-11-17 03:00:00+00:00,734.26976,662.787552,124.4250992,71.58185999999998,0.0
2019-11-17 04:00:00+00:00,765.2505644,685.3800659,142.07938,79.86519494999999,0.0
2019-11-17 05:00:00+00:00,810.8571983,681.2864837,140.2580681,129.61979099999996,0.0
2019-11-17 06:00:00+00:00,851.4344686,658.6651917,124.9146603,192.69472610000005,0.0
2019-11-17 07:00:00+00:00,915.6203308,667.3863476,127.2289933,248.20670359999997,0.0
2019-11-17 08:00:00+00:00,957.5545043,652.2851918,110.1171029,305.31168349999996,0.0
2019-11-17 09:00:00+00:00,973.6103211,641.2099405,105.1042652,332.4510045,0.0
2019-11-17 10:00:00+00:00,950.4232432,643.1417796,116.1083851,307.2526960999999,0.0
2019-11-17 11:00:00+00:00,939.1651611,624.2045034,122.8202169,315.0193384,0.0
2019-11-17 12:00:00+00:00,951.0942637,595.4377442,109.7968527,355.76767270000005,0.0
2019-11-17 13:00:00+00:00,958.5633749,564.387202,89.139836,394.2221563,0.0
2019-11-17 14:00:00+00:00,1027.917404,588.1563823,99.80034908,439.59506569999996,0.0
2019-11-17 15:00:00+00:00,1062.991231,585.7273051,107.6208172,477.34096160000007,0.0
2019-11-17 16:00:00+00:00,1061.762878,636.4436849,109.3186766,425.34725302000004,0.0
2019-11-17 17:00:00+00:00,1038.237783,637.9903718,115.7189459,400.03013480000004,0.0
2019-11-17 18:00:00+00:00,1007.112427,604.499761,110.4020748,402.8574816,0.0
2019-11-17 19:00:00+00:00,964.5186819,573.5211131,87.07420975,391.04277127,0.0
2019-11-17 20:00:00+00:00,892.5072531,549.3419191,62.46247483,343.2522264,0.0
2019-11-17 21:00:00+00:00,823.2562409,553.7915548,44.245208,269.3645447,0.0
2019-11-17 22:00:00+00:00,769.1425527,550.7821403,35.22693783,218.35912507999996,0.0
2019-11-17 23:00:00+00:00,734.9447531,482.4492161,22.34783683,252.59131799999997,0.0
2019-11-18 00:00:00+00:00,714.4232534,449.1802851,17.81699083,265.32798155,0.0
2019-11-18 01:00:00+00:00,719.0477091,441.1086326,18.41231142,278.08954403,0.0
2019-11-18 02:00:00+00:00,728.5802308,436.1239878,19.22676125,292.49871472,0.0
2019-11-18 03:00:00+00:00,765.1340382,431.5750834,16.59521242,333.55762837000003,0.0
2019-11-18 04:00:00+00:00,891.3972016,486.8740386,16.58148017,404.4276209799999,0.0
2019-11-18 05:00:00+00:00,1051.859873,517.2315519,21.88691417,534.8047503,0.0
2019-11-18 06:00:00+00:00,1152.084188,531.8778993,29.81240375,620.2869422,0.0
2019-11-18 07:00:00+00:00,1199.344808,548.408554,37.53471417,650.9497293,0.0
2019-11-18 08:00:00+00:00,1193.041992,563.7166902,35.74751583,629.4331309,0.0
2019-11-18 09:00:00+00:00,1173.788188,570.9702963,37.31048333,603.04005065,0.0
2019-11-18 10:00:00+00:00,1166.231171,627.4346517,37.86769542,538.79239138,0.0
2019-11-18 11:00:00+00:00,1191.627879,630.0669201,47.53253133,561.6380332000001,0.0
2019-11-18 12:00:00+00:00,1188.947764,626.8540598,58.12931483,562.11108875,0.0
2019-11-18 13:00:00+00:00,1204.855174,619.3724823,68.13823417,585.6237386,0.0
2019-11-18 14:00:00+00:00,1226.159637,638.7533061,76.30752058,587.4400788,0.0
2019-11-18 15:00:00+00:00,1208.230337,673.12795,74.37825083,535.0883603,0.0
2019-11-18 16:00:00+00:00,1176.067708,714.6730805,86.77195675,461.4055873,0.0
2019-11-18 17:00:00+00:00,1127.463766,670.4381662,85.4174455,457.10375883,0.0
2019-11-18 18:00:00+00:00,1076.125407,618.1835174,93.55013792,457.95019320000006,0.0
2019-11-18 19:00:00+00:00,1028.629552,614.1374512,86.35190825,414.64904395299993,0.0
2019-11-18 20:00:00+00:00,937.9259489,597.584264,78.50489033,340.27728643,0.0
2019-11-18 21:00:00+00:00,832.6373545,583.5437368,76.34599492,249.11951829999998,0.0
2019-11-18 22:00:00+00:00,788.1752778,594.0760855,67.42138925,194.19475250000002,0.0
2019-11-18 23:00:00+00:00,749.3217774,603.9006703,69.23624475,145.5575141,0.0
2019-11-19 00:00:00+00:00,739.9802551,612.7534536,68.62822075,127.22510150000005,0.0
2019-11-19 01:00:00+00:00,732.6658172,614.9765218,67.83021108,117.68220760000003,0.0
2019-11-19 02:00:00+00:00,738.2804768,620.2314402,76.57145108,118.11443880000002,0.0
2019-11-19 03:00:00+00:00,776.5285492,645.0248413,98.53405642,131.51896349999998,0.0
2019-11-19 04:00:00+00:00,905.5993907,677.8568268,123.248436,227.78176726,0.0
2019-11-19 05:00:00+00:00,1059.946075,753.0029247,150.9413516,306.88392395,0.0
2019-11-19 06:00:00+00:00,1158.142639,783.2346802,161.545601,374.9421495,0.0
2019-11-19 07:00:00+00:00,1200.011861,751.8950449,145.9454499,448.31435609999994,0.0
2019-11-19 08:00:00+00:00,1189.001038,706.5787608,140.3421976,482.4420792000001,0.0
2019-11-19 09:00:00+00:00,1199.920298,688.9014078,131.0543005,511.06197019999996,0.0
2019-11-19 10:00:00+00:00,1180.411967,716.1403098,130.9384645,464.36372240000003,0.0
2019-11-19 11:00:00+00:00,1193.241516,686.9105123,120.1908813,506.3815182000001,0.0
2019-11-19 12:00:00+00:00,1176.351318,671.596232,105.94122,504.85157982,0.0
2019-11-19 13:00:00+00:00,1190.516235,693.4805756,113.3292123,497.02886147,0.0
2019-11-19 14:00:00+00:00,1214.08788,700.6147919,109.9031398,513.4781493,0.0
2019-11-19 15:00:00+00:00,1208.154348,714.6587169,120.7266261,493.52426199999996,0.0
2019-11-19 16:00:00+00:00,1187.178365,714.8895363,131.3582841,472.30055746999994,0.0
2019-11-19 17:00:00+00:00,1146.441701,723.1049502,129.3326968,423.31447675000004,0.0
2019-11-19 18:00:00+00:00,1114.165711,686.2445171,105.336656,427.9473435,0.0
2019-11-19 19:00:00+00:00,1051.205149,691.4140828,107.8698953,359.7969445,0.0
2019-11-19 20:00:00+00:00,970.2605692,693.3788045,106.4119079,276.95141027,0.0
2019-11-19 21:00:00+00:00,876.8046671,679.1425169,104.715318,197.68577267,0.0
2019-11-19 22:00:00+00:00,813.6841785,672.4303029,98.70145983,141.251000217,0.0
2019-11-19 23:00:00+00:00,766.7270508,664.2685393,84.77480383,102.48698449999998,0.0
2019-11-20 00:00:00+00:00,750.673696,668.4186249,90.16060708,82.23982509999999,0.0
2019-11-20 01:00:00+00:00,744.5524038,670.6118318,79.80234408,73.97205690000001,0.0
2019-11-20 02:00:00+00:00,752.0018259,638.7241872,65.84678842,113.26419229999999,0.0
2019-11-20 03:00:00+00:00,790.8621723,641.4855753,56.0118285,149.39106269999996,0.0
2019-11-20 04:00:00+00:00,912.9869334,675.8565114,53.13445392,237.19090350000002,0.0
2019-11-20 05:00:00+00:00,1064.246953,677.2144115,46.86614958,387.05183932,0.0
2019-11-20 06:00:00+00:00,1161.537486,760.7039287,45.90764108,400.83708390000004,0.0
2019-11-20 07:00:00+00:00,1194.735514,792.1603852,42.24719808,402.6285108000001,0.0
2019-11-20 08:00:00+00:00,1195.192088,780.4134726,37.67799158,414.76947839999997,0.0
2019-11-20 09:00:00+00:00,1194.52652,773.2068379,34.45479108,421.2868088999999,0.0
2019-11-20 10:00:00+00:00,1186.390879,775.2115631,33.81931867,411.2999140299999,0.0
2019-11-20 11:00:00+00:00,1214.932149,759.4578195,33.55095242,455.39403197999997,0.0
2019-11-20 12:00:00+00:00,1209.200562,755.2271168,24.69048133,454.0294009,0.0
2019-11-20 13:00:00+00:00,1218.487651,750.706314,23.4525735,467.81318912,0.0
2019-11-20 14:00:00+00:00,1241.775981,768.2733816,27.87741667,473.57030073,0.0
2019-11-20 15:00:00+00:00,1226.775035,804.5749003,33.28987733,422.28769585,0.0
2019-11-20 16:00:00+00:00,1198.280904,811.6112978,37.3151035,386.6640734699999,0.0
2019-11-20 17:00:00+00:00,1162.793254,777.3027852,42.71361158,385.34986542,0.0
2019-11-20 18:00:00+00:00,1118.617391,669.2818706,45.00209075,449.3987951999999,0.0
2019-11-20 19:00:00+00:00,1063.600515,641.3815054,49.15140317,422.22767983,0.0
2019-11-20 20:00:00+00:00,983.2996725,643.015147,49.39609775,340.327438517,0.0
2019-11-20 21:00:00+00:00,890.7749685,641.1304626,47.5838585,249.62230437999997,0.0
2019-11-20 22:00:00+00:00,828.3566029,644.4759674,44.75228083,183.89564220000003,0.0
2019-11-20 23:00:00+00:00,780.7815247,636.0205282,46.00419742,144.66319722999998,0.0
2019-11-21 00:00:00+00:00,759.9274546,647.3982748,55.69189383,112.5697385,0.0
2019-11-21 01:00:00+00:00,755.9580688,655.826889,63.61314983,100.06435269999999,0.0
2019-11-21 02:00:00+00:00,762.1977488,662.9010771,74.38374075,99.25774469999996,0.0
2019-11-21 03:00:00+00:00,799.2117868,678.9689128,86.67081958,120.19094520000004,0.0
2019-11-21 04:00:00+00:00,923.6960093,681.6798148,86.81973717,242.031823883,0.0
2019-11-21 05:00:00+00:00,1098.845169,691.8545939,71.38622975,407.01189022999995,0.0
2019-11-21 06:00:00+00:00,1202.094096,740.7695007,77.68912533,461.5589729799999,0.0
2019-11-21 07:00:00+00:00,1232.8007,786.2087453,86.48053625,446.517803833,0.0
2019-11-21 08:00:00+00:00,1236.396668,754.4715271,85.27787142,481.93402408,0.0
2019-11-21 09:00:00+00:00,1225.730459,718.2691344,92.04397708,507.49743500000005,0.0
2019-11-21 10:00:00+00:00,1209.501485,739.713379,92.94424058,469.9757846,0.0
2019-11-21 11:00:00+00:00,1219.292948,711.1346488,81.90613742,508.0793052,0.0
2019-11-21 12:00:00+00:00,1230.16684,764.0152792,76.58916408,466.23108387,0.0
2019-11-21 13:00:00+00:00,1234.08252,777.4824575,80.7539825,456.63254157,0.0
2019-11-21 14:00:00+00:00,1260.13681,775.0977935,84.47421892,485.09594460000005,0.0
2019-11-21 15:00:00+00:00,1240.236684,761.6292419,89.69248392,478.75034353,0.0
2019-11-21 16:00:00+00:00,1208.297709,769.0274912,99.05202358,439.27719388,0.0
2019-11-21 17:00:00+00:00,1161.227549,755.1104889,101.9754301,406.12965741999994,0.0
2019-11-21 18:00:00+00:00,1120.302958,697.4927266,110.0318704,423.1355385,0.0
2019-11-21 19:00:00+00:00,1062.599091,647.1227366,111.8052761,415.56951633,0.0
2019-11-21 20:00:00+00:00,997.4227346,636.5403543,96.53284592,360.8785235,0.0
2019-11-21 21:00:00+00:00,897.8989004,621.8048248,92.27620933,276.1668516,0.0
2019-11-21 22:00:00+00:00,825.3455454,626.7390036,97.35584175,198.62573419999995,0.0
2019-11-21 23:00:00+00:00,786.7528023,635.0665689,101.020134,151.89403299999998,0.0
2019-11-22 00:00:00+00:00,775.6866303,648.8547515,112.9120273,126.77866224999997,0.0
2019-11-22 01:00:00+00:00,777.0644175,647.1761983,112.0219903,129.88410599999997,0.0
2019-11-22 02:00:00+00:00,790.7505138,639.2201691,106.7416796,151.56717828000006,0.0
2019-11-22 03:00:00+00:00,832.6711733,669.4831594,136.936315,163.24226022,0.0
2019-11-22 04:00:00+00:00,950.8496146,714.4028218,154.7248319,236.55133863,0.0
2019-11-22 05:00:00+00:00,1115.109833,708.0292765,117.7305604,407.19206701999997,0.0
2019-11-22 06:00:00+00:00,1221.464081,777.6439718,110.8175653,443.7356783,0.0
2019-11-22 07:00:00+00:00,1267.42631,859.5988361,107.4083334,407.91330695,0.0
2019-11-22 08:00:00+00:00,1280.494487,739.1913961,95.70117967,541.4292764,0.0
2019-11-22 09:00:00+00:00,1282.992361,744.8333943,96.89456375,538.186616,0.0
2019-11-22 10:00:00+00:00,1270.611257,743.1427408,90.41077233,527.4372583999999,0.0
2019-11-22 11:00:00+00:00,1281.19516,720.2438863,82.26532883,561.12653095,0.0
2019-11-22 12:00:00+00:00,1270.204753,731.9800822,81.19950725,538.24970802,0.0
2019-11-22 13:00:00+00:00,1281.384237,732.9740041,74.40143333,548.5777952999999,0.0
2019-11-22 14:00:00+00:00,1319.334168,745.4350484,79.01692642,574.1295873500001,0.0
2019-11-22 15:00:00+00:00,1299.536133,744.8763021,76.740012,554.6722083,0.0
2019-11-22 16:00:00+00:00,1267.285624,744.3663993,75.50465058,522.9338674,0.0
2019-11-22 17:00:00+00:00,1218.6993,737.5563812,75.79636008,481.28150583,0.0
2019-11-22 18:00:00+00:00,1173.494883,666.7246245,71.5008475,506.9433855,0.0
2019-11-22 19:00:00+00:00,1116.61677,676.1976878,70.05557617,440.45314612999994,0.0
2019-11-22 20:00:00+00:00,1048.998698,704.952718,74.89843375,344.0844331,0.0
2019-11-22 21:00:00+00:00,956.4943847,678.8438773,79.78940275,277.76839652,0.0
2019-11-22 22:00:00+00:00,885.2578988,689.2283122,78.59517283,196.08275510000004,0.0
2019-11-22 23:00:00+00:00,857.1414591,689.0230256,82.59535358,168.19334250000003,0.0
2019-11-23 00:00:00+00:00,832.9111633,658.403122,68.45619267,174.46612489999998,0.0
2019-11-23 01:00:00+00:00,823.6264038,664.5272878,69.90462175,159.167678617,0.0
2019-11-23 02:00:00+00:00,807.9137115,655.8584951,64.10218117,152.16083935000006,0.0
2019-11-23 03:00:00+00:00,812.2856393,611.2590433,65.25493783,201.10056733000005,0.0
2019-11-23 04:00:00+00:00,854.9321644,609.4781849,66.85186633,245.4804568,0.0
2019-11-23 05:00:00+00:00,921.8982748,621.7117005,68.68320967,300.26305699999995,0.0
2019-11-23 06:00:00+00:00,981.266693,605.3810121,68.8379165,375.90087029999995,0.0
2019-11-23 07:00:00+00:00,1038.789291,597.6595866,64.657761,441.27475929999997,0.0
2019-11-23 08:00:00+00:00,1078.214864,622.2865396,53.90896233,456.0026045,0.0
2019-11-23 09:00:00+00:00,1084.290009,634.2060242,54.30300075,450.1690535,0.0
2019-11-23 10:00:00+00:00,1086.892893,639.0181122,59.24954733,448.03007010000005,0.0
2019-11-23 11:00:00+00:00,1089.739034,641.4064433,61.58307567,448.35140730000006,0.0
2019-11-23 12:00:00+00:00,1084.091919,639.6465912,59.2176685,444.3663805,0.0
2019-11-23 13:00:00+00:00,1096.830129,627.4408316,48.6565805,469.69398699999994,0.0
2019-11-23 14:00:00+00:00,1159.985677,646.8805288,52.94495833,513.2118635,0.0
2019-11-23 15:00:00+00:00,1167.673167,643.5490925,56.85389592,524.24977,0.0
2019-11-23 16:00:00+00:00,1145.226959,620.1065777,52.63865092,525.03990252,0.0
2019-11-23 17:00:00+00:00,1119.866547,620.8807627,53.61879133,498.98950060000004,0.0
2019-11-23 18:00:00+00:00,1087.886302,629.8554485,46.67269542,457.9785389,0.0
2019-11-23 19:00:00+00:00,1045.056529,586.5487927,42.20246292,458.49552270000004,0.0
2019-11-23 20:00:00+00:00,990.2925619,582.1893973,35.17374767,408.11382050000003,0.0
2019-11-23 21:00:00+00:00,938.0694224,588.5905965,27.83827358,349.53962409999997,0.0
2019-11-23 22:00:00+00:00,885.2882131,587.2526041,32.92517,298.126295,0.0
2019-11-23 23:00:00+00:00,844.7367045,572.1276397,33.45292567,272.47399310000003,0.0
2019-11-24 00:00:00+00:00,823.6536661,564.3237609,34.44028625,259.39822717000004,0.0
2019-11-24 01:00:00+00:00,809.6715597,559.559733,33.62375875,250.02546143,0.0
2019-11-24 02:00:00+00:00,812.8556773,554.2650248,32.3844665,258.83970250000004,0.0
2019-11-24 03:00:00+00:00,826.0563405,555.2403971,27.9728785,270.78470553,0.0
2019-11-24 04:00:00+00:00,857.1269888,561.8170268,27.78047767,295.3663318,0.0
2019-11-24 05:00:00+00:00,903.2801056,563.3945821,33.5801835,339.75733280000003,0.0
2019-11-24 06:00:00+00:00,965.4171448,561.3188731,30.06831408,404.15922789999996,0.0
2019-11-24 07:00:00+00:00,1029.412384,556.088272,21.17835858,473.27710729999995,0.0
2019-11-24 08:00:00+00:00,1070.193227,554.7920684,16.81556075,515.4673991999999,0.0
2019-11-24 09:00:00+00:00,1077.68574,585.8549754,14.13497867,491.8383321,0.0
2019-11-24 10:00:00+00:00,1072.048991,603.4085237,15.72375683,468.7017237000001,0.0
2019-11-24 11:00:00+00:00,1068.153666,599.7948863,14.80279675,468.62958439999994,0.0
2019-11-24 12:00:00+00:00,1072.198364,597.7987926,12.36006475,474.4515938,0.0
2019-11-24 13:00:00+00:00,1086.012716,596.554774,11.27825358,489.4739555000001,0.0
2019-11-24 14:00:00+00:00,1165.963593,607.2411651,18.85653608,558.6882244000001,0.0
2019-11-24 15:00:00+00:00,1192.18927,624.1654511,27.44798475,568.1774998,0.0
2019-11-24 16:00:00+00:00,1184.045197,640.485733,35.69860417,543.5387303,0.0
2019-11-24 17:00:00+00:00,1170.04304,662.9348093,37.11555117,507.10267870000007,0.0
2019-11-24 18:00:00+00:00,1137.492371,644.6762389,41.60556383,492.92100650000003,0.0
2019-11-24 19:00:00+00:00,1090.917725,640.004883,53.61898517,450.9254386,0.0
2019-11-24 20:00:00+00:00,1026.607519,639.7558186,57.93448858,386.9846265,0.0
2019-11-24 21:00:00+00:00,959.9739176,638.7715404,56.32016475,321.1379651000001,0.0
2019-11-24 22:00:00+00:00,905.0616302,635.5232595,47.54803783,269.6432612,0.0
2019-11-24 23:00:00+00:00,869.6113891,570.2404277,35.11227175,299.3545617,0.0
2019-11-25 00:00:00+00:00,845.9066161,554.6398316,35.372907,291.2284687,0.0
2019-11-25 01:00:00+00:00,845.7213033,562.8111929,38.31221783,282.8674235,0.0
2019-11-25 02:00:00+00:00,869.0399577,569.1434836,33.96559475,299.79623390000006,0.0
2019-11-25 03:00:00+00:00,910.6891834,580.0502623,38.03174425,330.6556289,0.0
2019-11-25 04:00:00+00:00,1030.745717,661.2505442,42.74863875,369.4747283,0.0
2019-11-25 05:00:00+00:00,1193.620402,686.502304,37.06740217,507.17751087,0.0
2019-11-25 06:00:00+00:00,1301.952505,723.3182678,39.39061642,578.6566826000001,0.0
2019-11-25 07:00:00+00:00,1328.961701,823.9238078,38.30090717,504.98574901999996,0.0
2019-11-25 08:00:00+00:00,1333.050761,673.3149922,32.0161385,659.5683169499999,0.0
2019-11-25 09:00:00+00:00,1317.303019,705.0260671,23.39548383,612.18386805,0.0
2019-11-25 10:00:00+00:00,1295.558299,726.8952483,19.047322,568.6738859999999,0.0
2019-11-25 11:00:00+00:00,1322.84846,731.2339833,14.87532208,591.5553569,0.0
2019-11-25 12:00:00+00:00,1321.494364,750.4075724,14.74902067,571.15869503,0.0
2019-11-25 13:00:00+00:00,1337.594493,773.1210735,15.701864,564.4534077000001,0.0
2019-11-25 14:00:00+00:00,1371.102122,775.3127392,23.69241533,595.76904645,0.0
2019-11-25 15:00:00+00:00,1351.474965,802.9207002,30.33219592,548.6950058,0.0
2019-11-25 16:00:00+00:00,1319.018168,802.5856018,30.87847867,516.492986367,0.0
2019-11-25 17:00:00+00:00,1274.514872,774.8089089,26.356352,499.672871583,0.0
2019-11-25 18:00:00+00:00,1231.479248,733.5808613,32.05102858,497.89575775000003,0.0
2019-11-25 19:00:00+00:00,1180.445709,729.8549651,31.71039433,450.73207049999996,0.0
2019-11-25 20:00:00+00:00,1088.383575,784.2233633,33.80084908,304.15009857,0.0
2019-11-25 21:00:00+00:00,992.5034689,781.5590057,39.60059983,210.9446221500001,0.0
2019-11-25 22:00:00+00:00,925.5358786,685.0869447,36.49929242,240.40705999999994,0.0
2019-11-25 23:00:00+00:00,882.0757191,713.4782409,23.76598492,168.66688009999996,0.0
2019-11-26 00:00:00+00:00,863.9807586,717.624105,20.13742692,146.3653549,0.0
2019-11-26 01:00:00+00:00,860.1115367,712.3799235,18.73312208,147.7316273,0.0
2019-11-26 02:00:00+00:00,873.0632273,705.2069041,17.71338983,167.86951319999997,0.0
2019-11-26 03:00:00+00:00,911.1398012,709.8297017,17.33020925,201.30388539999996,0.0
2019-11-26 04:00:00+00:00,1029.502909,784.8083293,21.65245667,244.69778755,0.0
2019-11-26 05:00:00+00:00,1190.332367,814.0353138,24.70792142,376.31924427,0.0
2019-11-26 06:00:00+00:00,1295.410136,809.9194793,23.31886758,485.51626187,0.0
2019-11-26 07:00:00+00:00,1323.954458,817.7748667,28.18798325,506.31828716999996,0.0
2019-11-26 08:00:00+00:00,1327.313151,813.6284741,26.31707642,513.6147520999999,0.0
2019-11-26 09:00:00+00:00,1343.04067,807.5304516,25.17839817,535.5806719,0.0
2019-11-26 10:00:00+00:00,1326.194926,770.2871042,27.02888442,555.701323,0.0
2019-11-26 11:00:00+00:00,1357.681803,806.7447358,25.87610258,550.7965834,0.0
2019-11-26 12:00:00+00:00,1329.774689,823.0822094,28.89248992,506.74299338000003,0.0
2019-11-26 13:00:00+00:00,1351.781942,821.5493623,30.34166525,530.34769153,0.0
2019-11-26 14:00:00+00:00,1368.234426,828.2733917,36.32386667,539.983306567,0.0
2019-11-26 15:00:00+00:00,1336.532349,841.2098086,43.12114242,495.28755397,0.0
2019-11-26 16:00:00+00:00,1302.50353,835.6872967,54.09265833,466.7808341,0.0
2019-11-26 17:00:00+00:00,1260.13502,840.999888,56.40275183,419.13108251700004,0.0
2019-11-26 18:00:00+00:00,1217.37149,797.2828828,53.48549458,420.0191516,0.0
2019-11-26 19:00:00+00:00,1170.750397,786.3316295,46.29672242,384.44967657999996,0.0
2019-11-26 20:00:00+00:00,1083.885264,783.1856131,42.38501258,300.6762182999999,0.0
2019-11-26 21:00:00+00:00,987.9158478,740.9596048,45.42298092,246.88117851999993,0.0
2019-11-26 22:00:00+00:00,916.9050446,695.0066071,42.9136205,221.83648699999998,0.0
2019-11-26 23:00:00+00:00,878.2776133,687.9190419,38.82674025,190.19206560000003,0.0
2019-11-27 00:00:00+00:00,860.3246765,681.1468505,28.695011,179.19162049999994,0.0
2019-11-27 01:00:00+00:00,857.8014018,719.743393,22.49196217,137.99473200000006,0.0
2019-11-27 02:00:00+00:00,862.058436,722.4112803,16.09288467,139.53962049999996,0.0
2019-11-27 03:00:00+00:00,898.6319173,728.4246674,19.21191708,170.26318859999998,0.0
2019-11-27 04:00:00+00:00,1009.247289,777.2157032,20.75005917,232.00687495,0.0
2019-11-27 05:00:00+00:00,1174.763916,804.6396028,31.27898742,370.1181093,0.0
2019-11-27 06:00:00+00:00,1307.839885,837.5790253,43.57746017,470.20809199999997,0.0
2019-11-27 07:00:00+00:00,1321.896942,842.7273865,47.66934975,479.27309055,0.0
2019-11-27 08:00:00+00:00,1326.507253,829.5042981,47.20767983,496.9436386,0.0
2019-11-27 09:00:00+00:00,1329.209625,833.8846792,50.54193,495.25174710000005,0.0
2019-11-27 10:00:00+00:00,1309.295715,851.0407258,55.84948842,458.24728550000003,0.0
2019-11-27 11:00:00+00:00,1332.609833,848.1509653,64.62989392,484.4095492,0.0
2019-11-27 12:00:00+00:00,1317.663747,862.7476603,71.09312308,454.80816302000005,0.0
2019-11-27 13:00:00+00:00,1333.249003,854.7870535,63.51538158,478.54431616999995,0.0
2019-11-27 14:00:00+00:00,1339.473643,855.3318838,65.86643508,484.1388475,0.0
2019-11-27 15:00:00+00:00,1300.562642,857.6244151,69.04537317,442.9023882,0.0
2019-11-27 16:00:00+00:00,1278.559896,862.9102072,78.98929958,415.6864866,0.0
2019-11-27 17:00:00+00:00,1249.310516,851.5001527,92.77007417,397.82230821699994,0.0
2019-11-27 18:00:00+00:00,1212.72993,824.5562186,94.98680825,388.20349030000006,0.0
2019-11-27 19:00:00+00:00,1158.388133,826.2923585,93.11771958,332.18428156999994,0.0
2019-11-27 20:00:00+00:00,1077.236817,815.7083078,90.26175633,261.54443756999996,0.0
2019-11-27 21:00:00+00:00,974.7283682,802.6191916,102.4497916,172.22937715,0.0
2019-11-27 22:00:00+00:00,904.7031606,783.522761,100.9256769,121.21023869999999,0.0
2019-11-27 23:00:00+00:00,847.2592112,764.594752,104.8206959,82.65774342000003,0.0
2019-11-28 00:00:00+00:00,830.2233378,760.3110708,109.5897916,69.86982920000003,0.0
2019-11-28 01:00:00+00:00,819.0197652,778.9673056,106.1401087,40.05687569999998,0.0
2019-11-28 02:00:00+00:00,830.9103037,803.7848357,108.3521836,27.09440653300004,0.0
2019-11-28 03:00:00+00:00,860.9977164,800.6423645,102.1020337,60.36469440000002,0.0
2019-11-28 04:00:00+00:00,994.0600433,866.6858317,112.1458715,127.38125943,0.0
2019-11-28 05:00:00+00:00,1145.683807,908.2389221,136.9542986,237.47518771700004,0.0
2019-11-28 06:00:00+00:00,1260.211619,926.7960001,132.4333599,333.4670913,0.0
2019-11-28 07:00:00+00:00,1289.080841,923.6873423,137.4397266,365.62667602000005,0.0
2019-11-28 08:00:00+00:00,1308.087087,878.52564,156.4391619,429.50765579999995,0.0
2019-11-28 09:00:00+00:00,1303.988932,887.8159129,174.0400201,416.2320498,0.0
2019-11-28 10:00:00+00:00,1295.379608,906.6386973,167.5150324,388.76968630000005,0.0
2019-11-28 11:00:00+00:00,1313.19395,898.7465413,159.8717383,414.42854310000007,0.0
2019-11-28 12:00:00+00:00,1302.290446,956.5277761,166.0388018,345.88632302999997,0.0
2019-11-28 13:00:00+00:00,1316.246134,928.3845214,166.5709292,387.7893931,0.0
2019-11-28 14:00:00+00:00,1329.558289,950.9816996,171.6291989,378.6266322,0.0
2019-11-28 15:00:00+00:00,1301.899282,946.2152151,180.8353997,355.7705909,0.0
2019-11-28 16:00:00+00:00,1268.933146,959.156545,195.2835147,309.78291390000004,0.0
2019-11-28 17:00:00+00:00,1221.226125,950.9371186,206.141051,270.2796691,0.0
2019-11-28 18:00:00+00:00,1194.999664,927.4853159,195.5200857,267.5529482,0.0
2019-11-28 19:00:00+00:00,1130.597341,875.0426077,198.6096343,255.53375373,0.0
2019-11-28 20:00:00+00:00,1052.562312,883.3109436,208.2442016,169.34137303299997,0.0
2019-11-28 21:00:00+00:00,947.1819559,840.2449596,203.3050068,106.81378319999999,0.0
2019-11-28 22:00:00+00:00,879.4724885,842.1003112,205.8900211,37.42131002000002,0.0
2019-11-28 23:00:00+00:00,846.6955058,814.5705819,206.6906421,32.19348277,0.0
2019-11-29 00:00:00+00:00,819.2667846,807.0990907,206.6016998,12.112806449999994,0.0
2019-11-29 01:00:00+00:00,804.3968708,813.5506541,207.9736316,0.0,9.191236599999996
2019-11-29 02:00:00+00:00,812.2297619,804.3569082,210.0514628,7.844224699999984,0.0
2019-11-29 03:00:00+00:00,863.4094086,803.0888113,208.6631444,60.313182600000005,0.0
2019-11-29 04:00:00+00:00,977.6758423,827.4974618,206.2307218,150.26331832,0.0
2019-11-29 05:00:00+00:00,1136.317932,884.6456858,212.6148187,251.677163497,0.0
2019-11-29 06:00:00+00:00,1239.552083,916.2466888,205.1789843,323.35849492,0.0
2019-11-29 07:00:00+00:00,1253.937073,904.1927287,202.2432557,349.69999157,0.0
2019-11-29 08:00:00+00:00,1261.762838,894.6987051,191.6131885,367.05316170000003,0.0
2019-11-29 09:00:00+00:00,1264.663717,886.1641235,182.5970319,378.591832,0.0
2019-11-29 10:00:00+00:00,1249.560944,865.5349223,163.7444699,383.90767329999994,0.0
2019-11-29 11:00:00+00:00,1280.641368,865.0468496,149.7624473,415.57934910000006,0.0
2019-11-29 12:00:00+00:00,1236.555786,824.6009877,135.9438654,411.99626802,0.0
2019-11-29 13:00:00+00:00,1253.772797,832.1823679,122.8376598,421.73138492,0.0
2019-11-29 14:00:00+00:00,1264.028158,822.2926687,107.8136959,441.86405030000003,0.0
2019-11-29 15:00:00+00:00,1227.156026,825.2051595,114.6296425,401.96007398,0.0
2019-11-29 16:00:00+00:00,1192.213877,892.7433168,185.842907,299.47053216999996,0.0
2019-11-29 17:00:00+00:00,1153.446859,892.9777679,224.1072094,260.40433744999996,0.0
2019-11-29 18:00:00+00:00,1140.650818,897.79422,215.5320677,242.77027929999997,0.0
2019-11-29 19:00:00+00:00,1098.238841,850.8574728,181.1355235,247.38247110000003,0.0
2019-11-29 20:00:00+00:00,1026.315913,835.5741018,168.6051089,190.75043177999999,0.0
2019-11-29 21:00:00+00:00,941.4819743,828.307902,201.6744869,113.18307080000005,0.0
2019-11-29 22:00:00+00:00,873.2384847,804.9461111,213.5509744,68.23940024999999,0.0
2019-11-29 23:00:00+00:00,838.2385,747.7449392,199.9307569,90.49356382000002,0.0
2019-11-30 00:00:00+00:00,824.1950277,703.026062,176.7675984,121.10982202000002,0.0
2019-11-30 01:00:00+00:00,835.8431448,720.0930684,160.7564709,115.7330389,0.0
2019-11-30 02:00:00+00:00,832.0871937,695.6194153,140.6289871,136.36919010000003,0.0
2019-11-30 03:00:00+00:00,845.1855113,676.5580241,127.3932311,168.63116690000004,0.0
2019-11-30 04:00:00+00:00,882.893392,674.6707917,119.4979852,208.2044449999999,0.0
2019-11-30 05:00:00+00:00,959.2666831,675.1885834,113.8818099,284.0964138,0.0
2019-11-30 06:00:00+00:00,1027.831441,721.1650187,107.2188296,306.6554526999999,0.0
2019-11-30 07:00:00+00:00,1087.785024,749.1122131,88.98141483,338.5892783,0.0
2019-11-30 08:00:00+00:00,1120.176178,771.2413685,68.89133583,348.92557439999996,0.0
2019-11-30 09:00:00+00:00,1122.561351,783.6767019,72.93598375,338.93492319999996,0.0
2019-11-30 10:00:00+00:00,1092.695201,773.5967052,88.0255965,319.09682200000003,0.0
2019-11-30 11:00:00+00:00,1088.273702,766.3628286,89.41673467,321.9241276,0.0
2019-11-30 12:00:00+00:00,1101.544067,794.6747488,115.9601377,306.99522720000004,0.0
2019-11-30 13:00:00+00:00,1115.992279,767.8053386,80.51703133,348.08216130000005,0.0
2019-11-30 14:00:00+00:00,1180.273875,753.3949839,67.50368858,426.90662840000005,0.0
2019-11-30 15:00:00+00:00,1190.31896,746.956299,51.5606685,443.43185155000003,0.0
2019-11-30 16:00:00+00:00,1179.057454,748.0432283,40.9900065,431.00358795000005,0.0
2019-11-30 17:00:00+00:00,1149.568949,762.0894827,59.83930333,387.45037835000005,0.0
2019-11-30 18:00:00+00:00,1119.112498,761.0781556,82.48287733,358.00835942000003,0.0
2019-11-30 19:00:00+00:00,1072.451131,802.3782603,123.7387668,270.1115368,0.0
2019-11-30 20:00:00+00:00,1014.167796,795.1813252,137.9415417,218.99373379999997,0.0
2019-11-30 21:00:00+00:00,949.9048463,779.1425832,111.0839102,170.7407899,0.0
2019-11-30 22:00:00+00:00,898.9567871,786.4664508,99.04458283,112.51961759999995,0.0
2019-11-30 23:00:00+00:00,858.7619883,650.6284943,78.12025733,208.13353720000003,0.0
2019-12-01 00:00:00+00:00,836.2806396,626.3178763,77.19100408,209.94290509999996,0.0
2019-12-01 01:00:00+00:00,805.0358836,640.8225606,91.47941075,164.22767500000003,0.0
2019-12-01 02:00:00+00:00,805.3350525,684.9135589,137.3255038,120.44218910000001,0.0
2019-12-01 03:00:00+00:00,819.1842246,690.0286815,141.2810808,129.21980249999996,0.0
2019-12-01 04:00:00+00:00,851.281372,711.4463858,166.5174282,139.86167689999996,0.0
2019-12-01 05:00:00+00:00,895.4715068,715.2864939,173.1070354,180.19747109999997,0.0
2019-12-01 06:00:00+00:00,955.4794261,695.901713,150.6945723,259.5688185999999,0.0
2019-12-01 07:00:00+00:00,1007.371104,784.2860971,183.722084,223.04806029999997,0.0
2019-12-01 08:00:00+00:00,1037.344696,822.2259979,189.7644003,215.12503793000002,0.0
2019-12-01 09:00:00+00:00,1042.400808,878.5706228,197.7422538,163.84136621999994,0.0
2019-12-01 10:00:00+00:00,1030.474945,891.3898264,202.4780731,139.09318731999997,0.0
2019-12-01 11:00:00+00:00,1021.554347,867.1900838,201.6099473,154.27726507999995,0.0
2019-12-01 12:00:00+00:00,1020.690496,866.9397026,199.0184759,153.74383274999997,0.0
2019-12-01 13:00:00+00:00,1046.058655,868.9991557,202.4111403,177.02851270000002,0.0
2019-12-01 14:00:00+00:00,1120.417298,882.2198028,216.8668683,238.25529465,0.0
2019-12-01 15:00:00+00:00,1140.252462,903.1358389,237.0630149,237.14713811700005,0.0
2019-12-01 16:00:00+00:00,1140.994883,901.1197865,234.0679766,239.88791133300003,0.0
2019-12-01 17:00:00+00:00,1124.299734,897.9310761,232.2504337,226.22194467999998,0.0
2019-12-01 18:00:00+00:00,1101.642924,890.979182,219.9513409,210.55994169999997,0.0
2019-12-01 19:00:00+00:00,1052.940562,879.7402497,211.3914858,173.1882455,0.0
2019-12-01 20:00:00+00:00,976.6941325,857.7611236,209.108963,118.8736427,0.0
2019-12-01 21:00:00+00:00,920.1443533,793.984965,207.1933301,126.15042870000002,0.0
2019-12-01 22:00:00+00:00,877.1639454,810.521876,184.1206385,66.65842647999997,0.0
2019-12-01 23:00:00+00:00,844.311559,806.0765788,169.3096887,38.33125272999996,0.0
2019-12-02 00:00:00+00:00,828.34434,742.7367858,137.0378589,85.57916790000007,0.0
2019-12-02 01:00:00+00:00,815.4773559,651.0747579,117.1432858,164.42889450000007,0.0
2019-12-02 02:00:00+00:00,829.0627188,623.3112487,96.26061892,205.6467513,0.0
2019-12-02 03:00:00+00:00,868.4656373,615.7025299,83.20456442,252.71848650000004,0.0
2019-12-02 04:00:00+00:00,1005.994502,727.7268625,80.73839233,278.42961341700004,0.0
2019-12-02 05:00:00+00:00,1170.71759,783.9040171,78.55661025,386.8247068999999,0.0
2019-12-02 06:00:00+00:00,1278.976705,781.3403013,79.61238858,497.64391560000007,0.0
2019-12-02 07:00:00+00:00,1308.522736,793.5251363,86.91482233,514.9907009000001,0.0
2019-12-02 08:00:00+00:00,1306.790873,781.7007142,76.36803367,525.0810611,0.0
2019-12-02 09:00:00+00:00,1296.182821,774.9810588,78.76058642,521.22471397,0.0
2019-12-02 10:00:00+00:00,1267.250773,770.6960705,76.63344833,496.57094190000004,0.0
2019-12-02 11:00:00+00:00,1295.061371,762.9184316,66.41902708,532.1470674000001,0.0
2019-12-02 12:00:00+00:00,1285.163961,758.0854391,68.13532683,527.0845059000001,0.0
2019-12-02 13:00:00+00:00,1308.925018,776.2592978,72.17045692,532.6841901,0.0
2019-12-02 14:00:00+00:00,1357.835185,771.1732888,66.66987267,586.5917076999999,0.0
2019-12-02 15:00:00+00:00,1335.687846,779.0029298,71.65414667,556.7006135,0.0
2019-12-02 16:00:00+00:00,1310.476522,781.3363493,78.56649208,529.1349532,0.0
2019-12-02 17:00:00+00:00,1272.208354,760.724111,71.18857942,511.5355101999999,0.0
2019-12-02 18:00:00+00:00,1234.489472,768.8095247,70.80262508,465.69016617,0.0
2019-12-02 19:00:00+00:00,1179.585266,765.1338248,66.48469708,414.4552887300001,0.0
2019-12-02 20:00:00+00:00,1103.12323,772.7800141,75.01828192,330.39161511999987,0.0
2019-12-02 21:00:00+00:00,1008.825801,781.0137888,82.21066983,227.78602142,0.0
2019-12-02 22:00:00+00:00,932.9962565,746.9918824,89.23466475,186.04377529999994,0.0
2019-12-02 23:00:00+00:00,899.0612133,747.968577,95.31595217,150.95329530000004,0.0
2019-12-03 00:00:00+00:00,880.2410584,747.0795033,82.76753283,133.0893724,0.0
2019-12-03 01:00:00+00:00,863.0264943,741.8772635,85.18017333,121.15313629999997,0.0
2019-12-03 02:00:00+00:00,879.5193838,749.5391236,86.83549292,129.92005260000008,0.0
2019-12-03 03:00:00+00:00,932.8152873,757.7534942,78.2632725,175.17839849999996,0.0
2019-12-03 04:00:00+00:00,1054.746618,753.8518373,70.83964933,301.02711085,0.0
2019-12-03 05:00:00+00:00,1218.733897,764.4345956,77.53016533,454.41695903300007,0.0
2019-12-03 06:00:00+00:00,1307.617218,822.6430817,104.9782143,485.00283679999995,0.0
2019-12-03 07:00:00+00:00,1317.612956,799.5372365,118.4267247,518.1237399,0.0
2019-12-03 08:00:00+00:00,1329.405619,781.4965312,105.1486194,547.985821167,0.0
2019-12-03 09:00:00+00:00,1319.214783,778.2789153,95.50615508,540.9270944799999,0.0
2019-12-03 10:00:00+00:00,1291.50174,810.9837341,111.1043383,480.5597403,0.0
2019-12-03 11:00:00+00:00,1313.613627,819.6008911,120.126351,494.0488777,0.0
2019-12-03 12:00:00+00:00,1305.79066,789.9561666,113.514724,515.878343717,0.0
2019-12-03 13:00:00+00:00,1328.357788,804.4593353,117.5359561,523.85296018,0.0
2019-12-03 14:00:00+00:00,1362.008453,811.4290313,120.5392118,550.81720218,0.0
2019-12-03 15:00:00+00:00,1354.123383,835.9665528,126.467661,518.0786491,0.0
2019-12-03 16:00:00+00:00,1321.474742,840.3863119,142.4508196,481.08713355000003,0.0
2019-12-03 17:00:00+00:00,1284.516063,828.4261832,131.6736068,456.0430390800001,0.0
2019-12-03 18:00:00+00:00,1252.027924,795.6035258,139.7923328,456.51502869999996,0.0
2019-12-03 19:00:00+00:00,1191.85732,777.1175638,142.7399203,414.75212130000006,0.0
2019-12-03 20:00:00+00:00,1106.396932,786.8303528,146.0977376,319.6054445999999,0.0
2019-12-03 21:00:00+00:00,1000.326981,722.9692282,157.7667682,277.23822480000007,0.0
2019-12-03 22:00:00+00:00,916.0381113,673.9137931,174.5212123,241.9783984,0.0
2019-12-03 23:00:00+00:00,898.5183869,706.1101737,154.4601098,192.46067089999997,0.0
2019-12-04 00:00:00+00:00,880.7440083,630.7245076,124.9922658,250.0386759,0.0
2019-12-04 01:00:00+00:00,871.9812011,636.0121206,129.96112,235.97591009999996,0.0
2019-12-04 02:00:00+00:00,875.9112853,645.3950398,142.5330468,230.52137140000002,0.0
2019-12-04 03:00:00+00:00,911.3866373,655.0753124,152.0567983,256.38842879999993,0.0
2019-12-04 04:00:00+00:00,1029.628494,757.0430704,157.5166183,272.60351840000004,0.0
2019-12-04 05:00:00+00:00,1185.588969,847.5078126,171.7937736,338.08620019999995,0.0
2019-12-04 06:00:00+00:00,1295.421255,911.4005635,200.4356588,384.04211859999987,0.0
2019-12-04 07:00:00+00:00,1309.334696,893.4079692,183.947052,415.9077212,0.0
2019-12-04 08:00:00+00:00,1299.078278,890.5963084,180.165151,408.50891260000003,0.0
2019-12-04 09:00:00+00:00,1295.248413,873.9430338,171.6480866,421.3046889699999,0.0
2019-12-04 10:00:00+00:00,1271.465851,838.617447,148.1520703,432.8375538999999,0.0
2019-12-04 11:00:00+00:00,1282.375682,846.3958688,147.282884,435.9564357,0.0
2019-12-04 12:00:00+00:00,1272.600474,891.5266875,180.1006216,381.0764401,0.0
2019-12-04 13:00:00+00:00,1284.320974,860.7136333,171.8758621,423.60406820000003,0.0
2019-12-04 14:00:00+00:00,1317.002818,847.6500651,140.7281463,469.34921610000004,0.0
2019-12-04 15:00:00+00:00,1298.486623,837.5677797,121.2942385,460.90639359999994,0.0
2019-12-04 16:00:00+00:00,1274.453329,819.7885438,130.0817115,454.6771085,0.0
2019-12-04 17:00:00+00:00,1236.510305,842.8510184,148.437369,393.6502102,0.0
2019-12-04 18:00:00+00:00,1204.225311,834.1118469,159.7052969,370.11300531999996,0.0
2019-12-04 19:00:00+00:00,1141.819733,822.7620189,168.1062076,319.0650194499999,0.0
2019-12-04 20:00:00+00:00,1055.673274,800.0658874,161.0576362,255.65894404999995,0.0
2019-12-04 21:00:00+00:00,957.9523214,719.0967458,147.6105778,238.86577950000003,0.0
2019-12-04 22:00:00+00:00,869.2845103,670.2874756,150.735588,199.08578779999993,0.0
2019-12-04 23:00:00+00:00,819.7004853,675.5912273,165.1623764,144.08439840000005,0.0
2019-12-05 00:00:00+00:00,799.5089721,675.8691864,163.6718355,123.57498989999999,0.0
2019-12-05 01:00:00+00:00,803.9637554,686.284612,173.8689067,117.70448370000003,0.0
2019-12-05 02:00:00+00:00,807.8580627,674.8737692,169.7941412,133.04410889999997,0.0
2019-12-05 03:00:00+00:00,836.3153992,678.896047,181.1042329,157.42744279999994,0.0
2019-12-05 04:00:00+00:00,965.8582458,772.4390667,199.5828183,193.37287450000002,0.0
2019-12-05 05:00:00+00:00,1131.172302,865.8800609,214.9943478,265.3278191000001,0.0
2019-12-05 06:00:00+00:00,1246.828318,888.2937825,229.7918727,358.51986740000007,0.0
2019-12-05 07:00:00+00:00,1264.94516,863.3678639,221.1759453,401.57658939999993,0.0
2019-12-05 08:00:00+00:00,1264.76355,901.5728608,224.938811,363.2811772,0.0
2019-12-05 09:00:00+00:00,1261.417796,887.0964049,214.9407921,374.34073464999994,0.0
2019-12-05 10:00:00+00:00,1251.350311,882.0123138,219.9229648,369.32842560000006,0.0
2019-12-05 11:00:00+00:00,1278.819489,907.7541453,227.0917485,371.06774029999997,0.0
2019-12-05 12:00:00+00:00,1276.563283,923.9891054,233.9234924,352.56948390000014,0.0
2019-12-05 13:00:00+00:00,1289.963501,936.8331858,242.4185906,353.12983700000007,0.0
2019-12-05 14:00:00+00:00,1300.66921,934.0263011,236.2880072,366.62590169999993,0.0
2019-12-05 15:00:00+00:00,1272.954753,934.6752573,236.9749884,338.2807015,0.0
2019-12-05 16:00:00+00:00,1236.677612,940.6265565,235.1956648,296.03871269999996,0.0
2019-12-05 17:00:00+00:00,1192.516134,946.1794891,244.5212974,246.32575029999998,0.0
2019-12-05 18:00:00+00:00,1156.325328,897.8963573,251.3362212,258.38162268,0.0
2019-12-05 19:00:00+00:00,1096.373444,861.7865701,247.7533138,234.69805377999995,0.0
2019-12-05 20:00:00+00:00,1013.972112,804.4704439,240.8955333,209.50592927999998,0.0
2019-12-05 21:00:00+00:00,918.0244243,739.5357665,233.2300885,178.42827719999997,0.0
2019-12-05 22:00:00+00:00,853.6559448,741.5268708,235.3005829,112.12073437000004,0.0
2019-12-05 23:00:00+00:00,818.3431753,622.4330799,233.2380829,195.88695159999997,0.0
2019-12-06 00:00:00+00:00,806.5114745,591.1198986,239.7561723,215.46058069999998,0.0
2019-12-06 01:00:00+00:00,797.7469075,590.8730976,233.5228679,206.88312780000007,0.0
2019-12-06 02:00:00+00:00,801.5733288,582.1954905,233.2487068,219.35026807000003,0.0
2019-12-06 03:00:00+00:00,832.8275858,590.9750468,239.4063541,241.83473269999996,0.0
2019-12-06 04:00:00+00:00,959.1900329,584.1479238,234.6558355,374.96377193,0.0
2019-12-06 05:00:00+00:00,1122.310191,595.2210592,245.4114265,526.9782023,0.0
2019-12-06 06:00:00+00:00,1246.130117,582.9939627,231.1366476,663.1250339799999,0.0
2019-12-06 07:00:00+00:00,1281.413869,561.4323653,220.1651815,719.98975915,0.0
2019-12-06 08:00:00+00:00,1280.710449,566.1417083,228.3551293,714.55306343,0.0
2019-12-06 09:00:00+00:00,1275.932434,558.2310538,217.6481743,717.6904947999999,0.0
2019-12-06 10:00:00+00:00,1255.829753,552.7857667,210.6805471,703.0412817000001,0.0
2019-12-06 11:00:00+00:00,1269.398895,512.969719,201.2225343,756.4473036329999,0.0
2019-12-06 12:00:00+00:00,1254.694316,532.2405421,201.9984728,722.4878983199999,0.0
2019-12-06 13:00:00+00:00,1276.519928,495.1330591,223.6320091,781.3784919,0.0
2019-12-06 14:00:00+00:00,1283.351369,497.3986818,207.4920691,785.922206437,0.0
2019-12-06 15:00:00+00:00,1258.065562,525.9594828,182.3895734,732.05898618,0.0
2019-12-06 16:00:00+00:00,1222.099487,511.4664053,164.4811682,710.8177391999999,0.0
2019-12-06 17:00:00+00:00,1178.629283,445.295817,152.7676086,733.44204173,0.0
2019-12-06 18:00:00+00:00,1137.199656,426.1376597,168.8629671,711.1407648999999,0.0
2019-12-06 19:00:00+00:00,1081.904205,442.4014512,189.2773553,639.6143870999999,0.0
2019-12-06 20:00:00+00:00,1006.733933,437.6952948,185.5274557,568.9636984000001,0.0
2019-12-06 21:00:00+00:00,916.5110473,428.6730958,177.289009,487.82657629999994,0.0
2019-12-06 22:00:00+00:00,857.538625,421.503006,163.3661257,436.1155571999999,0.0
2019-12-06 23:00:00+00:00,822.760503,410.4092027,142.1539052,412.201946,0.0
2019-12-07 00:00:00+00:00,805.1845551,407.7524847,135.9534898,397.22978700000004,0.0
2019-12-07 01:00:00+00:00,773.3369955,391.1879654,140.1088243,382.2126887,0.0
2019-12-07 02:00:00+00:00,773.2046814,386.9898961,138.5078978,386.27067550000004,0.0
2019-12-07 03:00:00+00:00,786.4434053,387.1762518,143.7777507,399.336486,0.0
2019-12-07 04:00:00+00:00,826.2405142,431.0172732,183.4532229,395.19273880000003,0.0
2019-12-07 05:00:00+00:00,892.8336943,450.7565435,201.9680518,442.1606921,0.0
2019-12-07 06:00:00+00:00,973.8960622,482.1840542,224.7014948,491.6880296,0.0
2019-12-07 07:00:00+00:00,1025.102615,505.3210933,241.0319735,519.8628064,0.0
2019-12-07 08:00:00+00:00,1064.447764,496.1492945,243.4256898,568.3515,0.0
2019-12-07 09:00:00+00:00,1095.681519,512.342364,244.6633682,583.3743176,0.0
2019-12-07 10:00:00+00:00,1092.865764,517.7204947,240.3377025,575.1653738,0.0
2019-12-07 11:00:00+00:00,1094.604492,503.0610428,232.7133903,591.5867032000001,0.0
2019-12-07 12:00:00+00:00,1093.372304,512.7233809,231.6353581,580.7834688999999,0.0
2019-12-07 13:00:00+00:00,1118.151133,536.9420064,224.6760447,581.1685473,0.0
2019-12-07 14:00:00+00:00,1150.421,533.9525858,207.8570811,616.5484571,0.0
2019-12-07 15:00:00+00:00,1139.595469,605.7797648,201.0911256,533.7441639000001,0.0
2019-12-07 16:00:00+00:00,1118.034109,588.143453,164.8545253,529.9226275999999,0.0
2019-12-07 17:00:00+00:00,1086.736603,577.2764079,157.1213978,509.4335662,0.0
2019-12-07 18:00:00+00:00,1040.313629,528.8997855,177.2937634,511.4063574,0.0
2019-12-07 19:00:00+00:00,1005.774826,520.9740296,195.8893255,484.8401735,0.0
2019-12-07 20:00:00+00:00,944.7188058,522.9096069,192.4716185,421.8116277000001,0.0
2019-12-07 21:00:00+00:00,884.3399914,521.3346838,186.7407556,363.05021139999997,0.0
2019-12-07 22:00:00+00:00,827.5312958,499.0540669,172.7989451,328.48169690000003,0.0
2019-12-07 23:00:00+00:00,786.578893,512.3544643,185.5022253,274.24362195000003,0.0
2019-12-08 00:00:00+00:00,750.9914346,521.7805049,196.8194794,229.194544117,0.0
2019-12-08 01:00:00+00:00,746.0190328,554.2951102,229.6923842,191.62363592,0.0
2019-12-08 02:00:00+00:00,749.5194602,546.4659628,224.2520954,203.0507046,0.0
2019-12-08 03:00:00+00:00,761.0184885,522.6929398,199.4742775,238.35113422,0.0
2019-12-08 04:00:00+00:00,794.1128794,495.7541582,170.2853763,298.47384317,0.0
2019-12-08 05:00:00+00:00,831.6407928,463.5619939,149.8176193,368.0743076,0.0
2019-12-08 06:00:00+00:00,907.2907814,485.193189,159.4928347,422.08496479999997,0.0
2019-12-08 07:00:00+00:00,953.9409078,470.3530808,143.2681554,483.70978809999997,0.0
2019-12-08 08:00:00+00:00,994.7063649,453.6440685,128.7242921,541.1340585,0.0
2019-12-08 09:00:00+00:00,992.8108113,464.5269267,140.9928385,528.2769801000001,0.0
2019-12-08 10:00:00+00:00,996.5000355,473.4225108,141.2643172,523.1493017,0.0
2019-12-08 11:00:00+00:00,1009.273366,489.245074,158.2341602,519.9389963,0.0
2019-12-08 12:00:00+00:00,1023.129649,486.1022618,153.0226913,536.9236331,0.0
2019-12-08 13:00:00+00:00,1071.351725,482.3799719,154.6699396,589.0361548999999,0.0
2019-12-08 14:00:00+00:00,1125.106354,503.6310043,180.070174,621.4683670000001,0.0
2019-12-08 15:00:00+00:00,1136.837046,533.0890807,205.6182086,603.7909466000001,0.0
2019-12-08 16:00:00+00:00,1131.791473,544.1064097,220.5535989,587.6802312,0.0
2019-12-08 17:00:00+00:00,1116.087809,564.4429525,241.022377,551.671529,0.0
2019-12-08 18:00:00+00:00,1079.187256,572.4185079,247.7005832,506.77075040000005,0.0
2019-12-08 19:00:00+00:00,1017.970149,579.8791708,256.3878848,438.04777910000007,0.0
2019-12-08 20:00:00+00:00,943.4633992,588.9078216,265.2629216,354.439442,0.0
2019-12-08 21:00:00+00:00,876.0534668,589.8419089,267.0620853,286.20610409999995,0.0
2019-12-08 22:00:00+00:00,819.28832,583.3082631,254.603147,235.98048987,0.0
2019-12-08 23:00:00+00:00,798.2669983,591.8518168,252.8335584,206.3979508,0.0
2019-12-09 00:00:00+00:00,783.9468078,589.7283021,246.4028218,194.23795662000003,0.0
2019-12-09 01:00:00+00:00,775.6648559,583.3536885,247.5248985,192.21979090000002,0.0
2019-12-09 02:00:00+00:00,770.3747915,574.3197632,255.6876323,196.05236209999998,0.0
2019-12-09 03:00:00+00:00,808.9472452,565.6849316,247.5234465,243.31094060000004,0.0
2019-12-09 04:00:00+00:00,933.5275471,557.2986348,235.7377624,376.24160140000004,0.0
2019-12-09 05:00:00+00:00,1099.790934,723.5854442,232.2244428,376.2233077000001,0.0
2019-12-09 06:00:00+00:00,1225.199585,820.3270976,249.2631913,404.77428662,0.0
2019-12-09 07:00:00+00:00,1245.393677,719.0480651,251.1336594,526.3354898,0.0
2019-12-09 08:00:00+00:00,1231.409007,696.6802063,251.4136099,534.7327863,0.0
2019-12-09 09:00:00+00:00,1237.179443,704.1144663,247.5326894,533.0606287,0.0
2019-12-09 10:00:00+00:00,1215.365977,676.3474274,242.5761337,539.0044634000001,0.0
2019-12-09 11:00:00+00:00,1240.506093,677.515971,228.2008008,563.1050700999999,0.0
2019-12-09 12:00:00+00:00,1231.976756,683.1046753,216.3840091,548.8719047000001,0.0
2019-12-09 13:00:00+00:00,1251.737,673.2385813,206.3703384,578.4959123,0.0
2019-12-09 14:00:00+00:00,1281.660472,673.263555,205.3728893,607.99869952,0.0
2019-12-09 15:00:00+00:00,1258.89679,666.0455881,197.9322623,592.8985898200001,0.0
2019-12-09 16:00:00+00:00,1226.072703,672.4433238,205.5440078,553.73320973,0.0
2019-12-09 17:00:00+00:00,1187.933614,664.3002168,195.2211521,523.6350041999999,0.0
2019-12-09 18:00:00+00:00,1150.622294,671.031901,202.3908818,479.54277039999994,0.0
2019-12-09 19:00:00+00:00,1098.96696,642.2702891,186.1154112,456.77778409999996,0.0
2019-12-09 20:00:00+00:00,1018.870524,599.3244631,197.3709743,419.45629909999997,0.0
2019-12-09 21:00:00+00:00,917.8984274,566.4194285,168.6680603,351.520503,0.0
2019-12-09 22:00:00+00:00,856.7909444,580.1751455,166.5569675,276.6057814,0.0
2019-12-09 23:00:00+00:00,813.8722991,498.9084525,168.9107399,315.0582390999999,0.0
2019-12-10 00:00:00+00:00,792.2468922,486.0050228,160.7776172,306.23589140000007,0.0
2019-12-10 01:00:00+00:00,782.7801563,481.5376816,158.1043829,301.2816188,0.0
2019-12-10 02:00:00+00:00,791.1802062,459.8470283,145.4277304,331.3041118000001,0.0
2019-12-10 03:00:00+00:00,833.2958373,479.0325496,157.5544612,354.26329439999995,0.0
2019-12-10 04:00:00+00:00,974.6144766,553.4049708,161.5691673,421.22011829999997,0.0
2019-12-10 05:00:00+00:00,1139.180918,641.1481628,180.8145599,498.00006332,0.0
2019-12-10 06:00:00+00:00,1265.217479,598.8499147,131.387755,666.3752664299999,0.0
2019-12-10 07:00:00+00:00,1286.694946,571.6027783,114.8666052,715.0689546,0.0
2019-12-10 08:00:00+00:00,1298.320313,567.8515066,102.7672805,730.58128918,0.0
2019-12-10 09:00:00+00:00,1290.593353,549.0454051,92.43476167,741.6084668000001,0.0
2019-12-10 10:00:00+00:00,1269.700104,538.2966869,82.35630808,731.4278243000001,0.0
2019-12-10 11:00:00+00:00,1301.645996,552.3629556,92.84424225,749.30252477,0.0
2019-12-10 12:00:00+00:00,1295.814351,510.3214493,72.53239792,785.56110578,0.0
2019-12-10 13:00:00+00:00,1320.272695,496.3459778,56.58568142,823.8954937999999,0.0
2019-12-10 14:00:00+00:00,1343.819387,486.9212011,44.39622983,856.9336731000001,0.0
2019-12-10 15:00:00+00:00,1303.574697,475.8704299,33.60642442,827.7080883000001,0.0
2019-12-10 16:00:00+00:00,1268.116211,466.9724298,23.52418667,801.0982240999999,0.0
2019-12-10 17:00:00+00:00,1241.94872,468.8834381,18.12373458,773.1300208999999,0.0
2019-12-10 18:00:00+00:00,1210.621877,471.3836417,11.60193358,739.2753997000001,0.0
2019-12-10 19:00:00+00:00,1162.099477,463.5707626,7.736340667,698.6568920000001,0.0
2019-12-10 20:00:00+00:00,1085.816091,400.9094949,11.83508,684.9090394999998,0.0
2019-12-10 21:00:00+00:00,991.776291,347.0468649,19.85598658,644.7466241,0.0
2019-12-10 22:00:00+00:00,931.0491588,386.5961176,39.23824267,544.4581485,0.0
2019-12-10 23:00:00+00:00,894.7106934,459.226326,55.84326142,435.47422500000005,0.0
2019-12-11 00:00:00+00:00,877.6006573,469.6704558,62.509678,407.9354661,0.0
2019-12-11 01:00:00+00:00,867.1709188,493.3080164,84.10830358,373.8002870000001,0.0
2019-12-11 02:00:00+00:00,874.1972912,511.9721119,111.3391208,362.2248074,0.0
2019-12-11 03:00:00+00:00,912.2417196,530.6358438,124.9573651,381.57092530000006,0.0
2019-12-11 04:00:00+00:00,1036.767146,593.5188193,155.7022692,443.25821673,0.0
2019-12-11 05:00:00+00:00,1190.82252,694.2156831,167.9790636,496.5554022,0.0
2019-12-11 06:00:00+00:00,1305.229299,738.4231314,186.2915978,566.8285792,0.0
2019-12-11 07:00:00+00:00,1316.997355,758.0597383,199.2445692,558.9322589999999,0.0
2019-12-11 08:00:00+00:00,1312.457062,777.3161775,217.5444196,535.1451632,0.0
2019-12-11 09:00:00+00:00,1309.828288,778.9837493,221.7661374,530.8422891499999,0.0
2019-12-11 10:00:00+00:00,1295.467509,805.3557434,235.3899371,490.11734662999993,0.0
2019-12-11 11:00:00+00:00,1316.822896,816.3887127,247.5372467,500.43422240000007,0.0
2019-12-11 12:00:00+00:00,1307.166158,821.61586,252.3266194,485.6462267999999,0.0
2019-12-11 13:00:00+00:00,1332.77772,818.95843,251.0875486,513.8127041,0.0
2019-12-11 14:00:00+00:00,1354.210704,825.5974783,256.3488795,528.6060731999999,0.0
2019-12-11 15:00:00+00:00,1328.383861,818.4659169,251.0908547,509.9162611,0.0
2019-12-11 16:00:00+00:00,1298.957499,811.3794199,239.4483389,487.58308070000004,0.0
2019-12-11 17:00:00+00:00,1258.155416,786.1058655,214.3994968,472.0465784,0.0
2019-12-11 18:00:00+00:00,1225.261932,790.5475718,218.6012918,434.71430978,0.0
2019-12-11 19:00:00+00:00,1159.603109,717.4894154,221.3117233,442.10437758,0.0
2019-12-11 20:00:00+00:00,1088.412201,669.3680929,216.2352434,419.1458968,0.0
2019-12-11 21:00:00+00:00,989.8391012,630.9687398,213.5273082,358.7422357,0.0
2019-12-11 22:00:00+00:00,923.9412282,622.6363068,212.1390216,301.3433365000001,0.0
2019-12-11 23:00:00+00:00,887.794169,629.2309266,214.9321683,258.569119,0.0
2019-12-12 00:00:00+00:00,873.323634,617.9883423,202.9741312,255.36900409999993,0.0
2019-12-12 01:00:00+00:00,864.3628083,608.3908029,192.3928732,255.94347130000006,0.0
2019-12-12 02:00:00+00:00,878.1537425,600.093033,188.7953427,278.07212640000006,0.0
2019-12-12 03:00:00+00:00,918.6796418,607.2483825,195.2757353,311.5187028,0.0
2019-12-12 04:00:00+00:00,1041.443456,602.9660796,191.2007498,438.43152306700006,0.0
2019-12-12 05:00:00+00:00,1201.322683,711.8789723,195.9169503,489.47676783000003,0.0
2019-12-12 06:00:00+00:00,1313.56252,776.2193399,193.4735401,537.3540426699999,0.0
2019-12-12 07:00:00+00:00,1324.945445,862.803955,187.8471553,462.1598893,0.0
2019-12-12 08:00:00+00:00,1290.690094,717.1629079,149.0396603,573.39802093,0.0
2019-12-12 09:00:00+00:00,1294.692485,684.3337759,119.1758036,610.3451639999998,0.0
2019-12-12 10:00:00+00:00,1281.505615,672.6003214,104.035963,608.8981446,0.0
2019-12-12 11:00:00+00:00,1301.77122,670.3002168,98.99929442,631.4817329,0.0
2019-12-12 12:00:00+00:00,1301.433838,652.3436075,82.88434467,649.0998892300001,0.0
2019-12-12 13:00:00+00:00,1328.190816,651.7947233,82.90778283,676.3925814499999,0.0
2019-12-12 14:00:00+00:00,1353.957896,674.9245248,105.3737341,679.0232648199999,0.0
2019-12-12 15:00:00+00:00,1324.841003,710.3085173,135.9662928,614.55271412,0.0
2019-12-12 16:00:00+00:00,1299.854563,731.1426291,156.1934395,568.7139383000001,0.0
2019-12-12 17:00:00+00:00,1268.691783,721.9801432,156.938689,546.74254385,0.0
2019-12-12 18:00:00+00:00,1237.026276,705.0864155,141.9154853,531.8666976,0.0
2019-12-12 19:00:00+00:00,1178.055166,708.7762043,144.7800548,469.27164229999994,0.0
2019-12-12 20:00:00+00:00,1103.008036,656.4621124,124.9069323,446.6118755,0.0
2019-12-12 21:00:00+00:00,1009.879629,570.9224091,112.2222659,438.9718828,0.0
2019-12-12 22:00:00+00:00,936.4167328,524.4061304,98.25933333,412.00944390000006,0.0
2019-12-12 23:00:00+00:00,872.5005798,528.1167757,103.3518513,344.3429908999999,0.0
2019-12-13 00:00:00+00:00,851.2480877,546.0118053,126.0699489,305.24891199999996,0.0
2019-12-13 01:00:00+00:00,844.7253163,540.4647726,118.780962,304.2709565,0.0
2019-12-13 02:00:00+00:00,854.3603363,548.6193593,129.7316608,305.79322809999996,0.0
2019-12-13 03:00:00+00:00,882.0959626,528.396876,110.0623596,353.59982670000005,0.0
2019-12-13 04:00:00+00:00,1010.519597,575.6628671,106.2875004,434.99043019999993,0.0
2019-12-13 05:00:00+00:00,1169.494639,641.335317,98.80202608,528.2213524,0.0
2019-12-13 06:00:00+00:00,1289.60262,690.5335542,99.09200467,599.0462824000001,0.0
2019-12-13 07:00:00+00:00,1309.276255,807.5849813,93.53336667,501.7539608799999,0.0
2019-12-13 08:00:00+00:00,1311.472575,656.3711141,82.76687625,655.2156538999999,0.0
2019-12-13 09:00:00+00:00,1303.870677,650.644104,84.13431983,653.2437257999999,0.0
2019-12-13 10:00:00+00:00,1283.964223,646.6219838,79.52177175,637.3789259000002,0.0
2019-12-13 11:00:00+00:00,1303.714864,645.1764782,73.42333017,658.4668796,0.0
2019-12-13 12:00:00+00:00,1284.005808,651.4465586,80.18563075,632.4217821999999,0.0
2019-12-13 13:00:00+00:00,1301.19634,648.1729075,82.72940067,652.9379946,0.0
2019-12-13 14:00:00+00:00,1317.585388,648.2786305,81.329219,669.3568693000001,0.0
2019-12-13 15:00:00+00:00,1283.413656,640.4214375,67.90960283,642.9760133,0.0
2019-12-13 16:00:00+00:00,1247.543803,663.2423808,82.0062225,584.3164347,0.0
2019-12-13 17:00:00+00:00,1207.886698,663.5713196,82.82712883,544.2741486,0.0
2019-12-13 18:00:00+00:00,1173.205902,654.455073,85.62961442,518.9050688,0.0
2019-12-13 19:00:00+00:00,1116.386729,597.0832214,86.099348,519.3429702,0.0
2019-12-13 20:00:00+00:00,1031.592494,513.6358008,85.19530425,517.9614885000001,0.0
2019-12-13 21:00:00+00:00,953.8648428,515.3938217,91.07537783,438.4935047,0.0
2019-12-13 22:00:00+00:00,898.4888866,519.7700983,86.151664,378.5430526,0.0
2019-12-13 23:00:00+00:00,859.7922872,511.3998998,82.25359017,348.3973602000001,0.0
2019-12-14 00:00:00+00:00,826.6166178,505.0740152,84.33954617,321.558882,0.0
2019-12-14 01:00:00+00:00,812.8584442,509.130951,86.57402675,303.6573559699999,0.0
2019-12-14 02:00:00+00:00,811.1134898,499.3375551,81.95037717,311.8123479,0.0
2019-12-14 03:00:00+00:00,824.2093913,507.7845282,93.26839767,316.46292037,0.0
2019-12-14 04:00:00+00:00,865.9544118,525.7742411,109.4469224,340.2917401,0.0
2019-12-14 05:00:00+00:00,934.9762014,549.9066621,131.2409242,384.9611492000001,0.0
2019-12-14 06:00:00+00:00,1014.707377,563.6118927,142.7939796,451.19960000000003,0.0
2019-12-14 07:00:00+00:00,1067.53891,562.9869894,143.8401248,504.5989058,0.0
2019-12-14 08:00:00+00:00,1093.561584,577.564036,155.7567432,516.0270711000001,0.0
2019-12-14 09:00:00+00:00,1104.404785,584.1025187,163.7611466,520.2751237,0.0
2019-12-14 10:00:00+00:00,1103.535095,579.7803853,158.4327558,523.7691394999999,0.0
2019-12-14 11:00:00+00:00,1102.526306,590.4939778,167.1379013,512.0189621999999,0.0
2019-12-14 12:00:00+00:00,1107.097728,589.7616222,166.1354626,517.3499812,0.0
2019-12-14 13:00:00+00:00,1133.806712,596.472529,174.5332018,537.2771192,0.0
2019-12-14 14:00:00+00:00,1163.939067,599.5815633,179.5761477,564.4868376000001,0.0
2019-12-14 15:00:00+00:00,1152.335368,593.0656533,170.5996019,559.3720134,0.0
2019-12-14 16:00:00+00:00,1133.305033,598.786143,168.9620615,534.5217755000001,0.0
2019-12-14 17:00:00+00:00,1108.424876,597.9670918,168.2541503,510.57422579999997,0.0
2019-12-14 18:00:00+00:00,1073.442332,603.6863809,176.0983366,469.7749191000001,0.0
2019-12-14 19:00:00+00:00,1027.071711,593.8113148,170.3268153,433.3212500000001,0.0
2019-12-14 20:00:00+00:00,973.6964924,596.2393951,165.3593929,377.58603300000004,0.0
2019-12-14 21:00:00+00:00,918.1979879,613.4284006,163.6733423,304.80837590000004,0.0
2019-12-14 22:00:00+00:00,868.3485413,575.0296988,150.3304112,293.44893490000004,0.0
2019-12-14 23:00:00+00:00,835.5395458,555.7737477,133.1863504,279.63941473,0.0
2019-12-15 00:00:00+00:00,820.3960979,546.3989918,121.4450347,273.94149393,0.0
2019-12-15 01:00:00+00:00,809.1454468,542.7385153,119.2877394,266.44993495000006,0.0
2019-12-15 02:00:00+00:00,793.5869753,524.5625,107.8695596,269.0628027,0.0
2019-12-15 03:00:00+00:00,802.8449301,537.6356863,111.7360166,265.3770644,0.0
2019-12-15 04:00:00+00:00,828.4818776,514.9559123,93.78012025,313.55209540000004,0.0
2019-12-15 05:00:00+00:00,888.1409606,511.1846746,84.15552258,376.94714719999996,0.0
2019-12-15 06:00:00+00:00,949.5451864,491.9690348,79.48507258,457.48899380000006,0.0
2019-12-15 07:00:00+00:00,1014.728699,500.8457108,74.17559942,513.9100168,0.0
2019-12-15 08:00:00+00:00,1050.795146,494.7529068,70.48996975,555.9762455,0.0
2019-12-15 09:00:00+00:00,1060.904836,488.8398692,65.86738008,572.1397722000002,0.0
2019-12-15 10:00:00+00:00,1065.689199,482.4972228,61.298369,583.2820726,0.0
2019-12-15 11:00:00+00:00,1068.05362,484.3997778,63.06891542,583.6740848999999,0.0
2019-12-15 12:00:00+00:00,1074.356313,471.1017838,57.7871125,603.2656476,0.0
2019-12-15 13:00:00+00:00,1105.278564,489.106725,65.629566,616.2334039000001,0.0
2019-12-15 14:00:00+00:00,1152.264272,512.7413406,88.89085958,639.5740117,0.0
2019-12-15 15:00:00+00:00,1158.628927,523.7266896,100.2008807,634.9518006000001,0.0
2019-12-15 16:00:00+00:00,1146.073771,509.4151,79.9952475,636.8241743000001,0.0
2019-12-15 17:00:00+00:00,1121.020121,514.3991853,84.17608908,606.7013850999999,0.0
2019-12-15 18:00:00+00:00,1085.79484,525.9098458,96.63211125,560.14116,0.0
2019-12-15 19:00:00+00:00,1038.957372,534.0143483,101.0613543,505.0020013,0.0
2019-12-15 20:00:00+00:00,970.2969258,542.856537,113.665247,427.44986309999996,0.0
2019-12-15 21:00:00+00:00,904.587321,525.0975443,99.63042717,379.46843070000006,0.0
2019-12-15 22:00:00+00:00,842.4789022,514.1264216,91.210567,328.44665678,0.0
2019-12-15 23:00:00+00:00,807.5561318,537.5145823,93.84265392,270.23650702,0.0
2019-12-16 00:00:00+00:00,786.8747864,572.6876577,100.3621844,214.16248993000002,0.0
2019-12-16 01:00:00+00:00,782.6160125,562.6864778,87.35168258,219.87644693000004,0.0
2019-12-16 02:00:00+00:00,790.1629637999999,491.6074473,44.14975425,298.53389519999996,0.0
2019-12-16 03:00:00+00:00,828.8374787,491.5075508,28.37029583,337.34655340000006,0.0
2019-12-16 04:00:00+00:00,949.1350913,551.2282385,25.59348258,397.90004737,0.0
2019-12-16 05:00:00+00:00,1110.625544,571.5966131,17.62302318,538.9218954,0.0
2019-12-16 06:00:00+00:00,1227.476135,570.8379161,16.39435775,656.7592517,0.0
2019-12-16 07:00:00+00:00,1262.156698,576.3147278,21.68110317,686.0334743000001,0.0
2019-12-16 08:00:00+00:00,1257.321564,594.6282145,32.20933742,662.6890208,0.0
2019-12-16 09:00:00+00:00,1254.152293,618.7065582,78.51294458,635.408203,0.0
2019-12-16 10:00:00+00:00,1241.757772,630.8289388,87.31191758,610.8973826,0.0
2019-12-16 11:00:00+00:00,1254.348236,624.6538951,79.67585117,629.6762130500001,0.0
2019-12-16 12:00:00+00:00,1241.164998,663.7552135,91.05208708,577.41997915,0.0
2019-12-16 13:00:00+00:00,1258.307709,709.2251536,124.5857817,549.19909495,0.0
2019-12-16 14:00:00+00:00,1270.297414,703.7205658,111.7580928,566.681296,0.0
2019-12-16 15:00:00+00:00,1239.806732,710.4886982,106.7762376,529.4285248699999,0.0
2019-12-16 16:00:00+00:00,1204.27297,721.8738251,97.65396808,482.47071027,0.0
2019-12-16 17:00:00+00:00,1169.52184,713.3227335,109.1152343,456.27584815,0.0
2019-12-16 18:00:00+00:00,1146.417776,665.5959778,114.7194666,480.8269419999999,0.0
2019-12-16 19:00:00+00:00,1101.149201,673.9350534,128.3813095,427.1886708,0.0
2019-12-16 20:00:00+00:00,1021.476817,688.5880533,149.0159086,332.90508129999995,0.0
2019-12-16 21:00:00+00:00,921.1561127,719.3379364,188.7482911,201.84891860000005,0.0
2019-12-16 22:00:00+00:00,854.1466573,731.4684347,210.5752972,122.68650539999999,0.0
2019-12-16 23:00:00+00:00,808.588684,650.3760429,218.0291328,158.29625660000005,0.0
2019-12-17 00:00:00+00:00,787.2514699,632.0113983,223.5406405,155.2990833,0.0
2019-12-17 01:00:00+00:00,765.5834657,625.4790497,215.685946,140.01725569999996,0.0
2019-12-17 02:00:00+00:00,767.0090027,582.5099234,179.3623098,184.47619640000005,0.0
2019-12-17 03:00:00+00:00,799.5049184,559.2379099,153.1929079,240.3207671,0.0
2019-12-17 04:00:00+00:00,908.3728231,617.4515991,145.0971286,290.8876806,0.0
2019-12-17 05:00:00+00:00,1065.272029,694.7274984,157.5236193,370.68971970999996,0.0
2019-12-17 06:00:00+00:00,1188.268087,700.3532156,144.9898218,487.8585954,0.0
2019-12-17 07:00:00+00:00,1200.634267,682.0864157,126.7454708,518.5906013,0.0
2019-12-17 08:00:00+00:00,1194.3738,653.8296153,100.8961366,540.5040532,0.0
2019-12-17 09:00:00+00:00,1186.531179,628.7770641,78.70497642,557.89284053,0.0
2019-12-17 10:00:00+00:00,1170.850677,627.552592,77.27338275,543.3136829700001,0.0
2019-12-17 11:00:00+00:00,1200.711975,619.8410542,74.45671317,580.8660312,0.0
2019-12-17 12:00:00+00:00,1181.172892,618.3201294,78.28399142,562.890226,0.0
2019-12-17 13:00:00+00:00,1220.788452,638.4598745,82.31384158,582.2934524,0.0
2019-12-17 14:00:00+00:00,1233.312449,620.9723103,62.05040233,612.4362185,0.0
2019-12-17 15:00:00+00:00,1201.681834,621.6875508,59.89361908,580.0417782000001,0.0
2019-12-17 16:00:00+00:00,1171.524353,627.6977032,65.03572517,543.8298784670001,0.0
2019-12-17 17:00:00+00:00,1135.7388,620.6696676,59.41988367,515.16324485,0.0
2019-12-17 18:00:00+00:00,1096.314423,618.3140462,68.05956742,477.9492,0.0
2019-12-17 19:00:00+00:00,1046.713364,606.3440096,68.38188167,440.7358021,0.0
2019-12-17 20:00:00+00:00,980.1935018,604.3463695,60.58808992,375.9476298000001,0.0
2019-12-17 21:00:00+00:00,891.0071614,562.6350632,48.9755125,328.42947660000004,0.0
2019-12-17 22:00:00+00:00,828.3725738,478.5104395,47.30924725,349.8761572000001,0.0
2019-12-17 23:00:00+00:00,789.7850698,465.9092814,49.13591008,323.94364325000004,0.0
2019-12-18 00:00:00+00:00,769.5497894,485.8297298,69.69675217,283.74359332,0.0
2019-12-18 01:00:00+00:00,765.2762349,485.6405334,72.4408235,279.75070180000006,0.0
2019-12-18 02:00:00+00:00,770.1275889,489.0720012,83.77235083,281.05387959999996,0.0
2019-12-18 03:00:00+00:00,805.8462271,511.2222596,101.1413658,294.4695518,0.0
2019-12-18 04:00:00+00:00,933.340678,600.2030588,125.0545101,333.30075793000003,0.0
2019-12-18 05:00:00+00:00,1086.539907,671.5133668,124.4278903,415.13969378,0.0
2019-12-18 06:00:00+00:00,1198.808736,702.8209991,139.0504371,496.02401352,0.0
2019-12-18 07:00:00+00:00,1224.830353,709.0219117,140.9737446,515.8955033,0.0
2019-12-18 08:00:00+00:00,1222.686483,754.8117269,194.885221,467.8653131,0.0
2019-12-18 09:00:00+00:00,1215.929108,785.8041585,238.5283889,430.01713479999995,0.0
2019-12-18 10:00:00+00:00,1186.750956,815.2174327,258.555912,371.62031206999995,0.0
2019-12-18 11:00:00+00:00,1211.189138,820.7669068,262.5075887,390.47241918,0.0
2019-12-18 12:00:00+00:00,1210.584768,819.5739999,269.6138509,391.07612427000004,0.0
2019-12-18 13:00:00+00:00,1232.055257,819.8030193,266.6205698,412.31255498,0.0
2019-12-18 14:00:00+00:00,1220.438619,811.1917114,249.4570682,409.17888835,0.0
2019-12-18 15:00:00+00:00,1192.257172,798.1425172,234.7067578,394.19181504999995,0.0
2019-12-18 16:00:00+00:00,1163.567037,804.3769836,239.6862271,359.15358449999997,0.0
2019-12-18 17:00:00+00:00,1131.334402,801.0559234,237.4904772,330.29099551,0.0
2019-12-18 18:00:00+00:00,1105.417694,808.0310058,252.7996127,297.2951528,0.0
2019-12-18 19:00:00+00:00,1068.606974,810.3207499,261.9571814,258.332701633,0.0
2019-12-18 20:00:00+00:00,987.467921,767.9953104,248.3579432,219.37877862,0.0
2019-12-18 21:00:00+00:00,895.1171925,665.1803691,245.9841958,229.9448817,0.0
2019-12-18 22:00:00+00:00,846.1772461,652.0585581,248.3472544,194.19502684999998,0.0
2019-12-18 23:00:00+00:00,826.6216838,667.4756113,248.8155683,159.25656060000003,0.0
2019-12-19 00:00:00+00:00,798.0664165,645.3950501,241.4270593,152.63555250000002,0.0
2019-12-19 01:00:00+00:00,796.77831,635.5770364,224.220402,161.1988522,0.0
2019-12-19 02:00:00+00:00,798.7425843,628.0126445,224.7578405,170.7184413,0.0
2019-12-19 03:00:00+00:00,835.441035,646.3702138,213.5584093,189.05494760000005,0.0
2019-12-19 04:00:00+00:00,949.8348796,721.6190847,192.4279339,228.29120293,0.0
2019-12-19 05:00:00+00:00,1111.100057,738.185974,170.9298656,372.956331283,0.0
2019-12-19 06:00:00+00:00,1220.451152,727.4819286,165.928018,492.94177165,0.0
2019-12-19 07:00:00+00:00,1236.942017,721.9855804,162.4020832,514.9751906,0.0
2019-12-19 08:00:00+00:00,1223.061422,697.0835367,145.2724953,525.97803727,0.0
2019-12-19 09:00:00+00:00,1213.64975,672.1875713,127.0621968,541.4264583000001,0.0
2019-12-19 10:00:00+00:00,1195.978536,642.0059916,117.5663923,553.9619828,0.0
2019-12-19 11:00:00+00:00,1220.15446,656.1677144,102.3298779,563.8513622400001,0.0
2019-12-19 12:00:00+00:00,1207.035828,644.1319428,81.1904615,562.89773275,0.0
2019-12-19 13:00:00+00:00,1232.190297,623.8712921,63.63520908,608.3851336,0.0
2019-12-19 14:00:00+00:00,1272.067342,623.1785178,61.35881508,648.9254927300001,0.0
2019-12-19 15:00:00+00:00,1244.512177,610.8899435,59.6895815,633.6350004799999,0.0
2019-12-19 16:00:00+00:00,1231.95695,633.0567628,72.84777775,598.88753662,0.0
2019-12-19 17:00:00+00:00,1198.468669,626.2736358,70.72125258,572.24761448,0.0
2019-12-19 18:00:00+00:00,1185.084249,613.0447286,72.877503,572.0324774,0.0
2019-12-19 19:00:00+00:00,1125.890859,614.3276622,77.84390125,511.6856731,0.0
2019-12-19 20:00:00+00:00,1049.6872,564.3750458,75.85175125,485.30847950000003,0.0
2019-12-19 21:00:00+00:00,959.8760987000001,488.0171128,69.38924592,471.9388345,0.0
2019-12-19 22:00:00+00:00,884.9273223,480.7159703,73.73318667,404.18575280000005,0.0
2019-12-19 23:00:00+00:00,840.1279602,479.4804817,74.29203808,360.65329360000004,0.0
2019-12-20 00:00:00+00:00,817.4676716,498.6205165,95.89843242,318.89255627,0.0
2019-12-20 01:00:00+00:00,805.7878773,511.8223749,108.653412,293.84923525,0.0
2019-12-20 02:00:00+00:00,808.8289795,523.6919251,123.9396311,285.11280275,0.0
2019-12-20 03:00:00+00:00,837.5149792,515.5917664,114.5042197,321.80249015,0.0
2019-12-20 04:00:00+00:00,941.1708018,587.9869792,126.0100199,353.24113771000003,0.0
2019-12-20 05:00:00+00:00,1086.949254,667.6212922,118.9896038,419.43300380000005,0.0
2019-12-20 06:00:00+00:00,1215.997457,687.207555,122.3514798,528.73665052,0.0
2019-12-20 07:00:00+00:00,1241.582174,677.3579966,117.1357136,564.41312217,0.0
2019-12-20 08:00:00+00:00,1233.18514,658.2207234,97.00430433,574.9903338,0.0
2019-12-20 09:00:00+00:00,1221.917175,649.0803934,92.79612342,572.6983203,0.0
2019-12-20 10:00:00+00:00,1195.859233,613.9067792,76.53090533,581.9029884,0.0
2019-12-20 11:00:00+00:00,1200.313192,618.0893758,78.29133167,582.36297672,0.0
2019-12-20 12:00:00+00:00,1190.122009,596.1653138,68.68157708,594.02483933,0.0
2019-12-20 13:00:00+00:00,1205.64622,591.789561,59.74034658,613.9621891,0.0
2019-12-20 14:00:00+00:00,1240.316966,592.042755,50.58908917,648.3497915,0.0
2019-12-20 15:00:00+00:00,1214.058105,611.5933786,63.41462783,602.4114322300001,0.0
2019-12-20 16:00:00+00:00,1174.29601,632.2045799,87.52269183,542.14439007,0.0
2019-12-20 17:00:00+00:00,1144.573924,656.542979,94.30958875,487.98483145,0.0
2019-12-20 18:00:00+00:00,1114.903982,611.9495189,100.1018843,503.15393530000006,0.0
2019-12-20 19:00:00+00:00,1066.272898,539.5109506,96.04600467,526.8071233000001,0.0
2019-12-20 20:00:00+00:00,995.3751323,483.3649825,68.67915275,512.0001019000001,0.0
2019-12-20 21:00:00+00:00,924.2673291,492.5502854,72.4666595,431.66843489999997,0.0
2019-12-20 22:00:00+00:00,852.9644419,469.2487488,65.50429067,383.76157880000005,0.0
2019-12-20 23:00:00+00:00,816.5518595,483.6013872,73.89245358,332.90279082999996,0.0
2019-12-21 00:00:00+00:00,794.3946992,474.9922994,66.36585417,319.4030127,0.0
2019-12-21 01:00:00+00:00,780.1771089,469.4697317,61.29171283,310.69800193000003,0.0
2019-12-21 02:00:00+00:00,775.5046998,472.4053014,67.96577383,303.13481465,0.0
2019-12-21 03:00:00+00:00,784.9408976,483.5071132,76.47485033,301.39055812000004,0.0
2019-12-21 04:00:00+00:00,820.6974743,487.1839981,77.065801,333.55614169999996,0.0
2019-12-21 05:00:00+00:00,883.3935243,502.6290715,88.29680308,380.7858017000001,0.0
2019-12-21 06:00:00+00:00,963.8068034,513.9215468,97.93686667,449.93847489999996,0.0
2019-12-21 07:00:00+00:00,1015.866328,518.6114884,102.6557725,497.36266680000006,0.0
2019-12-21 08:00:00+00:00,1051.509593,525.5985312,108.6102785,525.9148452,0.0
2019-12-21 09:00:00+00:00,1068.580963,517.9134217,101.0228685,550.7150792999998,0.0
2019-12-21 10:00:00+00:00,1066.395355,514.8798344,98.72734592,551.5741005,0.0
2019-12-21 11:00:00+00:00,1066.046804,497.4286575,79.9012205,568.5822172000001,0.0
2019-12-21 12:00:00+00:00,1067.528341,489.1049143,72.75678958,578.5247033999999,0.0
2019-12-21 13:00:00+00:00,1093.832723,490.7452748,72.40234767,603.1711760000001,0.0
2019-12-21 14:00:00+00:00,1129.445129,487.2242761,65.6459945,642.2962435000002,0.0
2019-12-21 15:00:00+00:00,1120.608063,479.2209601,57.01171908,641.4499068,0.0
2019-12-21 16:00:00+00:00,1098.501902,475.1862513,53.55352992,623.329428,0.0
2019-12-21 17:00:00+00:00,1070.81957,465.1021601,43.43880367,605.7764702,0.0
2019-12-21 18:00:00+00:00,1039.170431,457.8206483,39.66965292,581.2263854,0.0
2019-12-21 19:00:00+00:00,997.5133567,447.3038076,32.97896333,550.1984536,0.0
2019-12-21 20:00:00+00:00,943.1433664,448.6471989,34.98089092,494.6468905,0.0
2019-12-21 21:00:00+00:00,889.3101349,454.2341588,37.89832333,435.12028439999995,0.0
2019-12-21 22:00:00+00:00,834.7784678,451.057986,36.69841183,383.8355701000001,0.0
2019-12-21 23:00:00+00:00,792.5280914,452.7204284,39.055837,339.83012109999993,0.0
2019-12-22 00:00:00+00:00,772.9147693,453.1407954,40.17907675,319.8277928,0.0
2019-12-22 01:00:00+00:00,760.2231546,461.7659429,48.35604033,298.5031245,0.0
2019-12-22 02:00:00+00:00,752.7849986,444.6557363,37.33064875,308.15496029999997,0.0
2019-12-22 03:00:00+00:00,753.0694835,441.3695628,39.98038292,311.73755279999995,0.0
2019-12-22 04:00:00+00:00,779.403183,440.3383025,41.1035905,339.1580406,0.0
2019-12-22 05:00:00+00:00,841.9362182,455.5744476,41.94980958,386.3471265,0.0
2019-12-22 06:00:00+00:00,913.3307699,453.6862616,38.12199025,459.7072387,0.0
2019-12-22 07:00:00+00:00,960.7271627,445.3806558,32.87037825,515.4289022,0.0
2019-12-22 08:00:00+00:00,994.7571311,451.2739996,38.883133,543.4218834,0.0
2019-12-22 09:00:00+00:00,1012.233617,457.2141597,44.9884295,555.0204466999999,0.0
2019-12-22 10:00:00+00:00,1012.708593,453.2603558,38.90481533,559.4296584,0.0
2019-12-22 11:00:00+00:00,1007.842921,450.6006496,37.89256133,557.4201701999999,0.0
2019-12-22 12:00:00+00:00,1012.076258,445.4042359,32.16012458,566.6128972,0.0
2019-12-22 13:00:00+00:00,1035.200333,434.6215566,20.39219842,600.5614618000001,0.0
2019-12-22 14:00:00+00:00,1074.658162,431.6186752,13.31540575,643.1138639,0.0
2019-12-22 15:00:00+00:00,1077.768097,428.3844248,8.873662333,649.3763351,0.0
2019-12-22 16:00:00+00:00,1067.249959,427.378334,8.787707667,639.9412689,0.0
2019-12-22 17:00:00+00:00,1046.815135,426.8348618,6.632632417,619.9796304000001,0.0
2019-12-22 18:00:00+00:00,1014.057729,427.7680562,8.88996475,586.2444069000001,0.0
2019-12-22 19:00:00+00:00,968.4080252,423.1216657,6.161739167,545.3318671000001,0.0
2019-12-22 20:00:00+00:00,914.2641908,416.2919768,4.624790333,497.9703482,0.0
2019-12-22 21:00:00+00:00,857.981191,417.4673133,5.218266333,440.59522100000004,0.0
2019-12-22 22:00:00+00:00,802.4805908,417.8995261,6.08916425,384.56719619999996,0.0
2019-12-22 23:00:00+00:00,760.1045735,418.9440155,6.3296561669999996,341.12524399999995,0.0
2019-12-23 00:00:00+00:00,737.8947348,414.2177023,5.618792917,323.68713020000007,0.0
2019-12-23 01:00:00+00:00,726.366679,416.7503762,7.039754,309.68948090000004,0.0
2019-12-23 02:00:00+00:00,732.6535849,421.8850352,12.84325933,310.7279933,0.0
2019-12-23 03:00:00+00:00,749.1806945,411.1661326,12.51856675,337.98912470000005,0.0
2019-12-23 04:00:00+00:00,815.9404856,415.1928533,14.440918,400.7986999,0.0
2019-12-23 05:00:00+00:00,902.898529,473.27432,14.69574108,429.68598203,0.0
2019-12-23 06:00:00+00:00,1011.040619,562.5550588,16.82666308,448.51592860000005,0.0
2019-12-23 07:00:00+00:00,1057.48051,557.3068848,11.15020375,500.1763621,0.0
2019-12-23 08:00:00+00:00,1080.327484,538.8823089,8.052043333,541.4634206000001,0.0
2019-12-23 09:00:00+00:00,1082.311218,541.6967671,12.8040305,540.6271667,0.0
2019-12-23 10:00:00+00:00,1080.415049,545.6425629,12.6170235,534.797686,0.0
2019-12-23 11:00:00+00:00,1065.086995,550.1873273,9.1305555,514.8191381,0.0
2019-12-23 12:00:00+00:00,1041.387502,537.4423929,14.00170125,503.9697025800001,0.0
2019-12-23 13:00:00+00:00,1062.79069,527.170339,19.15344842,535.6075781300001,0.0
2019-12-23 14:00:00+00:00,1099.008555,560.8391113,26.61755258,538.2690426329999,0.0
2019-12-23 15:00:00+00:00,1087.565481,566.8809967,22.42609608,520.7881611,0.0
2019-12-23 16:00:00+00:00,1066.837341,572.8248087,14.82348467,494.09747376999997,0.0
2019-12-23 17:00:00+00:00,1036.599676,583.3751528,14.29038542,453.20636833000003,0.0
2019-12-23 18:00:00+00:00,1006.523911,509.2205708,15.90513225,497.2514428,0.0
2019-12-23 19:00:00+00:00,965.8781688,436.7837271,8.613857,529.1380078999998,0.0
2019-12-23 20:00:00+00:00,900.2135824,435.827975,9.094938833,464.4447574,0.0
2019-12-23 21:00:00+00:00,849.5814616,434.5223211,8.355636333,415.0915297,0.0
2019-12-23 22:00:00+00:00,798.0408834,434.3252843,7.183950667,363.7018591000001,0.0
2019-12-23 23:00:00+00:00,749.3877563,431.0660655,7.265105417,318.28462399999995,0.0
2019-12-24 00:00:00+00:00,723.4302318,427.646459,6.2381025,295.7926104200001,0.0
2019-12-24 01:00:00+00:00,711.3993988,428.286466,6.870018667,283.09864687999993,0.0
2019-12-24 02:00:00+00:00,708.0732117,423.8417156,6.625119,284.17929088,0.0
2019-12-24 03:00:00+00:00,720.9352163,427.816152,7.88488075,293.11438823000003,0.0
2019-12-24 04:00:00+00:00,762.5863343,433.9214223,6.53718625,328.8068825000001,0.0
2019-12-24 05:00:00+00:00,809.8777924,437.1197002,8.327309917,372.80071109999994,0.0
2019-12-24 06:00:00+00:00,877.8079478,442.3051605,10.95347575,435.52658343,0.0
2019-12-24 07:00:00+00:00,915.7019958,438.0588252,10.9542,477.65044668,0.0
2019-12-24 08:00:00+00:00,956.8188883,437.0345128,12.23446275,519.83103417,0.0
2019-12-24 09:00:00+00:00,975.0073444,429.3070221,15.30384942,545.6647641,0.0
2019-12-24 10:00:00+00:00,993.6137085,427.8855718,16.95205433,565.7864950999999,0.0
2019-12-24 11:00:00+00:00,1004.156413,481.25335689999997,16.37102675,522.84517883,0.0
2019-12-24 12:00:00+00:00,1009.5286,560.8158773,13.70722242,448.71014047000006,0.0
2019-12-24 13:00:00+00:00,1036.734929,581.920873,15.19679217,454.83077474999993,0.0
2019-12-24 14:00:00+00:00,1070.999451,586.0940958,14.71415933,484.94874330000005,0.0
2019-12-24 15:00:00+00:00,1046.850372,582.3297678,11.38654458,464.54820289,0.0
2019-12-24 16:00:00+00:00,985.9530233,489.4963024,8.558557833,496.4567296,0.0
2019-12-24 17:00:00+00:00,932.7285614,298.1693649,7.837044667,634.562562867,0.0
2019-12-24 18:00:00+00:00,901.5575206,297.6452433,6.5700715,603.8596412999999,0.0
2019-12-24 19:00:00+00:00,892.6328785,289.2161866,5.695716083,603.4484186999999,0.0
2019-12-24 20:00:00+00:00,867.8384196,283.5656537,4.814579417,584.2737015,0.0
2019-12-24 21:00:00+00:00,833.2339478,288.6035894,4.32043475,544.6799257,0.0
2019-12-24 22:00:00+00:00,795.3302714,287.4238587,3.877474083,507.8401125,0.0
2019-12-24 23:00:00+00:00,750.7765706,293.9060366,8.665010917,457.1265930999999,0.0
2019-12-25 00:00:00+00:00,723.845754,296.246554,13.90847725,427.59891862999996,0.0
2019-12-25 01:00:00+00:00,713.5837858,290.3461737,13.63567058,423.24887855,0.0
2019-12-25 02:00:00+00:00,707.6592459,284.8393377,11.08909317,422.81989208,0.0
2019-12-25 03:00:00+00:00,717.1703238,280.2641857,6.529743583,436.89098908,0.0
2019-12-25 04:00:00+00:00,750.8197785,285.2556559,5.526269583,465.7068241000001,0.0
2019-12-25 05:00:00+00:00,785.0014496,287.0767264,7.564739583,497.97673333,0.0
2019-12-25 06:00:00+00:00,837.5062713,290.1657867,11.90167208,547.353002,0.0
2019-12-25 07:00:00+00:00,870.500356,293.357928,14.9088745,577.0701828,0.0
2019-12-25 08:00:00+00:00,909.3069609,292.5946198,14.69169933,616.7927432199999,0.0
2019-12-25 09:00:00+00:00,929.4503327,287.9818903,13.37004708,641.5510204,0.0
2019-12-25 10:00:00+00:00,930.1079203,274.9883015,17.93924242,655.121881,0.0
2019-12-25 11:00:00+00:00,939.8707787,295.0665309,26.400137,644.82015091,0.0
2019-12-25 12:00:00+00:00,942.2549336,306.5406342,35.72666475,635.7188502199999,0.0
2019-12-25 13:00:00+00:00,975.5100912,306.4291814,30.19437217,669.0205077,0.0
2019-12-25 14:00:00+00:00,1006.085795,296.5491231,26.04121133,709.6585306999999,0.0
2019-12-25 15:00:00+00:00,1008.601247,310.6998214,28.51029833,697.9546468,0.0
2019-12-25 16:00:00+00:00,965.6039278,285.0783819,23.26586283,680.5165565000001,0.0
2019-12-25 17:00:00+00:00,959.9124705,299.6140721,24.87140308,660.46403662,0.0
2019-12-25 18:00:00+00:00,941.0846609,293.7823843,21.78193117,647.3474466000001,0.0
2019-12-25 19:00:00+00:00,913.6496126,292.1979497,24.05965192,621.5302922000001,0.0
2019-12-25 20:00:00+00:00,877.9630839,290.8030472,23.31902517,587.1985164,0.0
2019-12-25 21:00:00+00:00,839.0770825,295.0528235,23.2870035,544.1215399,0.0
2019-12-25 22:00:00+00:00,785.7315217,281.7309748,17.5654495,504.0040785,0.0
2019-12-25 23:00:00+00:00,753.9996948,278.1009014,18.05752125,475.8574298,0.0
2019-12-26 00:00:00+00:00,734.9668834,275.7531229,22.23070667,459.22314555,0.0
2019-12-26 01:00:00+00:00,726.8653563,277.3730824,15.7330945,449.56498916999993,0.0
2019-12-26 02:00:00+00:00,728.0778198,280.5347035,21.21543958,447.55500012,0.0
2019-12-26 03:00:00+00:00,746.3587748,290.9483565,23.24846775,455.47007418,0.0
2019-12-26 04:00:00+00:00,783.863154,302.8032379,28.48511458,481.1605364,0.0
2019-12-26 05:00:00+00:00,826.9568228,302.3803177,27.84481858,524.6108064499999,0.0
2019-12-26 06:00:00+00:00,886.1369986,305.1718342,31.03367142,580.99522567,0.0
2019-12-26 07:00:00+00:00,923.0836588,300.5756787,27.49912317,622.46963952,0.0
2019-12-26 08:00:00+00:00,967.2270253,299.8264949,22.59887192,667.4253627,0.0
2019-12-26 09:00:00+00:00,989.930776,300.6517588,22.510138,689.3312183,0.0
2019-12-26 10:00:00+00:00,997.8266296,295.689621,16.43870325,702.1215945999999,0.0
2019-12-26 11:00:00+00:00,999.8697,289.8022409,15.32866158,710.04512335,0.0
2019-12-26 12:00:00+00:00,998.6515961,300.1292675,20.81885633,698.67546971,0.0
2019-12-26 13:00:00+00:00,1031.958044,303.4008943,22.99598708,728.5233079999999,0.0
2019-12-26 14:00:00+00:00,1079.058777,310.5486145,28.37517142,768.71531567,0.0
2019-12-26 15:00:00+00:00,1067.72993,319.0283179,35.49222392,748.692300667,0.0
2019-12-26 16:00:00+00:00,1052.372752,313.9088338,43.84966092,738.4463058,0.0
2019-12-26 17:00:00+00:00,1027.371618,329.7978898,50.907457,697.5771909,0.0
2019-12-26 18:00:00+00:00,1003.432836,318.3303604,39.75998775,685.1742918,0.0
2019-12-26 19:00:00+00:00,973.167638,320.5014701,37.45987742,652.6745176999999,0.0
2019-12-26 20:00:00+00:00,925.9632112,322.8385393,37.82788575,603.2271917,0.0
2019-12-26 21:00:00+00:00,874.6069692,321.550443,37.36110317,553.0646776000001,0.0
2019-12-26 22:00:00+00:00,825.7245737,331.1328405,44.20384208,494.5726398,0.0
2019-12-26 23:00:00+00:00,791.5329896,341.9774551,60.50032683,449.6983248,0.0
2019-12-27 00:00:00+00:00,759.5702006,328.6672872,55.33120958,430.87253878,0.0
2019-12-27 01:00:00+00:00,752.5461375,332.7997692,59.51562908,419.70126063,0.0
2019-12-27 02:00:00+00:00,756.9281667,338.0057323,67.31620567,418.996108067,0.0
2019-12-27 03:00:00+00:00,771.3526458,348.5803273,82.39517975,422.79908459999996,0.0
2019-12-27 04:00:00+00:00,850.9515687,371.2630361,91.81065492,479.76628185000004,0.0
2019-12-27 05:00:00+00:00,926.5260773,375.9061151,103.0442524,550.6711276999999,0.0
2019-12-27 06:00:00+00:00,1031.109614,387.0536168,111.3917421,644.1158949,0.0
2019-12-27 07:00:00+00:00,1071.933207,397.3952357,123.5093283,674.5482738300001,0.0
2019-12-27 08:00:00+00:00,1106.026927,402.8825556,128.0579823,703.16157822,0.0
2019-12-27 09:00:00+00:00,1121.889394,407.7532551,133.6763973,714.1873735,0.0
2019-12-27 10:00:00+00:00,1127.21051,417.0096588,145.783521,710.2783257,0.0
2019-12-27 11:00:00+00:00,1143.47993,429.3544565,153.7919349,714.12377853,0.0
2019-12-27 12:00:00+00:00,1150.974325,409.2316335,143.3009058,741.77952683,0.0
2019-12-27 13:00:00+00:00,1169.883525,402.8703488,138.1135864,767.1074454,0.0
2019-12-27 14:00:00+00:00,1198.807261,420.6946487,150.9757653,778.1609931,0.0
2019-12-27 15:00:00+00:00,1186.866608,421.2290981,147.5874073,765.6027174999999,0.0
2019-12-27 16:00:00+00:00,1167.445007,426.9807026,149.9430543,740.42882968,0.0
2019-12-27 17:00:00+00:00,1130.502482,437.1067811,161.1717388,693.4975033000001,0.0
2019-12-27 18:00:00+00:00,1095.374379,432.2994132,160.1618448,663.1769291700001,0.0
2019-12-27 19:00:00+00:00,1043.310593,544.0284348,162.4173432,499.2821566,0.0
2019-12-27 20:00:00+00:00,974.8556111,537.1102701,156.8684133,437.7453905,0.0
2019-12-27 21:00:00+00:00,924.4723308,512.8530579,141.7734287,411.6019676,0.0
2019-12-27 22:00:00+00:00,875.6580607,431.4618557,158.0479737,444.19624699999997,0.0
2019-12-27 23:00:00+00:00,831.9795888,399.850235,156.1213798,432.1293588000001,0.0
2019-12-28 00:00:00+00:00,809.9714355,409.5218149,167.5430501,400.4496159,0.0
2019-12-28 01:00:00+00:00,796.3404389,423.0034663,165.6050592,373.33698130000005,0.0
2019-12-28 02:00:00+00:00,797.6671448,418.4664306,160.492761,379.1966129300001,0.0
2019-12-28 03:00:00+00:00,810.5316061,479.5027109,159.1607247,331.02894804999994,0.0
2019-12-28 04:00:00+00:00,844.3440196,511.978274,146.3064779,332.3657504,0.0
2019-12-28 05:00:00+00:00,893.9092457,546.369812,134.9581578,347.53942600000005,0.0
2019-12-28 06:00:00+00:00,959.6756388,561.5836843,122.4082465,398.0858279000001,0.0
2019-12-28 07:00:00+00:00,998.8854165,528.1977107,103.7231535,470.68768409999996,0.0
2019-12-28 08:00:00+00:00,1049.29188,510.9014817,91.75009792,538.3904388,0.0
2019-12-28 09:00:00+00:00,1070.646372,517.1210022,79.53803183,553.5253671,0.0
2019-12-28 10:00:00+00:00,1068.382833,486.8372293,61.44278608,581.5455906999999,0.0
2019-12-28 11:00:00+00:00,1074.612396,502.4118347,46.20903233,572.2076989999999,0.0
2019-12-28 12:00:00+00:00,1074.085175,452.7098693,27.72943258,621.3225923,0.0
2019-12-28 13:00:00+00:00,1096.114634,422.7049129,25.04423733,673.4025458,0.0
2019-12-28 14:00:00+00:00,1156.933736,473.609108,24.6050495,683.0136328,0.0
2019-12-28 15:00:00+00:00,1162.553823,508.1694871,17.13152725,654.3761492000001,0.0
2019-12-28 16:00:00+00:00,1147.558655,522.0873718,17.69449442,625.4712348,0.0
2019-12-28 17:00:00+00:00,1128.243774,539.1777753,13.94399167,589.0482367000001,0.0
2019-12-28 18:00:00+00:00,1102.477397,503.5823161,9.231524833,598.8950526,0.0
2019-12-28 19:00:00+00:00,1071.131215,449.5740864,4.139468083,621.5571155,0.0
2019-12-28 20:00:00+00:00,1019.757197,499.8909555,3.616003917,519.8662363000001,0.0
2019-12-28 21:00:00+00:00,963.5754344,526.7101389,6.39963525,436.8653196,0.0
2019-12-28 22:00:00+00:00,910.7593383,570.9270325,9.718324917,339.83230729999997,0.0
2019-12-28 23:00:00+00:00,871.5815175,461.7095845,15.69884333,409.8719275,0.0
2019-12-29 00:00:00+00:00,844.5960033,429.0034383,19.28765158,415.59936050000005,0.0
2019-12-29 01:00:00+00:00,832.384257,432.4548518,31.16924108,399.92941709999997,0.0
2019-12-29 02:00:00+00:00,830.8280487,444.7745514,46.55239108,386.0534974000001,0.0
2019-12-29 03:00:00+00:00,840.4712169,472.3471806,73.51104392,368.12710430000004,0.0
2019-12-29 04:00:00+00:00,872.0888875,482.6179632,77.92091825,389.45764399999996,0.0
2019-12-29 05:00:00+00:00,911.9665578,505.9713671,101.6277009,405.9952164000001,0.0
2019-12-29 06:00:00+00:00,965.5730387,544.1954753,138.2228641,421.43487970000007,0.0
2019-12-29 07:00:00+00:00,999.2199097,572.555074,170.8544934,426.66484840000004,0.0
2019-12-29 08:00:00+00:00,1043.535406,602.7875315,198.2874793,440.74481679999997,0.0
2019-12-29 09:00:00+00:00,1060.717,611.5228779,207.7714767,449.19413360000004,0.0
2019-12-29 10:00:00+00:00,1061.065715,617.4545543,210.9924253,443.4370198,0.0
2019-12-29 11:00:00+00:00,1062.57958,637.6476643,231.1240158,424.9247495000001,0.0
2019-12-29 12:00:00+00:00,1069.838369,653.772934,242.9091493,416.06545550000004,0.0
2019-12-29 13:00:00+00:00,1085.657206,654.562266,243.0043158,431.09491850000006,0.0
2019-12-29 14:00:00+00:00,1144.294037,673.2771403,255.257717,471.03326860000004,0.0
2019-12-29 15:00:00+00:00,1140.834015,668.6296388,254.0800679,472.1777979000001,0.0
2019-12-29 16:00:00+00:00,1122.26826,656.5591278,242.8397625,465.6661742,0.0
2019-12-29 17:00:00+00:00,1106.026937,655.0746817,236.5800553,450.9553302,0.0
2019-12-29 18:00:00+00:00,1071.061819,645.3710683,225.9976998,425.6907368,0.0
2019-12-29 19:00:00+00:00,1031.702733,652.7864428,230.6597888,378.96030949999994,0.0
2019-12-29 20:00:00+00:00,972.796763,666.6011402,247.3431486,306.19460849999996,0.0
2019-12-29 21:00:00+00:00,906.1547192,670.6452025,246.2523372,235.50131184999998,0.0
2019-12-29 22:00:00+00:00,845.703832,661.7840474,239.5337104,183.91974230000005,0.0
2019-12-29 23:00:00+00:00,803.881902,655.8274433,221.5862846,148.05034567999996,0.0
2019-12-30 00:00:00+00:00,775.6869151,650.8639375,207.1610235,124.82293099999998,0.0
2019-12-30 01:00:00+00:00,769.0207265,624.2675679,205.9359233,144.75314470000004,0.0
2019-12-30 02:00:00+00:00,768.1376598,625.2433218,214.3163833,142.8942932,0.0
2019-12-30 03:00:00+00:00,792.0896912,618.1362151,199.783736,173.9821344,0.0
2019-12-30 04:00:00+00:00,856.0854951,609.5518445,184.161096,246.53362173,0.0
2019-12-30 05:00:00+00:00,946.6858217,603.6787618,183.6933224,342.99885057000006,0.0
2019-12-30 06:00:00+00:00,1043.574158,606.1928558,185.8706576,437.38540543000005,0.0
2019-12-30 07:00:00+00:00,1088.444468,616.825358,205.7596906,471.60474715,0.0
2019-12-30 08:00:00+00:00,1103.619293,648.6223653,214.6354587,454.99690967,0.0
2019-12-30 09:00:00+00:00,1126.01058,627.3142649,200.7017784,498.69627879999996,0.0
2019-12-30 10:00:00+00:00,1124.66805,642.6660766,213.0059814,481.99375729999997,0.0
2019-12-30 11:00:00+00:00,1130.213359,649.8591409,221.1355539,480.35421313,0.0
2019-12-30 12:00:00+00:00,1127.737264,663.3752747,238.197581,464.36198763,0.0
2019-12-30 13:00:00+00:00,1155.080841,670.2893269,242.4861933,484.77717568,0.0
2019-12-30 14:00:00+00:00,1170.666494,673.4518688,237.2886442,497.21871726999996,0.0
2019-12-30 15:00:00+00:00,1147.818136,654.4117992,220.0708809,493.41553318,0.0
2019-12-30 16:00:00+00:00,1125.941762,607.5924277,199.4959538,518.34931757,0.0
2019-12-30 17:00:00+00:00,1104.958791,635.2940318,206.9155058,469.66470978,0.0
2019-12-30 18:00:00+00:00,1073.582794,561.5797195,219.1849442,511.9800609,0.0
2019-12-30 19:00:00+00:00,1034.27772,513.6777623,222.9276874,520.6838782,0.0
2019-12-30 20:00:00+00:00,969.2539674,497.5852839,229.5141983,471.66560472,0.0
2019-12-30 21:00:00+00:00,898.7570953,527.0453135,231.7534408,371.74142324999997,0.0
2019-12-30 22:00:00+00:00,840.823288,523.5383657,228.7784678,317.25727300000005,0.0
2019-12-30 23:00:00+00:00,804.5257926,518.5709279,223.8118008,285.76960770000005,0.0
2019-12-31 00:00:00+00:00,779.578181,494.7589671,205.2749622,284.80184099999997,0.0
2019-12-31 01:00:00+00:00,753.2602946,474.7962952,192.7971368,278.46707421,0.0
2019-12-31 02:00:00+00:00,740.7314098,453.4937108,176.8287329,287.2090591,0.0
2019-12-31 03:00:00+00:00,749.7303925,430.8483836,165.3714893,318.9055607,0.0
2019-12-31 04:00:00+00:00,807.8228404,424.4048361,159.7005082,383.41904265000005,0.0
2019-12-31 05:00:00+00:00,874.7801159,436.6815618,174.794974,438.25819558,0.0
2019-12-31 06:00:00+00:00,950.5806274,453.5568392,186.0769577,497.06882013300003,0.0
2019-12-31 07:00:00+00:00,980.8384653,463.6031545,197.6071422,517.2353511499999,0.0
2019-12-31 08:00:00+00:00,1018.068141,467.9662172,203.0652008,550.10496802,0.0
2019-12-31 09:00:00+00:00,1030.208547,486.9976198,222.0315247,543.2078391999999,0.0
2019-12-31 10:00:00+00:00,1026.061025,508.9872766,242.9844387,517.0598508,0.0
2019-12-31 11:00:00+00:00,1023.25944,528.3266677,243.7141075,494.94606347,0.0
2019-12-31 12:00:00+00:00,1033.942393,507.4841233,238.9885293,526.45829793,0.0
2019-12-31 13:00:00+00:00,1066.047882,514.2001242,249.9051184,551.8364405,0.0
2019-12-31 14:00:00+00:00,1137.148641,575.1980031,249.9890378,561.9516813,0.0
2019-12-31 15:00:00+00:00,1136.723958,636.6605173,239.6451073,500.06346,0.0
2019-12-31 16:00:00+00:00,1094.03004,635.0872041,235.1453388,458.94284297999997,0.0
2019-12-31 17:00:00+00:00,1032.286591,630.6149699,227.5513864,401.668566217,0.0
2019-12-31 18:00:00+00:00,972.5508423,500.3538843,179.9079565,472.1437579799999,0.0
2019-12-31 19:00:00+00:00,926.4909108,404.4405086,148.2180029,522.0616619,0.0
2019-12-31 20:00:00+00:00,893.7305401,368.4794057,104.4472867,525.2429443000001,0.0
2019-12-31 21:00:00+00:00,859.1543986,388.1435495,117.555364,471.01084749999995,0.0
